"STATION","NAME","LATITUDE","LONGITUDE","ELEVATION","DATE","TAVG","TAVG_ATTRIBUTES","TMAX","TMAX_ATTRIBUTES","TMIN","TMIN_ATTRIBUTES"
"DRM00078458","PUERTO PLATA, DR","19.75","-70.55","5.0","2000-01-04","76","H,,S","83",",,S","66",",,S"
"DRM00078458","PUERTO PLATA, DR","19.75","-70.55","5.0","2000-01-05","73","H,,S","83",",,S","67",",,S"
"DRM00078458","PUERTO PLATA, DR","19.75","-70.55","5.0","2000-01-07","76","H,,S","81",",,S","67",",,S"
"DRM00078458","PUERTO PLATA, DR","19.75","-70.55","5.0","2000-01-08","76","H,,S","82",",,S","67",",,S"
"DRM00078458","PUERTO PLATA, DR","19.75","-70.55","5.0","2000-01-09","78","H,,S",,,,
"DRM00078458","PUERTO PLATA, DR","19.75","-70.55","5.0","2000-01-10","76","H,,S","84",",,S","67",",,S"
"DRM00078458","PUERTO PLATA, DR","19.75","-70.55","5.0","2000-01-11","77","H,,S","85",",,S","67",",,S"
"DRM00078458","PUERTO PLATA, DR","19.75","-70.55","5.0","2000-01-12","73","H,,S","84",",,S","67",",,S"
"DRM00078458","PUERTO PLATA, DR","19.75","-70.55","5.0","2000-01-13","72","H,,S",,,,
"DRM00078458","PUERTO PLATA, DR","19.75","-70.55","5.0","2000-01-14","75","H,,S","82",",,S","65",",,S"
"DRM00078458","PUERTO PLATA, DR","19.75","-70.55","5.0","2000-01-16","71","H,,S","76",",,S","64",",,S"
"DRM00078458","PUERTO PLATA, DR","19.75","-70.55","5.0","2000-01-17","74","H,,S",,,,
"DRM00078458","PUERTO PLATA, DR","19.75","-70.55","5.0","2000-01-20","73","H,,S","80",",,S","59",",,S"
"DRM00078458","PUERTO PLATA, DR","19.75","-70.55","5.0","2000-01-21","80","H,,S",,,,
"DRM00078458","PUERTO PLATA, DR","19.75","-70.55","5.0","2000-01-23","76","H,,S","83",",,S","64",",,S"
"DRM00078458","PUERTO PLATA, DR","19.75","-70.55","5.0","2000-01-24","77","H,,S",,,,
"DRM00078458","PUERTO PLATA, DR","19.75","-70.55","5.0","2000-01-25","76","H,,S",,,,
"DRM00078458","PUERTO PLATA, DR","19.75","-70.55","5.0","2000-01-26","76","H,,S",,,,
"DRM00078458","PUERTO PLATA, DR","19.75","-70.55","5.0","2000-01-28","74","H,,S",,,,
"DRM00078458","PUERTO PLATA, DR","19.75","-70.55","5.0","2000-01-29","77","H,,S","83",",,S","65",",,S"
"DRM00078458","PUERTO PLATA, DR","19.75","-70.55","5.0","2000-01-30","74","H,,S","83",",,S","63",",,S"
"DRM00078458","PUERTO PLATA, DR","19.75","-70.55","5.0","2000-01-31","76","H,,S","84",",,S","63",",,S"
"DRM00078458","PUERTO PLATA, DR","19.75","-70.55","5.0","2000-02-01","76","H,,S","85",",,S","60",",,S"
"DRM00078458","PUERTO PLATA, DR","19.75","-70.55","5.0","2000-02-02","76","H,,S","84",",,S","60",",,S"
"DRM00078458","PUERTO PLATA, DR","19.75","-70.55","5.0","2000-02-03","77","H,,S","86",",,S","63",",,S"
"DRM00078458","PUERTO PLATA, DR","19.75","-70.55","5.0","2000-02-04","77","H,,S","82",",,S","63",",,S"
"DRM00078458","PUERTO PLATA, DR","19.75","-70.55","5.0","2000-02-05","76","H,,S","85",",,S","63",",,S"
"DRM00078458","PUERTO PLATA, DR","19.75","-70.55","5.0","2000-02-06","76","H,,S","85",",,S","67",",,S"
"DRM00078458","PUERTO PLATA, DR","19.75","-70.55","5.0","2000-02-07","76","H,,S","83",",,S","68",",,S"
"DRM00078458","PUERTO PLATA, DR","19.75","-70.55","5.0","2000-02-08","80","H,,S",,,,
"DRM00078458","PUERTO PLATA, DR","19.75","-70.55","5.0","2000-02-09","77","H,,S","84",",,S","63",",,S"
"DRM00078458","PUERTO PLATA, DR","19.75","-70.55","5.0","2000-02-10","76","H,,S","87",",,S","63",",,S"
"DRM00078458","PUERTO PLATA, DR","19.75","-70.55","5.0","2000-02-16","80","H,,S","87",",,S","63",",,S"
"DRM00078458","PUERTO PLATA, DR","19.75","-70.55","5.0","2000-02-17","77","H,,S","87",",,S","62",",,S"
"DRM00078458","PUERTO PLATA, DR","19.75","-70.55","5.0","2000-02-21","80","H,,S","84",",,S","63",",,S"
"DRM00078458","PUERTO PLATA, DR","19.75","-70.55","5.0","2000-02-22","77","H,,S","85",",,S","63",",,S"
"DRM00078458","PUERTO PLATA, DR","19.75","-70.55","5.0","2000-02-23","76","H,,S","85",",,S","63",",,S"
"DRM00078458","PUERTO PLATA, DR","19.75","-70.55","5.0","2000-02-24","76","H,,S",,,,
"DRM00078458","PUERTO PLATA, DR","19.75","-70.55","5.0","2000-02-25","76","H,,S","82",",,S","65",",,S"
"DRM00078458","PUERTO PLATA, DR","19.75","-70.55","5.0","2000-02-26","74","H,,S","81",",,S","64",",,S"
"DRM00078458","PUERTO PLATA, DR","19.75","-70.55","5.0","2000-02-29","75","H,,S","81",",,S","60",",,S"
"DRM00078458","PUERTO PLATA, DR","19.75","-70.55","5.0","2000-03-01","76","H,,S","82",",,S","60",",,S"
"DRM00078458","PUERTO PLATA, DR","19.75","-70.55","5.0","2000-03-02","75","H,,S","82",",,S","61",",,S"
"DRM00078458","PUERTO PLATA, DR","19.75","-70.55","5.0","2000-03-03","75","H,,S","81",",,S","59",",,S"
"DRM00078458","PUERTO PLATA, DR","19.75","-70.55","5.0","2000-03-05","76","H,,S","86",",,S","59",",,S"
"DRM00078458","PUERTO PLATA, DR","19.75","-70.55","5.0","2000-03-06","78","H,,S","85",",,S","61",",,S"
"DRM00078458","PUERTO PLATA, DR","19.75","-70.55","5.0","2000-03-07","73","H,,S","86",",,S","63",",,S"
"DRM00078458","PUERTO PLATA, DR","19.75","-70.55","5.0","2000-03-08","75","H,,S","83",",,S","63",",,S"
"DRM00078458","PUERTO PLATA, DR","19.75","-70.55","5.0","2000-03-09","74","H,,S","83",",,S","64",",,S"
"DRM00078458","PUERTO PLATA, DR","19.75","-70.55","5.0","2000-03-10","71","H,,S",,,,
"DRM00078458","PUERTO PLATA, DR","19.75","-70.55","5.0","2000-03-11","77","H,,S","83",",,S","62",",,S"
"DRM00078458","PUERTO PLATA, DR","19.75","-70.55","5.0","2000-03-12","81","H,,S","86",",,S","62",",,S"
"DRM00078458","PUERTO PLATA, DR","19.75","-70.55","5.0","2000-03-13","77","H,,S","86",",,S","62",",,S"
"DRM00078458","PUERTO PLATA, DR","19.75","-70.55","5.0","2000-03-14","79","H,,S","89",",,S","63",",,S"
"DRM00078458","PUERTO PLATA, DR","19.75","-70.55","5.0","2000-03-15","79","H,,S","89",",,S","64",",,S"
"DRM00078458","PUERTO PLATA, DR","19.75","-70.55","5.0","2000-03-16","76","H,,S",,,,
"DRM00078458","PUERTO PLATA, DR","19.75","-70.55","5.0","2000-03-18","77","H,,S","84",",,S","65",",,S"
"DRM00078458","PUERTO PLATA, DR","19.75","-70.55","5.0","2000-03-19","81","H,,S","87",",,S","65",",,S"
"DRM00078458","PUERTO PLATA, DR","19.75","-70.55","5.0","2000-03-20","79","H,,S","87",",,S","64",",,S"
"DRM00078458","PUERTO PLATA, DR","19.75","-70.55","5.0","2000-03-21","76","H,,S","86",",,S","63",",,S"
"DRM00078458","PUERTO PLATA, DR","19.75","-70.55","5.0","2000-03-22","76","H,,S","85",",,S","63",",,S"
"DRM00078458","PUERTO PLATA, DR","19.75","-70.55","5.0","2000-03-23","77","H,,S","83",",,S","63",",,S"
"DRM00078458","PUERTO PLATA, DR","19.75","-70.55","5.0","2000-03-24","74","H,,S","82",",,S","62",",,S"
"DRM00078458","PUERTO PLATA, DR","19.75","-70.55","5.0","2000-03-27","79","H,,S","87",",,S","62",",,S"
"DRM00078458","PUERTO PLATA, DR","19.75","-70.55","5.0","2000-03-28","80","H,,S","88",",,S","64",",,S"
"DRM00078458","PUERTO PLATA, DR","19.75","-70.55","5.0","2000-03-29","77","H,,S","88",",,S","63",",,S"
"DRM00078458","PUERTO PLATA, DR","19.75","-70.55","5.0","2000-03-30","78","H,,S","87",",,S","65",",,S"
"DRM00078458","PUERTO PLATA, DR","19.75","-70.55","5.0","2000-03-31","80","H,,S","87",",,S","65",",,S"
"DRM00078458","PUERTO PLATA, DR","19.75","-70.55","5.0","2000-04-01","80","H,,S","87",",,S","64",",,S"
"DRM00078458","PUERTO PLATA, DR","19.75","-70.55","5.0","2000-04-02","78","H,,S","87",",,S","64",",,S"
"DRM00078458","PUERTO PLATA, DR","19.75","-70.55","5.0","2000-04-03","79","H,,S","83",",,S","64",",,S"
"DRM00078458","PUERTO PLATA, DR","19.75","-70.55","5.0","2000-04-04","78","H,,S","85",",,S","64",",,S"
"DRM00078458","PUERTO PLATA, DR","19.75","-70.55","5.0","2000-04-05","79","H,,S","86",",,S","64",",,S"
"DRM00078458","PUERTO PLATA, DR","19.75","-70.55","5.0","2000-04-06","78","H,,S","86",",,S","64",",,S"
"DRM00078458","PUERTO PLATA, DR","19.75","-70.55","5.0","2000-04-07","80","H,,S","86",",,S","64",",,S"
"DRM00078458","PUERTO PLATA, DR","19.75","-70.55","5.0","2000-04-08","80","H,,S","88",",,S","65",",,S"
"DRM00078458","PUERTO PLATA, DR","19.75","-70.55","5.0","2000-04-09","81","H,,S","88",",,S","67",",,S"
"DRM00078458","PUERTO PLATA, DR","19.75","-70.55","5.0","2000-04-10","80","H,,S","88",",,S","68",",,S"
"DRM00078458","PUERTO PLATA, DR","19.75","-70.55","5.0","2000-04-11","78","H,,S","87",",,S","67",",,S"
"DRM00078458","PUERTO PLATA, DR","19.75","-70.55","5.0","2000-04-12","79","H,,S","84",",,S","67",",,S"
"DRM00078458","PUERTO PLATA, DR","19.75","-70.55","5.0","2000-04-13","80","H,,S","86",",,S","66",",,S"
"DRM00078458","PUERTO PLATA, DR","19.75","-70.55","5.0","2000-04-15","80","H,,S","87",",,S","67",",,S"
"DRM00078458","PUERTO PLATA, DR","19.75","-70.55","5.0","2000-04-16","81","H,,S","87",",,S","68",",,S"
"DRM00078458","PUERTO PLATA, DR","19.75","-70.55","5.0","2000-04-17","81","H,,S","88",",,S","68",",,S"
"DRM00078458","PUERTO PLATA, DR","19.75","-70.55","5.0","2000-04-18","79","H,,S","88",",,S","67",",,S"
"DRM00078458","PUERTO PLATA, DR","19.75","-70.55","5.0","2000-04-19","79","H,,S","87",",,S","68",",,S"
"DRM00078458","PUERTO PLATA, DR","19.75","-70.55","5.0","2000-04-20","81","H,,S","87",",,S","68",",,S"
"DRM00078458","PUERTO PLATA, DR","19.75","-70.55","5.0","2000-04-21","80","H,,S","87",",,S","69",",,S"
"DRM00078458","PUERTO PLATA, DR","19.75","-70.55","5.0","2000-04-22","78","H,,S","85",",,S","69",",,S"
"DRM00078458","PUERTO PLATA, DR","19.75","-70.55","5.0","2000-04-23","80","H,,S",,,,
"DRM00078458","PUERTO PLATA, DR","19.75","-70.55","5.0","2000-04-24","83","H,,S","87",",,S","65",",,S"
"DRM00078458","PUERTO PLATA, DR","19.75","-70.55","5.0","2000-04-25","82","H,,S","87",",,S","69",",,S"
"DRM00078458","PUERTO PLATA, DR","19.75","-70.55","5.0","2000-04-26","82","H,,S","89",",,S","69",",,S"
"DRM00078458","PUERTO PLATA, DR","19.75","-70.55","5.0","2000-04-27","83","H,,S","91",",,S","68",",,S"
"DRM00078458","PUERTO PLATA, DR","19.75","-70.55","5.0","2000-04-28","82","H,,S","91",",,S","68",",,S"
"DRM00078458","PUERTO PLATA, DR","19.75","-70.55","5.0","2000-04-29","82","H,,S","90",",,S","68",",,S"
"DRM00078458","PUERTO PLATA, DR","19.75","-70.55","5.0","2000-04-30","81","H,,S","88",",,S","68",",,S"
"DRM00078458","PUERTO PLATA, DR","19.75","-70.55","5.0","2000-05-01","77","H,,S",,,,
"DRM00078458","PUERTO PLATA, DR","19.75","-70.55","5.0","2000-05-02","77","H,,S","85",",,S","68",",,S"
"DRM00078458","PUERTO PLATA, DR","19.75","-70.55","5.0","2000-05-03","81","H,,S","87",",,S","68",",,S"
"DRM00078458","PUERTO PLATA, DR","19.75","-70.55","5.0","2000-05-04","78","H,,S","87",",,S","68",",,S"
"DRM00078458","PUERTO PLATA, DR","19.75","-70.55","5.0","2000-05-05","77","H,,S","84",",,S","68",",,S"
"DRM00078458","PUERTO PLATA, DR","19.75","-70.55","5.0","2000-05-06","80","H,,S","85",",,S","69",",,S"
"DRM00078458","PUERTO PLATA, DR","19.75","-70.55","5.0","2000-05-07","80","H,,S","88",",,S","65",",,S"
"DRM00078458","PUERTO PLATA, DR","19.75","-70.55","5.0","2000-05-08","80","H,,S","87",",,S","65",",,S"
"DRM00078458","PUERTO PLATA, DR","19.75","-70.55","5.0","2000-05-09","80","H,,S","87",",,S","67",",,S"
"DRM00078458","PUERTO PLATA, DR","19.75","-70.55","5.0","2000-05-10","80","H,,S","90",",,S","67",",,S"
"DRM00078458","PUERTO PLATA, DR","19.75","-70.55","5.0","2000-05-11","81","H,,S","90",",,S","67",",,S"
"DRM00078458","PUERTO PLATA, DR","19.75","-70.55","5.0","2000-05-12","82","H,,S","89",",,S","67",",,S"
"DRM00078458","PUERTO PLATA, DR","19.75","-70.55","5.0","2000-05-13","81","H,,S","89",",,S","67",",,S"
"DRM00078458","PUERTO PLATA, DR","19.75","-70.55","5.0","2000-05-14","80","H,,S","89",",,S","65",",,S"
"DRM00078458","PUERTO PLATA, DR","19.75","-70.55","5.0","2000-05-15","83","H,,S","89",",,S","67",",,S"
"DRM00078458","PUERTO PLATA, DR","19.75","-70.55","5.0","2000-05-16","81","H,,S","89",",,S","67",",,S"
"DRM00078458","PUERTO PLATA, DR","19.75","-70.55","5.0","2000-05-17","88","H,,S",,,,
"DRM00078458","PUERTO PLATA, DR","19.75","-70.55","5.0","2000-05-18","80","H,,S","86",",,S","68",",,S"
"DRM00078458","PUERTO PLATA, DR","19.75","-70.55","5.0","2000-05-19","80","H,,S","86",",,S","68",",,S"
"DRM00078458","PUERTO PLATA, DR","19.75","-70.55","5.0","2000-05-20","79","H,,S","86",",,S","67",",,S"
"DRM00078458","PUERTO PLATA, DR","19.75","-70.55","5.0","2000-05-21","80","H,,S","85",",,S","67",",,S"
"DRM00078458","PUERTO PLATA, DR","19.75","-70.55","5.0","2000-05-22","83","H,,S","88",",,S","68",",,S"
"DRM00078458","PUERTO PLATA, DR","19.75","-70.55","5.0","2000-05-23","83","H,,S","90",",,S","68",",,S"
"DRM00078458","PUERTO PLATA, DR","19.75","-70.55","5.0","2000-05-24","83","H,,S","90",",,S","69",",,S"
"DRM00078458","PUERTO PLATA, DR","19.75","-70.55","5.0","2000-05-25","84","H,,S","90",",,S","69",",,S"
"DRM00078458","PUERTO PLATA, DR","19.75","-70.55","5.0","2000-05-26","83","H,,S","90",",,S","72",",,S"
"DRM00078458","PUERTO PLATA, DR","19.75","-70.55","5.0","2000-05-27","84","H,,S","91",",,S","72",",,S"
"DRM00078458","PUERTO PLATA, DR","19.75","-70.55","5.0","2000-05-28","83","H,,S","90",",,S","70",",,S"
"DRM00078458","PUERTO PLATA, DR","19.75","-70.55","5.0","2000-05-29","83","H,,S","88",",,S","70",",,S"
"DRM00078458","PUERTO PLATA, DR","19.75","-70.55","5.0","2000-05-30","81","H,,S","91",",,S","71",",,S"
"DRM00078458","PUERTO PLATA, DR","19.75","-70.55","5.0","2000-05-31","83","H,,S","91",",,S","72",",,S"
"DRM00078458","PUERTO PLATA, DR","19.75","-70.55","5.0","2000-06-01","83","H,,S","91",",,S","73",",,S"
"DRM00078458","PUERTO PLATA, DR","19.75","-70.55","5.0","2000-06-02","83","H,,S","91",",,S","71",",,S"
"DRM00078458","PUERTO PLATA, DR","19.75","-70.55","5.0","2000-06-03","84","H,,S","90",",,S","70",",,S"
"DRM00078458","PUERTO PLATA, DR","19.75","-70.55","5.0","2000-06-04","80","H,,S","90",",,S","70",",,S"
"DRM00078458","PUERTO PLATA, DR","19.75","-70.55","5.0","2000-06-05","80","H,,S","90",",,S","71",",,S"
"DRM00078458","PUERTO PLATA, DR","19.75","-70.55","5.0","2000-06-06","82","H,,S","92",",,S","71",",,S"
"DRM00078458","PUERTO PLATA, DR","19.75","-70.55","5.0","2000-06-07","85","H,,S","93",",,S","72",",,S"
"DRM00078458","PUERTO PLATA, DR","19.75","-70.55","5.0","2000-06-08","84","H,,S","92",",,S","68",",,S"
"DRM00078458","PUERTO PLATA, DR","19.75","-70.55","5.0","2000-06-09","84","H,,S","91",",,S","68",",,S"
"DRM00078458","PUERTO PLATA, DR","19.75","-70.55","5.0","2000-06-10","84","H,,S","90",",,S","69",",,S"
"DRM00078458","PUERTO PLATA, DR","19.75","-70.55","5.0","2000-06-11","83","H,,S","90",",,S","70",",,S"
"DRM00078458","PUERTO PLATA, DR","19.75","-70.55","5.0","2000-06-12","82","H,,S","90",",,S","70",",,S"
"DRM00078458","PUERTO PLATA, DR","19.75","-70.55","5.0","2000-06-13","78","H,,S","89",",,S","71",",,S"
"DRM00078458","PUERTO PLATA, DR","19.75","-70.55","5.0","2000-06-14","79","H,,S","85",",,S","69",",,S"
"DRM00078458","PUERTO PLATA, DR","19.75","-70.55","5.0","2000-06-15","82","H,,S","86",",,S","69",",,S"
"DRM00078458","PUERTO PLATA, DR","19.75","-70.55","5.0","2000-06-16","80","H,,S","88",",,S","69",",,S"
"DRM00078458","PUERTO PLATA, DR","19.75","-70.55","5.0","2000-06-17","81","H,,S","88",",,S","69",",,S"
"DRM00078458","PUERTO PLATA, DR","19.75","-70.55","5.0","2000-06-18","83","H,,S","89",",,S","71",",,S"
"DRM00078458","PUERTO PLATA, DR","19.75","-70.55","5.0","2000-06-19","84","H,,S","90",",,S","69",",,S"
"DRM00078458","PUERTO PLATA, DR","19.75","-70.55","5.0","2000-06-21","82","H,,S","89",",,S","69",",,S"
"DRM00078458","PUERTO PLATA, DR","19.75","-70.55","5.0","2000-06-22","83","H,,S","89",",,S","69",",,S"
"DRM00078458","PUERTO PLATA, DR","19.75","-70.55","5.0","2000-06-23","83","H,,S","90",",,S","72",",,S"
"DRM00078458","PUERTO PLATA, DR","19.75","-70.55","5.0","2000-06-24","83","H,,S","89",",,S","71",",,S"
"DRM00078458","PUERTO PLATA, DR","19.75","-70.55","5.0","2000-06-25","82","H,,S","89",",,S","67",",,S"
"DRM00078458","PUERTO PLATA, DR","19.75","-70.55","5.0","2000-06-26","83","H,,S","89",",,S","69",",,S"
"DRM00078458","PUERTO PLATA, DR","19.75","-70.55","5.0","2000-06-27","83","H,,S","89",",,S","70",",,S"
"DRM00078458","PUERTO PLATA, DR","19.75","-70.55","5.0","2000-06-28","85","H,,S","90",",,S","70",",,S"
"DRM00078458","PUERTO PLATA, DR","19.75","-70.55","5.0","2000-06-29","79","H,,S",,,,
"DRM00078458","PUERTO PLATA, DR","19.75","-70.55","5.0","2000-06-30","84","H,,S","90",",,S","71",",,S"
"DRM00078458","PUERTO PLATA, DR","19.75","-70.55","5.0","2000-07-01","84","H,,S","90",",,S","70",",,S"
"DRM00078458","PUERTO PLATA, DR","19.75","-70.55","5.0","2000-07-02","84","H,,S","90",",,S","70",",,S"
"DRM00078458","PUERTO PLATA, DR","19.75","-70.55","5.0","2000-07-03","84","H,,S","90",",,S","72",",,S"
"DRM00078458","PUERTO PLATA, DR","19.75","-70.55","5.0","2000-07-04","83","H,,S","91",",,S","73",",,S"
"DRM00078458","PUERTO PLATA, DR","19.75","-70.55","5.0","2000-07-05","83","H,,S","91",",,S","70",",,S"
"DRM00078458","PUERTO PLATA, DR","19.75","-70.55","5.0","2000-07-06","85","H,,S","91",",,S","70",",,S"
"DRM00078458","PUERTO PLATA, DR","19.75","-70.55","5.0","2000-07-07","85","H,,S","94",",,S","70",",,S"
"DRM00078458","PUERTO PLATA, DR","19.75","-70.55","5.0","2000-07-08","85","H,,S","94",",,S","72",",,S"
"DRM00078458","PUERTO PLATA, DR","19.75","-70.55","5.0","2000-07-09","85","H,,S","90",",,S","72",",,S"
"DRM00078458","PUERTO PLATA, DR","19.75","-70.55","5.0","2000-07-10","86","H,,S","92",",,S","72",",,S"
"DRM00078458","PUERTO PLATA, DR","19.75","-70.55","5.0","2000-07-11","85","H,,S","93",",,S","70",",,S"
"DRM00078458","PUERTO PLATA, DR","19.75","-70.55","5.0","2000-07-12","86","H,,S","94",",,S","70",",,S"
"DRM00078458","PUERTO PLATA, DR","19.75","-70.55","5.0","2000-07-13","87","H,,S","94",",,S","71",",,S"
"DRM00078458","PUERTO PLATA, DR","19.75","-70.55","5.0","2000-07-14","85","H,,S","95",",,S","71",",,S"
"DRM00078458","PUERTO PLATA, DR","19.75","-70.55","5.0","2000-07-15","85","H,,S","92",",,S","71",",,S"
"DRM00078458","PUERTO PLATA, DR","19.75","-70.55","5.0","2000-07-16","87","H,,S","98",",,S","72",",,S"
"DRM00078458","PUERTO PLATA, DR","19.75","-70.55","5.0","2000-07-17","87","H,,S","96",",,S","72",",,S"
"DRM00078458","PUERTO PLATA, DR","19.75","-70.55","5.0","2000-07-18","86","H,,S","95",",,S","71",",,S"
"DRM00078458","PUERTO PLATA, DR","19.75","-70.55","5.0","2000-07-19","85","H,,S","93",",,S","71",",,S"
"DRM00078458","PUERTO PLATA, DR","19.75","-70.55","5.0","2000-07-20","85","H,,S","91",",,S","71",",,S"
"DRM00078458","PUERTO PLATA, DR","19.75","-70.55","5.0","2000-07-21","86","H,,S","92",",,S","70",",,S"
"DRM00078458","PUERTO PLATA, DR","19.75","-70.55","5.0","2000-07-22","86","H,,S","92",",,S","70",",,S"
"DRM00078458","PUERTO PLATA, DR","19.75","-70.55","5.0","2000-07-23","84","H,,S","92",",,S","72",",,S"
"DRM00078458","PUERTO PLATA, DR","19.75","-70.55","5.0","2000-07-24","85","H,,S","91",",,S","72",",,S"
"DRM00078458","PUERTO PLATA, DR","19.75","-70.55","5.0","2000-07-25","86","H,,S","93",",,S","71",",,S"
"DRM00078458","PUERTO PLATA, DR","19.75","-70.55","5.0","2000-07-26","85","H,,S","96",",,S","71",",,S"
"DRM00078458","PUERTO PLATA, DR","19.75","-70.55","5.0","2000-07-27","84","H,,S","93",",,S","72",",,S"
"DRM00078458","PUERTO PLATA, DR","19.75","-70.55","5.0","2000-07-28","86","H,,S","93",",,S","73",",,S"
"DRM00078458","PUERTO PLATA, DR","19.75","-70.55","5.0","2000-07-29","85","H,,S","93",",,S","73",",,S"
"DRM00078458","PUERTO PLATA, DR","19.75","-70.55","5.0","2000-07-30","82","H,,S",,,,
"DRM00078458","PUERTO PLATA, DR","19.75","-70.55","5.0","2000-07-31","85","H,,S","95",",,S","72",",,S"
"DRM00078458","PUERTO PLATA, DR","19.75","-70.55","5.0","2000-08-01","85","H,,S","94",",,S","72",",,S"
"DRM00078458","PUERTO PLATA, DR","19.75","-70.55","5.0","2000-08-02","86","H,,S","92",",,S","71",",,S"
"DRM00078458","PUERTO PLATA, DR","19.75","-70.55","5.0","2000-08-03","85","H,,S","92",",,S","71",",,S"
"DRM00078458","PUERTO PLATA, DR","19.75","-70.55","5.0","2000-08-04","80","H,,S","91",",,S","72",",,S"
"DRM00078458","PUERTO PLATA, DR","19.75","-70.55","5.0","2000-08-05","81","H,,S",,,,
"DRM00078458","PUERTO PLATA, DR","19.75","-70.55","5.0","2000-08-06","85","H,,S","91",",,S","71",",,S"
"DRM00078458","PUERTO PLATA, DR","19.75","-70.55","5.0","2000-08-07","83","H,,S","91",",,S","71",",,S"
"DRM00078458","PUERTO PLATA, DR","19.75","-70.55","5.0","2000-08-08","84","H,,S","90",",,S","72",",,S"
"DRM00078458","PUERTO PLATA, DR","19.75","-70.55","5.0","2000-08-09","84","H,,S","94",",,S","72",",,S"
"DRM00078458","PUERTO PLATA, DR","19.75","-70.55","5.0","2000-08-10","86","H,,S","92",",,S","72",",,S"
"DRM00078458","PUERTO PLATA, DR","19.75","-70.55","5.0","2000-08-11","86","H,,S","93",",,S","71",",,S"
"DRM00078458","PUERTO PLATA, DR","19.75","-70.55","5.0","2000-08-12","85","H,,S","97",",,S","71",",,S"
"DRM00078458","PUERTO PLATA, DR","19.75","-70.55","5.0","2000-08-13","87","H,,S","97",",,S","71",",,S"
"DRM00078458","PUERTO PLATA, DR","19.75","-70.55","5.0","2000-08-14","85","H,,S","96",",,S","71",",,S"
"DRM00078458","PUERTO PLATA, DR","19.75","-70.55","5.0","2000-08-15","83","H,,S","94",",,S","71",",,S"
"DRM00078458","PUERTO PLATA, DR","19.75","-70.55","5.0","2000-08-16","83","H,,S","90",",,S","72",",,S"
"DRM00078458","PUERTO PLATA, DR","19.75","-70.55","5.0","2000-08-18","87","H,,S","91",",,S","72",",,S"
"DRM00078458","PUERTO PLATA, DR","19.75","-70.55","5.0","2000-08-19","85","H,,S","94",",,S","72",",,S"
"DRM00078458","PUERTO PLATA, DR","19.75","-70.55","5.0","2000-08-20","83","H,,S","90",",,S","72",",,S"
"DRM00078458","PUERTO PLATA, DR","19.75","-70.55","5.0","2000-08-21","84","H,,S","90",",,S","70",",,S"
"DRM00078458","PUERTO PLATA, DR","19.75","-70.55","5.0","2000-08-22","81","H,,S","91",",,S","70",",,S"
"DRM00078458","PUERTO PLATA, DR","19.75","-70.55","5.0","2000-08-23","77","H,,S","91",",,S","71",",,S"
"DRM00078458","PUERTO PLATA, DR","19.75","-70.55","5.0","2000-08-24","77","H,,S","85",",,S","70",",,S"
"DRM00078458","PUERTO PLATA, DR","19.75","-70.55","5.0","2000-08-25","82","H,,S","89",",,S","70",",,S"
"DRM00078458","PUERTO PLATA, DR","19.75","-70.55","5.0","2000-08-26","84","H,,S","91",",,S","70",",,S"
"DRM00078458","PUERTO PLATA, DR","19.75","-70.55","5.0","2000-08-27","82","H,,S","91",",,S","70",",,S"
"DRM00078458","PUERTO PLATA, DR","19.75","-70.55","5.0","2000-08-28","84","H,,S","91",",,S","72",",,S"
"DRM00078458","PUERTO PLATA, DR","19.75","-70.55","5.0","2000-08-29","85","H,,S","92",",,S","72",",,S"
"DRM00078458","PUERTO PLATA, DR","19.75","-70.55","5.0","2000-08-30","87","H,,S","97",",,S","72",",,S"
"DRM00078458","PUERTO PLATA, DR","19.75","-70.55","5.0","2000-08-31","86","H,,S","96",",,S","74",",,S"
"DRM00078458","PUERTO PLATA, DR","19.75","-70.55","5.0","2000-09-01","84","H,,S","93",",,S","71",",,S"
"DRM00078458","PUERTO PLATA, DR","19.75","-70.55","5.0","2000-09-02","82","H,,S","91",",,S","70",",,S"
"DRM00078458","PUERTO PLATA, DR","19.75","-70.55","5.0","2000-09-03","81","H,,S","87",",,S","70",",,S"
"DRM00078458","PUERTO PLATA, DR","19.75","-70.55","5.0","2000-09-04","83","H,,S","92",",,S","72",",,S"
"DRM00078458","PUERTO PLATA, DR","19.75","-70.55","5.0","2000-09-05","83","H,,S","91",",,S","72",",,S"
"DRM00078458","PUERTO PLATA, DR","19.75","-70.55","5.0","2000-09-06","85","H,,S","92",",,S","72",",,S"
"DRM00078458","PUERTO PLATA, DR","19.75","-70.55","5.0","2000-09-07","85","H,,S","91",",,S","73",",,S"
"DRM00078458","PUERTO PLATA, DR","19.75","-70.55","5.0","2000-09-08","84","H,,S","96",",,S","74",",,S"
"DRM00078458","PUERTO PLATA, DR","19.75","-70.55","5.0","2000-09-09","85","H,,S","90",",,S","72",",,S"
"DRM00078458","PUERTO PLATA, DR","19.75","-70.55","5.0","2000-09-10","85","H,,S","94",",,S","72",",,S"
"DRM00078458","PUERTO PLATA, DR","19.75","-70.55","5.0","2000-09-11","84","H,,S","94",",,S","73",",,S"
"DRM00078458","PUERTO PLATA, DR","19.75","-70.55","5.0","2000-09-12","85","H,,S","96",",,S","74",",,S"
"DRM00078458","PUERTO PLATA, DR","19.75","-70.55","5.0","2000-09-13","84","H,,S","97",",,S","74",",,S"
"DRM00078458","PUERTO PLATA, DR","19.75","-70.55","5.0","2000-09-14","85","H,,S","94",",,S","73",",,S"
"DRM00078458","PUERTO PLATA, DR","19.75","-70.55","5.0","2000-09-15","85","H,,S","96",",,S","71",",,S"
"DRM00078458","PUERTO PLATA, DR","19.75","-70.55","5.0","2000-09-16","86","H,,S","93",",,S","71",",,S"
"DRM00078458","PUERTO PLATA, DR","19.75","-70.55","5.0","2000-09-17","85","H,,S","93",",,S","72",",,S"
"DRM00078458","PUERTO PLATA, DR","19.75","-70.55","5.0","2000-09-18","80","H,,S","92",",,S","73",",,S"
"DRM00078458","PUERTO PLATA, DR","19.75","-70.55","5.0","2000-09-19","83","H,,S","90",",,S","73",",,S"
"DRM00078458","PUERTO PLATA, DR","19.75","-70.55","5.0","2000-09-20","84","H,,S","91",",,S","73",",,S"
"DRM00078458","PUERTO PLATA, DR","19.75","-70.55","5.0","2000-09-21","83","H,,S","90",",,S","72",",,S"
"DRM00078458","PUERTO PLATA, DR","19.75","-70.55","5.0","2000-09-22","85","H,,S","90",",,S","72",",,S"
"DRM00078458","PUERTO PLATA, DR","19.75","-70.55","5.0","2000-09-23","83","H,,S","90",",,S","73",",,S"
"DRM00078458","PUERTO PLATA, DR","19.75","-70.55","5.0","2000-09-24","82","H,,S","91",",,S","72",",,S"
"DRM00078458","PUERTO PLATA, DR","19.75","-70.55","5.0","2000-09-25","83","H,,S","90",",,S","72",",,S"
"DRM00078458","PUERTO PLATA, DR","19.75","-70.55","5.0","2000-09-26","83","H,,S","90",",,S","72",",,S"
"DRM00078458","PUERTO PLATA, DR","19.75","-70.55","5.0","2000-09-27","82","H,,S","90",",,S","73",",,S"
"DRM00078458","PUERTO PLATA, DR","19.75","-70.55","5.0","2000-09-28","83","H,,S","90",",,S","71",",,S"
"DRM00078458","PUERTO PLATA, DR","19.75","-70.55","5.0","2000-09-29","82","H,,S","90",",,S","71",",,S"
"DRM00078458","PUERTO PLATA, DR","19.75","-70.55","5.0","2000-09-30","82","H,,S",,,,
"DRM00078458","PUERTO PLATA, DR","19.75","-70.55","5.0","2000-10-01","83","H,,S","90",",,S","71",",,S"
"DRM00078458","PUERTO PLATA, DR","19.75","-70.55","5.0","2000-10-02","84","H,,S","90",",,S","72",",,S"
"DRM00078458","PUERTO PLATA, DR","19.75","-70.55","5.0","2000-10-03","85","H,,S",,,,
"DRM00078458","PUERTO PLATA, DR","19.75","-70.55","5.0","2000-10-04","85","H,,S","94",",,S","74",",,S"
"DRM00078458","PUERTO PLATA, DR","19.75","-70.55","5.0","2000-10-05","85","H,,S","91",",,S","73",",,S"
"DRM00078458","PUERTO PLATA, DR","19.75","-70.55","5.0","2000-10-06","84","H,,S","91",",,S","73",",,S"
"DRM00078458","PUERTO PLATA, DR","19.75","-70.55","5.0","2000-10-07","83","H,,S","91",",,S","73",",,S"
"DRM00078458","PUERTO PLATA, DR","19.75","-70.55","5.0","2000-10-08","84","H,,S","91",",,S","72",",,S"
"DRM00078458","PUERTO PLATA, DR","19.75","-70.55","5.0","2000-10-09","83","H,,S","90",",,S","70",",,S"
"DRM00078458","PUERTO PLATA, DR","19.75","-70.55","5.0","2000-10-10","82","H,,S","91",",,S","70",",,S"
"DRM00078458","PUERTO PLATA, DR","19.75","-70.55","5.0","2000-10-11","85","H,,S","90",",,S","72",",,S"
"DRM00078458","PUERTO PLATA, DR","19.75","-70.55","5.0","2000-10-12","83","H,,S","91",",,S","70",",,S"
"DRM00078458","PUERTO PLATA, DR","19.75","-70.55","5.0","2000-10-13","82","H,,S","90",",,S","70",",,S"
"DRM00078458","PUERTO PLATA, DR","19.75","-70.55","5.0","2000-10-14","82","H,,S","92",",,S","71",",,S"
"DRM00078458","PUERTO PLATA, DR","19.75","-70.55","5.0","2000-10-15","82","H,,S","89",",,S","71",",,S"
"DRM00078458","PUERTO PLATA, DR","19.75","-70.55","5.0","2000-10-16","82","H,,S","89",",,S","72",",,S"
"DRM00078458","PUERTO PLATA, DR","19.75","-70.55","5.0","2000-10-17","81","H,,S","89",",,S","70",",,S"
"DRM00078458","PUERTO PLATA, DR","19.75","-70.55","5.0","2000-10-18","82","H,,S","91",",,S","69",",,S"
"DRM00078458","PUERTO PLATA, DR","19.75","-70.55","5.0","2000-10-19","81","H,,S","91",",,S","68",",,S"
"DRM00078458","PUERTO PLATA, DR","19.75","-70.55","5.0","2000-10-20","83","H,,S","90",",,S","70",",,S"
"DRM00078458","PUERTO PLATA, DR","19.75","-70.55","5.0","2000-10-21","83","H,,S","91",",,S","70",",,S"
"DRM00078458","PUERTO PLATA, DR","19.75","-70.55","5.0","2000-10-22","82","H,,S","90",",,S","71",",,S"
"DRM00078458","PUERTO PLATA, DR","19.75","-70.55","5.0","2000-10-23","82","H,,S","89",",,S","71",",,S"
"DRM00078458","PUERTO PLATA, DR","19.75","-70.55","5.0","2000-10-24","80","H,,S","89",",,S","71",",,S"
"DRM00078458","PUERTO PLATA, DR","19.75","-70.55","5.0","2000-10-25","79","H,,S","87",",,S","70",",,S"
"DRM00078458","PUERTO PLATA, DR","19.75","-70.55","5.0","2000-10-26","80","H,,S","87",",,S","70",",,S"
"DRM00078458","PUERTO PLATA, DR","19.75","-70.55","5.0","2000-10-27","81","H,,S","86",",,S","70",",,S"
"DRM00078458","PUERTO PLATA, DR","19.75","-70.55","5.0","2000-10-28","81","H,,S","89",",,S","72",",,S"
"DRM00078458","PUERTO PLATA, DR","19.75","-70.55","5.0","2000-10-30","85","H,,S",,,,
"DRM00078458","PUERTO PLATA, DR","19.75","-70.55","5.0","2000-10-31","80","H,,S","88",",,S","69",",,S"
"DRM00078458","PUERTO PLATA, DR","19.75","-70.55","5.0","2000-11-01","78","H,,S","87",",,S","71",",,S"
"DRM00078458","PUERTO PLATA, DR","19.75","-70.55","5.0","2000-11-02","77","H,,S","85",",,S","67",",,S"
"DRM00078458","PUERTO PLATA, DR","19.75","-70.55","5.0","2000-11-03","78","H,,S","84",",,S","67",",,S"
"DRM00078458","PUERTO PLATA, DR","19.75","-70.55","5.0","2000-11-04","79","H,,S","85",",,S","70",",,S"
"DRM00078458","PUERTO PLATA, DR","19.75","-70.55","5.0","2000-11-05","79","H,,S","87",",,S","67",",,S"
"DRM00078458","PUERTO PLATA, DR","19.75","-70.55","5.0","2000-11-06","80","H,,S","87",",,S","67",",,S"
"DRM00078458","PUERTO PLATA, DR","19.75","-70.55","5.0","2000-11-07","80","H,,S","87",",,S","68",",,S"
"DRM00078458","PUERTO PLATA, DR","19.75","-70.55","5.0","2000-11-09","80","H,,S","86",",,S","71",",,S"
"DRM00078458","PUERTO PLATA, DR","19.75","-70.55","5.0","2000-11-10","78","H,,S","86",",,S","66",",,S"
"DRM00078458","PUERTO PLATA, DR","19.75","-70.55","5.0","2000-11-11","79","H,,S","86",",,S","66",",,S"
"DRM00078458","PUERTO PLATA, DR","19.75","-70.55","5.0","2000-11-12","81","H,,S","86",",,S","66",",,S"
"DRM00078458","PUERTO PLATA, DR","19.75","-70.55","5.0","2000-11-13","78","H,,S","90",",,S","68",",,S"
"DRM00078458","PUERTO PLATA, DR","19.75","-70.55","5.0","2000-11-14","79","H,,S","89",",,S","68",",,S"
"DRM00078458","PUERTO PLATA, DR","19.75","-70.55","5.0","2000-11-15","83","H,,S","88",",,S","69",",,S"
"DRM00078458","PUERTO PLATA, DR","19.75","-70.55","5.0","2000-11-16","79","H,,S","88",",,S","72",",,S"
"DRM00078458","PUERTO PLATA, DR","19.75","-70.55","5.0","2000-11-17","82","H,,S","89",",,S","71",",,S"
"DRM00078458","PUERTO PLATA, DR","19.75","-70.55","5.0","2000-11-18","72","H,,S",,,,
"DRM00078458","PUERTO PLATA, DR","19.75","-70.55","5.0","2000-11-19","82","H,,S","88",",,S","71",",,S"
"DRM00078458","PUERTO PLATA, DR","19.75","-70.55","5.0","2000-11-20","80","H,,S","88",",,S","70",",,S"
"DRM00078458","PUERTO PLATA, DR","19.75","-70.55","5.0","2000-11-21","80","H,,S","90",",,S","70",",,S"
"DRM00078458","PUERTO PLATA, DR","19.75","-70.55","5.0","2000-11-22","78","H,,S","90",",,S","70",",,S"
"DRM00078458","PUERTO PLATA, DR","19.75","-70.55","5.0","2000-11-23","78","H,,S","86",",,S","68",",,S"
"DRM00078458","PUERTO PLATA, DR","19.75","-70.55","5.0","2000-11-24","78","H,,S","89",",,S","69",",,S"
"DRM00078458","PUERTO PLATA, DR","19.75","-70.55","5.0","2000-11-25","80","H,,S","91",",,S","69",",,S"
"DRM00078458","PUERTO PLATA, DR","19.75","-70.55","5.0","2000-11-26","80","H,,S","90",",,S","70",",,S"
"DRM00078458","PUERTO PLATA, DR","19.75","-70.55","5.0","2000-11-27","80","H,,S","89",",,S","69",",,S"
"DRM00078458","PUERTO PLATA, DR","19.75","-70.55","5.0","2000-11-28","78","H,,S","88",",,S","69",",,S"
"DRM00078458","PUERTO PLATA, DR","19.75","-70.55","5.0","2000-11-29","77","H,,S","87",",,S","69",",,S"
"DRM00078458","PUERTO PLATA, DR","19.75","-70.55","5.0","2000-12-01","77","H,,S","91",",,S","70",",,S"
"DRM00078458","PUERTO PLATA, DR","19.75","-70.55","5.0","2000-12-02","79","H,,S","86",",,S","71",",,S"
"DRM00078458","PUERTO PLATA, DR","19.75","-70.55","5.0","2000-12-03","79","H,,S","89",",,S","70",",,S"
"DRM00078458","PUERTO PLATA, DR","19.75","-70.55","5.0","2000-12-04","81","H,,S","89",",,S","70",",,S"
"DRM00078458","PUERTO PLATA, DR","19.75","-70.55","5.0","2000-12-05","78","H,,S","92",",,S","71",",,S"
"DRM00078458","PUERTO PLATA, DR","19.75","-70.55","5.0","2000-12-06","78","H,,S","88",",,S","65",",,S"
"DRM00078458","PUERTO PLATA, DR","19.75","-70.55","5.0","2000-12-07","79","H,,S","88",",,S","65",",,S"
"DRM00078458","PUERTO PLATA, DR","19.75","-70.55","5.0","2000-12-08","78","H,,S","91",",,S","69",",,S"
"DRM00078458","PUERTO PLATA, DR","19.75","-70.55","5.0","2000-12-09","78","H,,S","90",",,S","66",",,S"
"DRM00078458","PUERTO PLATA, DR","19.75","-70.55","5.0","2000-12-10","79","H,,S","90",",,S","66",",,S"
"DRM00078458","PUERTO PLATA, DR","19.75","-70.55","5.0","2000-12-11","76","H,,S","87",",,S","68",",,S"
"DRM00078458","PUERTO PLATA, DR","19.75","-70.55","5.0","2000-12-12","77","H,,S","86",",,S","69",",,S"
"DRM00078458","PUERTO PLATA, DR","19.75","-70.55","5.0","2000-12-13","77","H,,S","88",",,S","67",",,S"
"DRM00078458","PUERTO PLATA, DR","19.75","-70.55","5.0","2000-12-14","78","H,,S","88",",,S","69",",,S"
"DRM00078458","PUERTO PLATA, DR","19.75","-70.55","5.0","2000-12-15","77","H,,S","85",",,S","69",",,S"
"DRM00078458","PUERTO PLATA, DR","19.75","-70.55","5.0","2000-12-16","76","H,,S","85",",,S","69",",,S"
"DRM00078458","PUERTO PLATA, DR","19.75","-70.55","5.0","2000-12-17","76","H,,S","85",",,S","69",",,S"
"DRM00078458","PUERTO PLATA, DR","19.75","-70.55","5.0","2000-12-18","77","H,,S","85",",,S","68",",,S"
"DRM00078458","PUERTO PLATA, DR","19.75","-70.55","5.0","2000-12-19","77","H,,S","87",",,S","68",",,S"
"DRM00078458","PUERTO PLATA, DR","19.75","-70.55","5.0","2000-12-20","78","H,,S","87",",,S","69",",,S"
"DRM00078458","PUERTO PLATA, DR","19.75","-70.55","5.0","2000-12-21","76","H,,S","87",",,S","67",",,S"
"DRM00078458","PUERTO PLATA, DR","19.75","-70.55","5.0","2000-12-22","77","H,,S","87",",,S","67",",,S"
"DRM00078458","PUERTO PLATA, DR","19.75","-70.55","5.0","2000-12-23","78","H,,S","89",",,S","68",",,S"
"DRM00078458","PUERTO PLATA, DR","19.75","-70.55","5.0","2000-12-24","78","H,,S","88",",,S","68",",,S"
"DRM00078458","PUERTO PLATA, DR","19.75","-70.55","5.0","2000-12-25","78","H,,S","88",",,S","66",",,S"
"DRM00078458","PUERTO PLATA, DR","19.75","-70.55","5.0","2000-12-26","78","H,,S","85",",,S","66",",,S"
"DRM00078458","PUERTO PLATA, DR","19.75","-70.55","5.0","2000-12-27","76","H,,S","85",",,S","66",",,S"
"DRM00078458","PUERTO PLATA, DR","19.75","-70.55","5.0","2000-12-28","76","H,,S","85",",,S","68",",,S"
"DRM00078458","PUERTO PLATA, DR","19.75","-70.55","5.0","2000-12-29","78","H,,S","85",",,S","68",",,S"
"DRM00078458","PUERTO PLATA, DR","19.75","-70.55","5.0","2000-12-30","78","H,,S","86",",,S","68",",,S"
"DRM00078458","PUERTO PLATA, DR","19.75","-70.55","5.0","2000-12-31","75","H,,S","85",",,S","71",",,S"
"DRM00078458","PUERTO PLATA, DR","19.75","-70.55","5.0","2001-01-01","75","H,,S","81",",,S","67",",,S"
"DRM00078458","PUERTO PLATA, DR","19.75","-70.55","5.0","2001-01-02","77","H,,S","86",",,S","61",",,S"
"DRM00078458","PUERTO PLATA, DR","19.75","-70.55","5.0","2001-01-03","76","H,,S","86",",,S","64",",,S"
"DRM00078458","PUERTO PLATA, DR","19.75","-70.55","5.0","2001-01-04","76","H,,S","85",",,S","64",",,S"
"DRM00078458","PUERTO PLATA, DR","19.75","-70.55","5.0","2001-01-05","72","H,,S","83",",,S","67",",,S"
"DRM00078458","PUERTO PLATA, DR","19.75","-70.55","5.0","2001-01-06","75","H,,S","82",",,S","67",",,S"
"DRM00078458","PUERTO PLATA, DR","19.75","-70.55","5.0","2001-01-07","75","H,,S","87",",,S","67",",,S"
"DRM00078458","PUERTO PLATA, DR","19.75","-70.55","5.0","2001-01-08","73","H,,S","85",",,S","64",",,S"
"DRM00078458","PUERTO PLATA, DR","19.75","-70.55","5.0","2001-01-10","76","H,,S","85",",,S","65",",,S"
"DRM00078458","PUERTO PLATA, DR","19.75","-70.55","5.0","2001-01-11","77","H,,S","83",",,S","65",",,S"
"DRM00078458","PUERTO PLATA, DR","19.75","-70.55","5.0","2001-01-12","72","H,,S","82",",,S","65",",,S"
"DRM00078458","PUERTO PLATA, DR","19.75","-70.55","5.0","2001-01-13","74","H,,S","83",",,S","65",",,S"
"DRM00078458","PUERTO PLATA, DR","19.75","-70.55","5.0","2001-01-14","75","H,,S","85",",,S","65",",,S"
"DRM00078458","PUERTO PLATA, DR","19.75","-70.55","5.0","2001-01-15","75","H,,S","82",",,S","65",",,S"
"DRM00078458","PUERTO PLATA, DR","19.75","-70.55","5.0","2001-01-16","75","H,,S","82",",,S","64",",,S"
"DRM00078458","PUERTO PLATA, DR","19.75","-70.55","5.0","2001-01-17","75","H,,S","83",",,S","64",",,S"
"DRM00078458","PUERTO PLATA, DR","19.75","-70.55","5.0","2001-01-18","75","H,,S","85",",,S","66",",,S"
"DRM00078458","PUERTO PLATA, DR","19.75","-70.55","5.0","2001-01-19","75","H,,S","85",",,S","66",",,S"
"DRM00078458","PUERTO PLATA, DR","19.75","-70.55","5.0","2001-01-20","78","H,,S","85",",,S","66",",,S"
"DRM00078458","PUERTO PLATA, DR","19.75","-70.55","5.0","2001-01-21","76","H,,S","85",",,S","66",",,S"
"DRM00078458","PUERTO PLATA, DR","19.75","-70.55","5.0","2001-01-22","75","H,,S","87",",,S","67",",,S"
"DRM00078458","PUERTO PLATA, DR","19.75","-70.55","5.0","2001-01-23","78","H,,S","88",",,S","67",",,S"
"DRM00078458","PUERTO PLATA, DR","19.75","-70.55","5.0","2001-01-24","75","H,,S","90",",,S","66",",,S"
"DRM00078458","PUERTO PLATA, DR","19.75","-70.55","5.0","2001-01-25","74","H,,S","82",",,S","66",",,S"
"DRM00078458","PUERTO PLATA, DR","19.75","-70.55","5.0","2001-01-26","74","H,,S","81",",,S","66",",,S"
"DRM00078458","PUERTO PLATA, DR","19.75","-70.55","5.0","2001-01-27","71","H,,S","79",",,S","66",",,S"
"DRM00078458","PUERTO PLATA, DR","19.75","-70.55","5.0","2001-01-28","72","H,,S","80",",,S","65",",,S"
"DRM00078458","PUERTO PLATA, DR","19.75","-70.55","5.0","2001-01-29","74","H,,S","81",",,S","65",",,S"
"DRM00078458","PUERTO PLATA, DR","19.75","-70.55","5.0","2001-01-30","75","H,,S","81",",,S","68",",,S"
"DRM00078458","PUERTO PLATA, DR","19.75","-70.55","5.0","2001-01-31","75","H,,S","85",",,S","69",",,S"
"DRM00078458","PUERTO PLATA, DR","19.75","-70.55","5.0","2001-02-01","73","H,,S","85",",,S","67",",,S"
"DRM00078458","PUERTO PLATA, DR","19.75","-70.55","5.0","2001-02-02","75","H,,S","86",",,S","67",",,S"
"DRM00078458","PUERTO PLATA, DR","19.75","-70.55","5.0","2001-02-03","76","H,,S","85",",,S","66",",,S"
"DRM00078458","PUERTO PLATA, DR","19.75","-70.55","5.0","2001-02-04","76","H,,S","85",",,S","66",",,S"
"DRM00078458","PUERTO PLATA, DR","19.75","-70.55","5.0","2001-02-05","76","H,,S","86",",,S","65",",,S"
"DRM00078458","PUERTO PLATA, DR","19.75","-70.55","5.0","2001-02-06","76","H,,S","87",",,S","65",",,S"
"DRM00078458","PUERTO PLATA, DR","19.75","-70.55","5.0","2001-02-07","77","H,,S","86",",,S","65",",,S"
"DRM00078458","PUERTO PLATA, DR","19.75","-70.55","5.0","2001-02-08","77","H,,S","86",",,S","67",",,S"
"DRM00078458","PUERTO PLATA, DR","19.75","-70.55","5.0","2001-02-09","77","H,,S","85",",,S","67",",,S"
"DRM00078458","PUERTO PLATA, DR","19.75","-70.55","5.0","2001-02-10","77","H,,S","84",",,S","66",",,S"
"DRM00078458","PUERTO PLATA, DR","19.75","-70.55","5.0","2001-02-11","75","H,,S","84",",,S","66",",,S"
"DRM00078458","PUERTO PLATA, DR","19.75","-70.55","5.0","2001-02-12","75","H,,S","84",",,S","66",",,S"
"DRM00078458","PUERTO PLATA, DR","19.75","-70.55","5.0","2001-02-13","76","H,,S",,,,
"DRM00078458","PUERTO PLATA, DR","19.75","-70.55","5.0","2001-02-14","74","H,,S","83",",,S","66",",,S"
"DRM00078458","PUERTO PLATA, DR","19.75","-70.55","5.0","2001-02-15","76","H,,S","85",",,S","66",",,S"
"DRM00078458","PUERTO PLATA, DR","19.75","-70.55","5.0","2001-02-16","76","H,,S","86",",,S","66",",,S"
"DRM00078458","PUERTO PLATA, DR","19.75","-70.55","5.0","2001-02-17","76","H,,S","85",",,S","66",",,S"
"DRM00078458","PUERTO PLATA, DR","19.75","-70.55","5.0","2001-02-18","77","H,,S","85",",,S","66",",,S"
"DRM00078458","PUERTO PLATA, DR","19.75","-70.55","5.0","2001-02-19","76","H,,S","85",",,S","65",",,S"
"DRM00078458","PUERTO PLATA, DR","19.75","-70.55","5.0","2001-02-20","75","H,,S","85",",,S","65",",,S"
"DRM00078458","PUERTO PLATA, DR","19.75","-70.55","5.0","2001-02-21","77","H,,S","85",",,S","66",",,S"
"DRM00078458","PUERTO PLATA, DR","19.75","-70.55","5.0","2001-02-22","76","H,,S","85",",,S","66",",,S"
"DRM00078458","PUERTO PLATA, DR","19.75","-70.55","5.0","2001-02-23","75","H,,S","83",",,S","66",",,S"
"DRM00078458","PUERTO PLATA, DR","19.75","-70.55","5.0","2001-02-24","75","H,,S","83",",,S","66",",,S"
"DRM00078458","PUERTO PLATA, DR","19.75","-70.55","5.0","2001-02-25","74","H,,S","83",",,S","66",",,S"
"DRM00078458","PUERTO PLATA, DR","19.75","-70.55","5.0","2001-02-26","74","H,,S","82",",,S","66",",,S"
"DRM00078458","PUERTO PLATA, DR","19.75","-70.55","5.0","2001-02-27","74","H,,S","82",",,S","63",",,S"
"DRM00078458","PUERTO PLATA, DR","19.75","-70.55","5.0","2001-02-28","73","H,,S","82",",,S","61",",,S"
"DRM00078458","PUERTO PLATA, DR","19.75","-70.55","5.0","2001-03-01","74","H,,S","83",",,S","61",",,S"
"DRM00078458","PUERTO PLATA, DR","19.75","-70.55","5.0","2001-03-02","76","H,,S","85",",,S","62",",,S"
"DRM00078458","PUERTO PLATA, DR","19.75","-70.55","5.0","2001-03-03","76","H,,S","85",",,S","64",",,S"
"DRM00078458","PUERTO PLATA, DR","19.75","-70.55","5.0","2001-03-04","78","H,,S","89",",,S","66",",,S"
"DRM00078458","PUERTO PLATA, DR","19.75","-70.55","5.0","2001-03-05","75","H,,S","89",",,S","66",",,S"
"DRM00078458","PUERTO PLATA, DR","19.75","-70.55","5.0","2001-03-06","74","H,,S","85",",,S","66",",,S"
"DRM00078458","PUERTO PLATA, DR","19.75","-70.55","5.0","2001-03-07","74","H,,S","81",",,S","66",",,S"
"DRM00078458","PUERTO PLATA, DR","19.75","-70.55","5.0","2001-03-08","74","H,,S","81",",,S","66",",,S"
"DRM00078458","PUERTO PLATA, DR","19.75","-70.55","5.0","2001-03-09","75","H,,S",,,,
"DRM00078458","PUERTO PLATA, DR","19.75","-70.55","5.0","2001-03-10","77","H,,S","90",",,S","66",",,S"
"DRM00078458","PUERTO PLATA, DR","19.75","-70.55","5.0","2001-03-11","77","H,,S","90",",,S","66",",,S"
"DRM00078458","PUERTO PLATA, DR","19.75","-70.55","5.0","2001-03-12","78","H,,S","90",",,S","67",",,S"
"DRM00078458","PUERTO PLATA, DR","19.75","-70.55","5.0","2001-03-13","77","H,,S","90",",,S","67",",,S"
"DRM00078458","PUERTO PLATA, DR","19.75","-70.55","5.0","2001-03-14","76","H,,S","88",",,S","67",",,S"
"DRM00078458","PUERTO PLATA, DR","19.75","-70.55","5.0","2001-03-15","78","H,,S","87",",,S","67",",,S"
"DRM00078458","PUERTO PLATA, DR","19.75","-70.55","5.0","2001-03-16","78","H,,S","88",",,S","67",",,S"
"DRM00078458","PUERTO PLATA, DR","19.75","-70.55","5.0","2001-03-17","77","H,,S","86",",,S","67",",,S"
"DRM00078458","PUERTO PLATA, DR","19.75","-70.55","5.0","2001-03-18","77","H,,S","88",",,S","65",",,S"
"DRM00078458","PUERTO PLATA, DR","19.75","-70.55","5.0","2001-03-19","76","H,,S","85",",,S","65",",,S"
"DRM00078458","PUERTO PLATA, DR","19.75","-70.55","5.0","2001-03-20","78","H,,S",,,,
"DRM00078458","PUERTO PLATA, DR","19.75","-70.55","5.0","2001-03-21","78","H,,S","91",",,S","65",",,S"
"DRM00078458","PUERTO PLATA, DR","19.75","-70.55","5.0","2001-03-22","77","H,,S","87",",,S","65",",,S"
"DRM00078458","PUERTO PLATA, DR","19.75","-70.55","5.0","2001-03-23","76","H,,S","86",",,S","69",",,S"
"DRM00078458","PUERTO PLATA, DR","19.75","-70.55","5.0","2001-03-24","71","H,,S","87",",,S","67",",,S"
"DRM00078458","PUERTO PLATA, DR","19.75","-70.55","5.0","2001-03-25","74","H,,S","86",",,S","66",",,S"
"DRM00078458","PUERTO PLATA, DR","19.75","-70.55","5.0","2001-03-26","78","H,,S","85",",,S","66",",,S"
"DRM00078458","PUERTO PLATA, DR","19.75","-70.55","5.0","2001-03-27","79","H,,S","87",",,S","66",",,S"
"DRM00078458","PUERTO PLATA, DR","19.75","-70.55","5.0","2001-03-28","77","H,,S","87",",,S","67",",,S"
"DRM00078458","PUERTO PLATA, DR","19.75","-70.55","5.0","2001-03-29","78","H,,S","87",",,S","67",",,S"
"DRM00078458","PUERTO PLATA, DR","19.75","-70.55","5.0","2001-03-30","79","H,,S","88",",,S","67",",,S"
"DRM00078458","PUERTO PLATA, DR","19.75","-70.55","5.0","2001-03-31","78","H,,S","90",",,S","69",",,S"
"DRM00078458","PUERTO PLATA, DR","19.75","-70.55","5.0","2001-04-01","79","H,,S","91",",,S","68",",,S"
"DRM00078458","PUERTO PLATA, DR","19.75","-70.55","5.0","2001-04-02","78","H,,S","91",",,S","68",",,S"
"DRM00078458","PUERTO PLATA, DR","19.75","-70.55","5.0","2001-04-03","78","H,,S","87",",,S","68",",,S"
"DRM00078458","PUERTO PLATA, DR","19.75","-70.55","5.0","2001-04-04","76","H,,S","86",",,S","68",",,S"
"DRM00078458","PUERTO PLATA, DR","19.75","-70.55","5.0","2001-04-05","74","H,,S","82",",,S","69",",,S"
"DRM00078458","PUERTO PLATA, DR","19.75","-70.55","5.0","2001-04-06","77","H,,S","83",",,S","68",",,S"
"DRM00078458","PUERTO PLATA, DR","19.75","-70.55","5.0","2001-04-07","78","H,,S","87",",,S","68",",,S"
"DRM00078458","PUERTO PLATA, DR","19.75","-70.55","5.0","2001-04-08","78","H,,S","87",",,S","69",",,S"
"DRM00078458","PUERTO PLATA, DR","19.75","-70.55","5.0","2001-04-09","75","H,,S","87",",,S","68",",,S"
"DRM00078458","PUERTO PLATA, DR","19.75","-70.55","5.0","2001-04-10","78","H,,S","85",",,S","66",",,S"
"DRM00078458","PUERTO PLATA, DR","19.75","-70.55","5.0","2001-04-11","77","H,,S","87",",,S","66",",,S"
"DRM00078458","PUERTO PLATA, DR","19.75","-70.55","5.0","2001-04-12","77","H,,S","86",",,S","66",",,S"
"DRM00078458","PUERTO PLATA, DR","19.75","-70.55","5.0","2001-04-13","78","H,,S","87",",,S","66",",,S"
"DRM00078458","PUERTO PLATA, DR","19.75","-70.55","5.0","2001-04-14","78","H,,S","86",",,S","66",",,S"
"DRM00078458","PUERTO PLATA, DR","19.75","-70.55","5.0","2001-04-15","77","H,,S","85",",,S","68",",,S"
"DRM00078458","PUERTO PLATA, DR","19.75","-70.55","5.0","2001-04-16","78","H,,S","87",",,S","68",",,S"
"DRM00078458","PUERTO PLATA, DR","19.75","-70.55","5.0","2001-04-17","79","H,,S","89",",,S","68",",,S"
"DRM00078458","PUERTO PLATA, DR","19.75","-70.55","5.0","2001-04-18","80","H,,S","91",",,S","70",",,S"
"DRM00078458","PUERTO PLATA, DR","19.75","-70.55","5.0","2001-04-19","77","H,,S","90",",,S","68",",,S"
"DRM00078458","PUERTO PLATA, DR","19.75","-70.55","5.0","2001-04-20","76","H,,S","85",",,S","68",",,S"
"DRM00078458","PUERTO PLATA, DR","19.75","-70.55","5.0","2001-04-21","76","H,,S","84",",,S","68",",,S"
"DRM00078458","PUERTO PLATA, DR","19.75","-70.55","5.0","2001-04-22","75","H,,S","84",",,S","68",",,S"
"DRM00078458","PUERTO PLATA, DR","19.75","-70.55","5.0","2001-04-23","77","H,,S","84",",,S","68",",,S"
"DRM00078458","PUERTO PLATA, DR","19.75","-70.55","5.0","2001-04-24","77","H,,S","85",",,S","68",",,S"
"DRM00078458","PUERTO PLATA, DR","19.75","-70.55","5.0","2001-04-25","78","H,,S","87",",,S","68",",,S"
"DRM00078458","PUERTO PLATA, DR","19.75","-70.55","5.0","2001-04-26","77","H,,S","87",",,S","68",",,S"
"DRM00078458","PUERTO PLATA, DR","19.75","-70.55","5.0","2001-04-27","79","H,,S","90",",,S","68",",,S"
"DRM00078458","PUERTO PLATA, DR","19.75","-70.55","5.0","2001-04-28","78","H,,S","90",",,S","68",",,S"
"DRM00078458","PUERTO PLATA, DR","19.75","-70.55","5.0","2001-04-29","78","H,,S","88",",,S","68",",,S"
"DRM00078458","PUERTO PLATA, DR","19.75","-70.55","5.0","2001-04-30","79","H,,S","88",",,S","69",",,S"
"DRM00078458","PUERTO PLATA, DR","19.75","-70.55","5.0","2001-05-01","80","H,,S","89",",,S","70",",,S"
"DRM00078458","PUERTO PLATA, DR","19.75","-70.55","5.0","2001-05-02","76","H,,S",,,,
"DRM00078458","PUERTO PLATA, DR","19.75","-70.55","5.0","2001-05-03","80","H,,S","89",",,S","70",",,S"
"DRM00078458","PUERTO PLATA, DR","19.75","-70.55","5.0","2001-05-04","80","H,,S","91",",,S","70",",,S"
"DRM00078458","PUERTO PLATA, DR","19.75","-70.55","5.0","2001-05-05","76","H,,S","89",",,S","68",",,S"
"DRM00078458","PUERTO PLATA, DR","19.75","-70.55","5.0","2001-05-06","78","H,,S","84",",,S","68",",,S"
"DRM00078458","PUERTO PLATA, DR","19.75","-70.55","5.0","2001-05-07","78","H,,S","85",",,S","68",",,S"
"DRM00078458","PUERTO PLATA, DR","19.75","-70.55","5.0","2001-05-08","79","H,,S","86",",,S","70",",,S"
"DRM00078458","PUERTO PLATA, DR","19.75","-70.55","5.0","2001-05-09","74","H,,S","87",",,S","70",",,S"
"DRM00078458","PUERTO PLATA, DR","19.75","-70.55","5.0","2001-05-11","76","H,,S","81",",,S","70",",,S"
"DRM00078458","PUERTO PLATA, DR","19.75","-70.55","5.0","2001-05-12","77","H,,S","85",",,S","70",",,S"
"DRM00078458","PUERTO PLATA, DR","19.75","-70.55","5.0","2001-05-13","79","H,,S","86",",,S","70",",,S"
"DRM00078458","PUERTO PLATA, DR","19.75","-70.55","5.0","2001-05-14","81","H,,S","90",",,S","70",",,S"
"DRM00078458","PUERTO PLATA, DR","19.75","-70.55","5.0","2001-05-15","76","H,,S","91",",,S","70",",,S"
"DRM00078458","PUERTO PLATA, DR","19.75","-70.55","5.0","2001-05-16","75","H,,S","86",",,S","69",",,S"
"DRM00078458","PUERTO PLATA, DR","19.75","-70.55","5.0","2001-05-17","77","H,,S","85",",,S","69",",,S"
"DRM00078458","PUERTO PLATA, DR","19.75","-70.55","5.0","2001-05-18","76","H,,S","85",",,S","69",",,S"
"DRM00078458","PUERTO PLATA, DR","19.75","-70.55","5.0","2001-05-19","78","H,,S","86",",,S","69",",,S"
"DRM00078458","PUERTO PLATA, DR","19.75","-70.55","5.0","2001-05-20","78","H,,S","87",",,S","70",",,S"
"DRM00078458","PUERTO PLATA, DR","19.75","-70.55","5.0","2001-05-21","79","H,,S","88",",,S","70",",,S"
"DRM00078458","PUERTO PLATA, DR","19.75","-70.55","5.0","2001-05-22","80","H,,S","89",",,S","69",",,S"
"DRM00078458","PUERTO PLATA, DR","19.75","-70.55","5.0","2001-05-23","80","H,,S","90",",,S","69",",,S"
"DRM00078458","PUERTO PLATA, DR","19.75","-70.55","5.0","2001-05-24","81","H,,S","91",",,S","70",",,S"
"DRM00078458","PUERTO PLATA, DR","19.75","-70.55","5.0","2001-05-25","81","H,,S","95",",,S","71",",,S"
"DRM00078458","PUERTO PLATA, DR","19.75","-70.55","5.0","2001-05-31","81","H,,S","90",",,S","72",",,S"
"DRM00078458","PUERTO PLATA, DR","19.75","-70.55","5.0","2001-06-01","82","H,,S","90",",,S","72",",,S"
"DRM00078458","PUERTO PLATA, DR","19.75","-70.55","5.0","2001-06-02","84","H,,S","90",",,S","71",",,S"
"DRM00078458","PUERTO PLATA, DR","19.75","-70.55","5.0","2001-06-03","82","H,,S","90",",,S","71",",,S"
"DRM00078458","PUERTO PLATA, DR","19.75","-70.55","5.0","2001-06-04","81","H,,S","90",",,S","72",",,S"
"DRM00078458","PUERTO PLATA, DR","19.75","-70.55","5.0","2001-06-05","80","H,,S","90",",,S","71",",,S"
"DRM00078458","PUERTO PLATA, DR","19.75","-70.55","5.0","2001-06-06","81","H,,S","90",",,S","71",",,S"
"DRM00078458","PUERTO PLATA, DR","19.75","-70.55","5.0","2001-06-07","82","H,,S","91",",,S","71",",,S"
"DRM00078458","PUERTO PLATA, DR","19.75","-70.55","5.0","2001-06-08","81","H,,S","91",",,S","72",",,S"
"DRM00078458","PUERTO PLATA, DR","19.75","-70.55","5.0","2001-06-09","81","H,,S","90",",,S","72",",,S"
"DRM00078458","PUERTO PLATA, DR","19.75","-70.55","5.0","2001-06-10","81","H,,S","90",",,S","72",",,S"
"DRM00078458","PUERTO PLATA, DR","19.75","-70.55","5.0","2001-06-11","84","H,,S","97",",,S","72",",,S"
"DRM00078458","PUERTO PLATA, DR","19.75","-70.55","5.0","2001-06-12","84","H,,S","97",",,S","70",",,S"
"DRM00078458","PUERTO PLATA, DR","19.75","-70.55","5.0","2001-06-13","82","H,,S","91",",,S","70",",,S"
"DRM00078458","PUERTO PLATA, DR","19.75","-70.55","5.0","2001-06-14","81","H,,S","91",",,S","71",",,S"
"DRM00078458","PUERTO PLATA, DR","19.75","-70.55","5.0","2001-06-15","82","H,,S","90",",,S","72",",,S"
"DRM00078458","PUERTO PLATA, DR","19.75","-70.55","5.0","2001-06-16","82","H,,S","89",",,S","72",",,S"
"DRM00078458","PUERTO PLATA, DR","19.75","-70.55","5.0","2001-06-17","80","H,,S","90",",,S","70",",,S"
"DRM00078458","PUERTO PLATA, DR","19.75","-70.55","5.0","2001-06-18","81","H,,S","90",",,S","70",",,S"
"DRM00078458","PUERTO PLATA, DR","19.75","-70.55","5.0","2001-06-20","85","H,,S","91",",,S","72",",,S"
"DRM00078458","PUERTO PLATA, DR","19.75","-70.55","5.0","2001-06-21","84","H,,S","92",",,S","72",",,S"
"DRM00078458","PUERTO PLATA, DR","19.75","-70.55","5.0","2001-06-22","84","H,,S","92",",,S","72",",,S"
"DRM00078458","PUERTO PLATA, DR","19.75","-70.55","5.0","2001-06-23","83","H,,S","91",",,S","72",",,S"
"DRM00078458","PUERTO PLATA, DR","19.75","-70.55","5.0","2001-06-24","82","H,,S","91",",,S","72",",,S"
"DRM00078458","PUERTO PLATA, DR","19.75","-70.55","5.0","2001-06-25","83","H,,S","91",",,S","72",",,S"
"DRM00078458","PUERTO PLATA, DR","19.75","-70.55","5.0","2001-06-26","83","H,,S","95",",,S","72",",,S"
"DRM00078458","PUERTO PLATA, DR","19.75","-70.55","5.0","2001-06-27","84","H,,S","95",",,S","72",",,S"
"DRM00078458","PUERTO PLATA, DR","19.75","-70.55","5.0","2001-06-28","81","H,,S","91",",,S","71",",,S"
"DRM00078458","PUERTO PLATA, DR","19.75","-70.55","5.0","2001-06-29","83","H,,S","91",",,S","71",",,S"
"DRM00078458","PUERTO PLATA, DR","19.75","-70.55","5.0","2001-06-30","81","H,,S","90",",,S","72",",,S"
"DRM00078458","PUERTO PLATA, DR","19.75","-70.55","5.0","2001-07-01","81","H,,S","90",",,S","72",",,S"
"DRM00078458","PUERTO PLATA, DR","19.75","-70.55","5.0","2001-07-02","81","H,,S","90",",,S","72",",,S"
"DRM00078458","PUERTO PLATA, DR","19.75","-70.55","5.0","2001-07-03","80","H,,S","94",",,S","72",",,S"
"DRM00078458","PUERTO PLATA, DR","19.75","-70.55","5.0","2001-07-04","82","H,,S","94",",,S","72",",,S"
"DRM00078458","PUERTO PLATA, DR","19.75","-70.55","5.0","2001-07-05","79","H,,S","91",",,S","72",",,S"
"DRM00078458","PUERTO PLATA, DR","19.75","-70.55","5.0","2001-07-06","80","H,,S","91",",,S","71",",,S"
"DRM00078458","PUERTO PLATA, DR","19.75","-70.55","5.0","2001-07-07","83","H,,S","91",",,S","71",",,S"
"DRM00078458","PUERTO PLATA, DR","19.75","-70.55","5.0","2001-07-08","82","H,,S","91",",,S","71",",,S"
"DRM00078458","PUERTO PLATA, DR","19.75","-70.55","5.0","2001-07-09","83","H,,S","91",",,S","72",",,S"
"DRM00078458","PUERTO PLATA, DR","19.75","-70.55","5.0","2001-07-10","84","H,,S","92",",,S","72",",,S"
"DRM00078458","PUERTO PLATA, DR","19.75","-70.55","5.0","2001-07-11","83","H,,S","94",",,S","72",",,S"
"DRM00078458","PUERTO PLATA, DR","19.75","-70.55","5.0","2001-07-12","82","H,,S","94",",,S","72",",,S"
"DRM00078458","PUERTO PLATA, DR","19.75","-70.55","5.0","2001-07-13","83","H,,S","91",",,S","72",",,S"
"DRM00078458","PUERTO PLATA, DR","19.75","-70.55","5.0","2001-07-14","84","H,,S","96",",,S","72",",,S"
"DRM00078458","PUERTO PLATA, DR","19.75","-70.55","5.0","2001-07-15","85","H,,S","98",",,S","71",",,S"
"DRM00078458","PUERTO PLATA, DR","19.75","-70.55","5.0","2001-07-16","83","H,,S","96",",,S","72",",,S"
"DRM00078458","PUERTO PLATA, DR","19.75","-70.55","5.0","2001-07-17","82","H,,S","94",",,S","72",",,S"
"DRM00078458","PUERTO PLATA, DR","19.75","-70.55","5.0","2001-07-18","81","H,,S","94",",,S","72",",,S"
"DRM00078458","PUERTO PLATA, DR","19.75","-70.55","5.0","2001-07-19","82","H,,S","91",",,S","72",",,S"
"DRM00078458","PUERTO PLATA, DR","19.75","-70.55","5.0","2001-07-20","83","H,,S","92",",,S","72",",,S"
"DRM00078458","PUERTO PLATA, DR","19.75","-70.55","5.0","2001-07-21","84","H,,S","92",",,S","72",",,S"
"DRM00078458","PUERTO PLATA, DR","19.75","-70.55","5.0","2001-07-22","81","H,,S","94",",,S","72",",,S"
"DRM00078458","PUERTO PLATA, DR","19.75","-70.55","5.0","2001-07-23","81","H,,S","92",",,S","72",",,S"
"DRM00078458","PUERTO PLATA, DR","19.75","-70.55","5.0","2001-07-24","82","H,,S","92",",,S","72",",,S"
"DRM00078458","PUERTO PLATA, DR","19.75","-70.55","5.0","2001-07-25","79","H,,S","92",",,S","72",",,S"
"DRM00078458","PUERTO PLATA, DR","19.75","-70.55","5.0","2001-07-26","80","H,,S","92",",,S","71",",,S"
"DRM00078458","PUERTO PLATA, DR","19.75","-70.55","5.0","2001-07-27","80","H,,S","92",",,S","71",",,S"
"DRM00078458","PUERTO PLATA, DR","19.75","-70.55","5.0","2001-07-28","83","H,,S","92",",,S","72",",,S"
"DRM00078458","PUERTO PLATA, DR","19.75","-70.55","5.0","2001-07-29","83","H,,S","92",",,S","72",",,S"
"DRM00078458","PUERTO PLATA, DR","19.75","-70.55","5.0","2001-07-30","79","H,,S","91",",,S","71",",,S"
"DRM00078458","PUERTO PLATA, DR","19.75","-70.55","5.0","2001-07-31","81","H,,S","90",",,S","69",",,S"
"DRM00078458","PUERTO PLATA, DR","19.75","-70.55","5.0","2001-08-01","82","H,,S","91",",,S","68",",,S"
"DRM00078458","PUERTO PLATA, DR","19.75","-70.55","5.0","2001-08-02","81","H,,S","91",",,S","69",",,S"
"DRM00078458","PUERTO PLATA, DR","19.75","-70.55","5.0","2001-08-03","82","H,,S","90",",,S","71",",,S"
"DRM00078458","PUERTO PLATA, DR","19.75","-70.55","5.0","2001-08-04","81","H,,S","93",",,S","72",",,S"
"DRM00078458","PUERTO PLATA, DR","19.75","-70.55","5.0","2001-08-05","83","H,,S","93",",,S","72",",,S"
"DRM00078458","PUERTO PLATA, DR","19.75","-70.55","5.0","2001-08-06","83","H,,S","92",",,S","72",",,S"
"DRM00078458","PUERTO PLATA, DR","19.75","-70.55","5.0","2001-08-07","82","H,,S","92",",,S","72",",,S"
"DRM00078458","PUERTO PLATA, DR","19.75","-70.55","5.0","2001-08-08","83","H,,S","94",",,S","72",",,S"
"DRM00078458","PUERTO PLATA, DR","19.75","-70.55","5.0","2001-08-09","83","H,,S","94",",,S","72",",,S"
"DRM00078458","PUERTO PLATA, DR","19.75","-70.55","5.0","2001-08-10","82","H,,S","90",",,S","72",",,S"
"DRM00078458","PUERTO PLATA, DR","19.75","-70.55","5.0","2001-08-11","81","H,,S","90",",,S","72",",,S"
"DRM00078458","PUERTO PLATA, DR","19.75","-70.55","5.0","2001-08-12","82","H,,S","90",",,S","72",",,S"
"DRM00078458","PUERTO PLATA, DR","19.75","-70.55","5.0","2001-08-13","83","H,,S","94",",,S","72",",,S"
"DRM00078458","PUERTO PLATA, DR","19.75","-70.55","5.0","2001-08-14","85","H,,S","96",",,S","74",",,S"
"DRM00078458","PUERTO PLATA, DR","19.75","-70.55","5.0","2001-08-15","83","H,,S","96",",,S","72",",,S"
"DRM00078458","PUERTO PLATA, DR","19.75","-70.55","5.0","2001-08-16","84","H,,S","94",",,S","72",",,S"
"DRM00078458","PUERTO PLATA, DR","19.75","-70.55","5.0","2001-08-17","84","H,,S","94",",,S","72",",,S"
"DRM00078458","PUERTO PLATA, DR","19.75","-70.55","5.0","2001-08-18","82","H,,S","92",",,S","72",",,S"
"DRM00078458","PUERTO PLATA, DR","19.75","-70.55","5.0","2001-08-19","84","H,,S","94",",,S","72",",,S"
"DRM00078458","PUERTO PLATA, DR","19.75","-70.55","5.0","2001-08-20","83","H,,S","94",",,S","72",",,S"
"DRM00078458","PUERTO PLATA, DR","19.75","-70.55","5.0","2001-08-21","83","H,,S","95",",,S","72",",,S"
"DRM00078458","PUERTO PLATA, DR","19.75","-70.55","5.0","2001-08-22","82","H,,S","95",",,S","72",",,S"
"DRM00078458","PUERTO PLATA, DR","19.75","-70.55","5.0","2001-08-23","83","H,,S","94",",,S","72",",,S"
"DRM00078458","PUERTO PLATA, DR","19.75","-70.55","5.0","2001-08-24","84","H,,S","93",",,S","72",",,S"
"DRM00078458","PUERTO PLATA, DR","19.75","-70.55","5.0","2001-08-25","84","H,,S","94",",,S","72",",,S"
"DRM00078458","PUERTO PLATA, DR","19.75","-70.55","5.0","2001-08-26","84","H,,S","93",",,S","72",",,S"
"DRM00078458","PUERTO PLATA, DR","19.75","-70.55","5.0","2001-08-27","83","H,,S","92",",,S","72",",,S"
"DRM00078458","PUERTO PLATA, DR","19.75","-70.55","5.0","2001-08-28","85","H,,S","94",",,S","72",",,S"
"DRM00078458","PUERTO PLATA, DR","19.75","-70.55","5.0","2001-08-29","81","H,,S","91",",,S","71",",,S"
"DRM00078458","PUERTO PLATA, DR","19.75","-70.55","5.0","2001-08-30","82","H,,S","92",",,S","71",",,S"
"DRM00078458","PUERTO PLATA, DR","19.75","-70.55","5.0","2001-08-31","81","H,,S","92",",,S","72",",,S"
"DRM00078458","PUERTO PLATA, DR","19.75","-70.55","5.0","2001-09-01","82","H,,S","91",",,S","72",",,S"
"DRM00078458","PUERTO PLATA, DR","19.75","-70.55","5.0","2001-09-02","80","H,,S",,,,
"DRM00078458","PUERTO PLATA, DR","19.75","-70.55","5.0","2001-09-03","80","H,,S","95",",,S","72",",,S"
"DRM00078458","PUERTO PLATA, DR","19.75","-70.55","5.0","2001-09-04","82","H,,S","95",",,S","72",",,S"
"DRM00078458","PUERTO PLATA, DR","19.75","-70.55","5.0","2001-09-05","83","H,,S","94",",,S","72",",,S"
"DRM00078458","PUERTO PLATA, DR","19.75","-70.55","5.0","2001-09-06","83","H,,S","94",",,S","72",",,S"
"DRM00078458","PUERTO PLATA, DR","19.75","-70.55","5.0","2001-09-07","79","H,,S","92",",,S","71",",,S"
"DRM00078458","PUERTO PLATA, DR","19.75","-70.55","5.0","2001-09-08","79","H,,S","91",",,S","71",",,S"
"DRM00078458","PUERTO PLATA, DR","19.75","-70.55","5.0","2001-09-09","82","H,,S","91",",,S","71",",,S"
"DRM00078458","PUERTO PLATA, DR","19.75","-70.55","5.0","2001-09-10","84","H,,S","91",",,S","71",",,S"
"DRM00078458","PUERTO PLATA, DR","19.75","-70.55","5.0","2001-09-11","82","H,,S","90",",,S","71",",,S"
"DRM00078458","PUERTO PLATA, DR","19.75","-70.55","5.0","2001-09-12","83","H,,S","92",",,S","72",",,S"
"DRM00078458","PUERTO PLATA, DR","19.75","-70.55","5.0","2001-09-13","82","H,,S","92",",,S","72",",,S"
"DRM00078458","PUERTO PLATA, DR","19.75","-70.55","5.0","2001-09-14","83","H,,S","94",",,S","72",",,S"
"DRM00078458","PUERTO PLATA, DR","19.75","-70.55","5.0","2001-09-15","84","H,,S","98",",,S","72",",,S"
"DRM00078458","PUERTO PLATA, DR","19.75","-70.55","5.0","2001-09-16","86","H,,S","99",",,S","72",",,S"
"DRM00078458","PUERTO PLATA, DR","19.75","-70.55","5.0","2001-09-17","84","H,,S","98",",,S","72",",,S"
"DRM00078458","PUERTO PLATA, DR","19.75","-70.55","5.0","2001-09-18","83","H,,S","95",",,S","72",",,S"
"DRM00078458","PUERTO PLATA, DR","19.75","-70.55","5.0","2001-09-19","82","H,,S","94",",,S","72",",,S"
"DRM00078458","PUERTO PLATA, DR","19.75","-70.55","5.0","2001-09-20","79","H,,S","93",",,S","72",",,S"
"DRM00078458","PUERTO PLATA, DR","19.75","-70.55","5.0","2001-09-21","83","H,,S","90",",,S","69",",,S"
"DRM00078458","PUERTO PLATA, DR","19.75","-70.55","5.0","2001-09-22","82","H,,S","91",",,S","72",",,S"
"DRM00078458","PUERTO PLATA, DR","19.75","-70.55","5.0","2001-09-23","78","H,,S","91",",,S","69",",,S"
"DRM00078458","PUERTO PLATA, DR","19.75","-70.55","5.0","2001-09-24","81","H,,S","91",",,S","69",",,S"
"DRM00078458","PUERTO PLATA, DR","19.75","-70.55","5.0","2001-09-25","82","H,,S","93",",,S","69",",,S"
"DRM00078458","PUERTO PLATA, DR","19.75","-70.55","5.0","2001-09-26","82","H,,S","93",",,S","69",",,S"
"DRM00078458","PUERTO PLATA, DR","19.75","-70.55","5.0","2001-09-27","83","H,,S","92",",,S","72",",,S"
"DRM00078458","PUERTO PLATA, DR","19.75","-70.55","5.0","2001-09-28","82","H,,S","93",",,S","72",",,S"
"DRM00078458","PUERTO PLATA, DR","19.75","-70.55","5.0","2001-09-29","83","H,,S",,,,
"DRM00078458","PUERTO PLATA, DR","19.75","-70.55","5.0","2001-09-30","84","H,,S","99",",,S","72",",,S"
"DRM00078458","PUERTO PLATA, DR","19.75","-70.55","5.0","2001-10-01","83","H,,S","97",",,S","72",",,S"
"DRM00078458","PUERTO PLATA, DR","19.75","-70.55","5.0","2001-10-02","81","H,,S","98",",,S","72",",,S"
"DRM00078458","PUERTO PLATA, DR","19.75","-70.55","5.0","2001-10-03","83","H,,S","98",",,S","72",",,S"
"DRM00078458","PUERTO PLATA, DR","19.75","-70.55","5.0","2001-10-04","82","H,,S","94",",,S","72",",,S"
"DRM00078458","PUERTO PLATA, DR","19.75","-70.55","5.0","2001-10-05","80","H,,S","92",",,S","72",",,S"
"DRM00078458","PUERTO PLATA, DR","19.75","-70.55","5.0","2001-10-06","81","H,,S","91",",,S","72",",,S"
"DRM00078458","PUERTO PLATA, DR","19.75","-70.55","5.0","2001-10-07","84","H,,S","91",",,S","72",",,S"
"DRM00078458","PUERTO PLATA, DR","19.75","-70.55","5.0","2001-10-08","86","H,,S",,,,
"DRM00078458","PUERTO PLATA, DR","19.75","-70.55","5.0","2001-10-09","81","H,,S","91",",,S","72",",,S"
"DRM00078458","PUERTO PLATA, DR","19.75","-70.55","5.0","2001-10-10","78","H,,S","90",",,S","70",",,S"
"DRM00078458","PUERTO PLATA, DR","19.75","-70.55","5.0","2001-10-11","81","H,,S","90",",,S","70",",,S"
"DRM00078458","PUERTO PLATA, DR","19.75","-70.55","5.0","2001-10-12","80","H,,S","90",",,S","70",",,S"
"DRM00078458","PUERTO PLATA, DR","19.75","-70.55","5.0","2001-10-13","81","H,,S","89",",,S","70",",,S"
"DRM00078458","PUERTO PLATA, DR","19.75","-70.55","5.0","2001-10-14","81","H,,S",,,,
"DRM00078458","PUERTO PLATA, DR","19.75","-70.55","5.0","2001-10-15","80","H,,S","91",",,S","70",",,S"
"DRM00078458","PUERTO PLATA, DR","19.75","-70.55","5.0","2001-10-16","78","H,,S","87",",,S","71",",,S"
"DRM00078458","PUERTO PLATA, DR","19.75","-70.55","5.0","2001-10-17","80","H,,S",,,,
"DRM00078458","PUERTO PLATA, DR","19.75","-70.55","5.0","2001-10-18","80","H,,S","91",",,S","72",",,S"
"DRM00078458","PUERTO PLATA, DR","19.75","-70.55","5.0","2001-10-19","83","H,,S",,,,
"DRM00078458","PUERTO PLATA, DR","19.75","-70.55","5.0","2001-10-20","82","H,,S","92",",,S","71",",,S"
"DRM00078458","PUERTO PLATA, DR","19.75","-70.55","5.0","2001-10-21","83","H,,S","93",",,S","72",",,S"
"DRM00078458","PUERTO PLATA, DR","19.75","-70.55","5.0","2001-10-22","83","H,,S","92",",,S","72",",,S"
"DRM00078458","PUERTO PLATA, DR","19.75","-70.55","5.0","2001-10-23","81","H,,S","92",",,S","72",",,S"
"DRM00078458","PUERTO PLATA, DR","19.75","-70.55","5.0","2001-10-24","80","H,,S","92",",,S","71",",,S"
"DRM00078458","PUERTO PLATA, DR","19.75","-70.55","5.0","2001-10-25","82","H,,S","93",",,S","71",",,S"
"DRM00078458","PUERTO PLATA, DR","19.75","-70.55","5.0","2001-10-26","80","H,,S",,,,
"DRM00078458","PUERTO PLATA, DR","19.75","-70.55","5.0","2001-10-27","81","H,,S","91",",,S","71",",,S"
"DRM00078458","PUERTO PLATA, DR","19.75","-70.55","5.0","2001-10-28","81","H,,S","92",",,S","70",",,S"
"DRM00078458","PUERTO PLATA, DR","19.75","-70.55","5.0","2001-10-29","80","H,,S","90",",,S","70",",,S"
"DRM00078458","PUERTO PLATA, DR","19.75","-70.55","5.0","2001-10-30","79","H,,S","88",",,S","70",",,S"
"DRM00078458","PUERTO PLATA, DR","19.75","-70.55","5.0","2001-10-31","80","H,,S","90",",,S","70",",,S"
"DRM00078458","PUERTO PLATA, DR","19.75","-70.55","5.0","2001-11-01","81","H,,S","90",",,S","70",",,S"
"DRM00078458","PUERTO PLATA, DR","19.75","-70.55","5.0","2001-11-02","80","H,,S","91",",,S","71",",,S"
"DRM00078458","PUERTO PLATA, DR","19.75","-70.55","5.0","2001-11-03","78","H,,S","88",",,S","70",",,S"
"DRM00078458","PUERTO PLATA, DR","19.75","-70.55","5.0","2001-11-04","78","H,,S","87",",,S","69",",,S"
"DRM00078458","PUERTO PLATA, DR","19.75","-70.55","5.0","2001-11-05","80","H,,S","89",",,S","69",",,S"
"DRM00078458","PUERTO PLATA, DR","19.75","-70.55","5.0","2001-11-06","78","H,,S","89",",,S","70",",,S"
"DRM00078458","PUERTO PLATA, DR","19.75","-70.55","5.0","2001-11-07","73","H,,S","80",",,S","70",",,S"
"DRM00078458","PUERTO PLATA, DR","19.75","-70.55","5.0","2001-11-08","76","H,,S","83",",,S","69",",,S"
"DRM00078458","PUERTO PLATA, DR","19.75","-70.55","5.0","2001-11-09","76","H,,S","84",",,S","69",",,S"
"DRM00078458","PUERTO PLATA, DR","19.75","-70.55","5.0","2001-11-10","78","H,,S","86",",,S","69",",,S"
"DRM00078458","PUERTO PLATA, DR","19.75","-70.55","5.0","2001-11-11","76","H,,S","86",",,S","68",",,S"
"DRM00078458","PUERTO PLATA, DR","19.75","-70.55","5.0","2001-11-12","78","H,,S","86",",,S","68",",,S"
"DRM00078458","PUERTO PLATA, DR","19.75","-70.55","5.0","2001-11-13","79","H,,S","90",",,S","68",",,S"
"DRM00078458","PUERTO PLATA, DR","19.75","-70.55","5.0","2001-11-14","79","H,,S","90",",,S","68",",,S"
"DRM00078458","PUERTO PLATA, DR","19.75","-70.55","5.0","2001-11-15","80","H,,S","88",",,S","70",",,S"
"DRM00078458","PUERTO PLATA, DR","19.75","-70.55","5.0","2001-11-16","79","H,,S","87",",,S","69",",,S"
"DRM00078458","PUERTO PLATA, DR","19.75","-70.55","5.0","2001-11-17","77","H,,S","87",",,S","69",",,S"
"DRM00078458","PUERTO PLATA, DR","19.75","-70.55","5.0","2001-11-18","79","H,,S","89",",,S","71",",,S"
"DRM00078458","PUERTO PLATA, DR","19.75","-70.55","5.0","2001-11-19","77","H,,S","85",",,S","70",",,S"
"DRM00078458","PUERTO PLATA, DR","19.75","-70.55","5.0","2001-11-20","77","H,,S","84",",,S","70",",,S"
"DRM00078458","PUERTO PLATA, DR","19.75","-70.55","5.0","2001-11-21","79","H,,S","85",",,S","68",",,S"
"DRM00078458","PUERTO PLATA, DR","19.75","-70.55","5.0","2001-11-22","78","H,,S","85",",,S","68",",,S"
"DRM00078458","PUERTO PLATA, DR","19.75","-70.55","5.0","2001-11-23","78","H,,S","86",",,S","69",",,S"
"DRM00078458","PUERTO PLATA, DR","19.75","-70.55","5.0","2001-11-24","78","H,,S","86",",,S","69",",,S"
"DRM00078458","PUERTO PLATA, DR","19.75","-70.55","5.0","2001-11-25","76","H,,S","85",",,S","69",",,S"
"DRM00078458","PUERTO PLATA, DR","19.75","-70.55","5.0","2001-11-26","75","H,,S","83",",,S","67",",,S"
"DRM00078458","PUERTO PLATA, DR","19.75","-70.55","5.0","2001-11-27","75","H,,S","85",",,S","66",",,S"
"DRM00078458","PUERTO PLATA, DR","19.75","-70.55","5.0","2001-11-28","76","H,,S","85",",,S","66",",,S"
"DRM00078458","PUERTO PLATA, DR","19.75","-70.55","5.0","2001-11-29","79","H,,S","85",",,S","66",",,S"
"DRM00078458","PUERTO PLATA, DR","19.75","-70.55","5.0","2001-11-30","75","H,,S","82",",,S","66",",,S"
"DRM00078458","PUERTO PLATA, DR","19.75","-70.55","5.0","2001-12-01","76","H,,S","82",",,S","66",",,S"
"DRM00078458","PUERTO PLATA, DR","19.75","-70.55","5.0","2001-12-02","77","H,,S","85",",,S","66",",,S"
"DRM00078458","PUERTO PLATA, DR","19.75","-70.55","5.0","2001-12-03","78","H,,S","85",",,S","66",",,S"
"DRM00078458","PUERTO PLATA, DR","19.75","-70.55","5.0","2001-12-04","77","H,,S","86",",,S","67",",,S"
"DRM00078458","PUERTO PLATA, DR","19.75","-70.55","5.0","2001-12-05","78","H,,S","86",",,S","66",",,S"
"DRM00078458","PUERTO PLATA, DR","19.75","-70.55","5.0","2001-12-06","78","H,,S","85",",,S","66",",,S"
"DRM00078458","PUERTO PLATA, DR","19.75","-70.55","5.0","2001-12-07","77","H,,S","84",",,S","67",",,S"
"DRM00078458","PUERTO PLATA, DR","19.75","-70.55","5.0","2001-12-08","75","H,,S","86",",,S","69",",,S"
"DRM00078458","PUERTO PLATA, DR","19.75","-70.55","5.0","2001-12-09","77","H,,S","86",",,S","67",",,S"
"DRM00078458","PUERTO PLATA, DR","19.75","-70.55","5.0","2001-12-10","77","H,,S","86",",,S","67",",,S"
"DRM00078458","PUERTO PLATA, DR","19.75","-70.55","5.0","2001-12-11","77","H,,S","84",",,S","67",",,S"
"DRM00078458","PUERTO PLATA, DR","19.75","-70.55","5.0","2001-12-12","77","H,,S","86",",,S","66",",,S"
"DRM00078458","PUERTO PLATA, DR","19.75","-70.55","5.0","2001-12-13","79","H,,S","87",",,S","66",",,S"
"DRM00078458","PUERTO PLATA, DR","19.75","-70.55","5.0","2001-12-14","78","H,,S","87",",,S","66",",,S"
"DRM00078458","PUERTO PLATA, DR","19.75","-70.55","5.0","2001-12-15","76","H,,S","85",",,S","67",",,S"
"DRM00078458","PUERTO PLATA, DR","19.75","-70.55","5.0","2001-12-16","76","H,,S","85",",,S","68",",,S"
"DRM00078458","PUERTO PLATA, DR","19.75","-70.55","5.0","2001-12-17","75","H,,S","85",",,S","66",",,S"
"DRM00078458","PUERTO PLATA, DR","19.75","-70.55","5.0","2001-12-18","76","H,,S","83",",,S","67",",,S"
"DRM00078458","PUERTO PLATA, DR","19.75","-70.55","5.0","2001-12-19","78","H,,S","85",",,S","68",",,S"
"DRM00078458","PUERTO PLATA, DR","19.75","-70.55","5.0","2001-12-20","78","H,,S","89",",,S","67",",,S"
"DRM00078458","PUERTO PLATA, DR","19.75","-70.55","5.0","2001-12-21","76","H,,S","90",",,S","66",",,S"
"DRM00078458","PUERTO PLATA, DR","19.75","-70.55","5.0","2001-12-22","75","H,,S","86",",,S","66",",,S"
"DRM00078458","PUERTO PLATA, DR","19.75","-70.55","5.0","2001-12-23","74","H,,S","82",",,S","66",",,S"
"DRM00078458","PUERTO PLATA, DR","19.75","-70.55","5.0","2001-12-24","76","H,,S","82",",,S","67",",,S"
"DRM00078458","PUERTO PLATA, DR","19.75","-70.55","5.0","2001-12-25","79","H,,S","85",",,S","66",",,S"
"DRM00078458","PUERTO PLATA, DR","19.75","-70.55","5.0","2001-12-26","77","H,,S","85",",,S","66",",,S"
"DRM00078458","PUERTO PLATA, DR","19.75","-70.55","5.0","2001-12-27","79","H,,S","86",",,S","66",",,S"
"DRM00078458","PUERTO PLATA, DR","19.75","-70.55","5.0","2001-12-28","78","H,,S","84",",,S","66",",,S"
"DRM00078458","PUERTO PLATA, DR","19.75","-70.55","5.0","2001-12-29","78","H,,S","87",",,S","66",",,S"
"DRM00078458","PUERTO PLATA, DR","19.75","-70.55","5.0","2001-12-30","78","H,,S","88",",,S","67",",,S"
"DRM00078458","PUERTO PLATA, DR","19.75","-70.55","5.0","2001-12-31","78","H,,S","88",",,S","66",",,S"
"DRM00078458","PUERTO PLATA, DR","19.75","-70.55","5.0","2002-01-01","79","H,,S","86",",,S","66",",,S"
"DRM00078458","PUERTO PLATA, DR","19.75","-70.55","5.0","2002-01-02","79","H,,S","88",",,S","66",",,S"
"DRM00078458","PUERTO PLATA, DR","19.75","-70.55","5.0","2002-01-03","78","H,,S","90",",,S","66",",,S"
"DRM00078458","PUERTO PLATA, DR","19.75","-70.55","5.0","2002-01-04","78","H,,S","90",",,S","65",",,S"
"DRM00078458","PUERTO PLATA, DR","19.75","-70.55","5.0","2002-01-05","74","H,,S","85",",,S","65",",,S"
"DRM00078458","PUERTO PLATA, DR","19.75","-70.55","5.0","2002-01-06","75","H,,S","83",",,S","64",",,S"
"DRM00078458","PUERTO PLATA, DR","19.75","-70.55","5.0","2002-01-07","77","H,,S","85",",,S","64",",,S"
"DRM00078458","PUERTO PLATA, DR","19.75","-70.55","5.0","2002-01-08","76","H,,S","85",",,S","66",",,S"
"DRM00078458","PUERTO PLATA, DR","19.75","-70.55","5.0","2002-01-09","75","H,,S","84",",,S","65",",,S"
"DRM00078458","PUERTO PLATA, DR","19.75","-70.55","5.0","2002-01-10","75","H,,S","82",",,S","64",",,S"
"DRM00078458","PUERTO PLATA, DR","19.75","-70.55","5.0","2002-01-11","77","H,,S",,,,
"DRM00078458","PUERTO PLATA, DR","19.75","-70.55","5.0","2002-01-12","78","H,,S","89",",,S","65",",,S"
"DRM00078458","PUERTO PLATA, DR","19.75","-70.55","5.0","2002-01-13","77","H,,S","86",",,S","64",",,S"
"DRM00078458","PUERTO PLATA, DR","19.75","-70.55","5.0","2002-01-14","78","H,,S","86",",,S","64",",,S"
"DRM00078458","PUERTO PLATA, DR","19.75","-70.55","5.0","2002-01-15","78","H,,S","87",",,S","65",",,S"
"DRM00078458","PUERTO PLATA, DR","19.75","-70.55","5.0","2002-01-16","77","H,,S","86",",,S","64",",,S"
"DRM00078458","PUERTO PLATA, DR","19.75","-70.55","5.0","2002-01-17","77","H,,S","85",",,S","65",",,S"
"DRM00078458","PUERTO PLATA, DR","19.75","-70.55","5.0","2002-01-18","76","H,,S","85",",,S","64",",,S"
"DRM00078458","PUERTO PLATA, DR","19.75","-70.55","5.0","2002-01-19","76","H,,S","85",",,S","64",",,S"
"DRM00078458","PUERTO PLATA, DR","19.75","-70.55","5.0","2002-01-20","78","H,,S","87",",,S","64",",,S"
"DRM00078458","PUERTO PLATA, DR","19.75","-70.55","5.0","2002-01-21","77","H,,S","85",",,S","64",",,S"
"DRM00078458","PUERTO PLATA, DR","19.75","-70.55","5.0","2002-01-22","76","H,,S","86",",,S","64",",,S"
"DRM00078458","PUERTO PLATA, DR","19.75","-70.55","5.0","2002-01-23","76","H,,S","85",",,S","64",",,S"
"DRM00078458","PUERTO PLATA, DR","19.75","-70.55","5.0","2002-01-24","76","H,,S","81",",,S","64",",,S"
"DRM00078458","PUERTO PLATA, DR","19.75","-70.55","5.0","2002-01-25","78","H,,S","86",",,S","65",",,S"
"DRM00078458","PUERTO PLATA, DR","19.75","-70.55","5.0","2002-01-26","78","H,,S","86",",,S","64",",,S"
"DRM00078458","PUERTO PLATA, DR","19.75","-70.55","5.0","2002-01-27","77","H,,S","86",",,S","64",",,S"
"DRM00078458","PUERTO PLATA, DR","19.75","-70.55","5.0","2002-01-28","77","H,,S","85",",,S","64",",,S"
"DRM00078458","PUERTO PLATA, DR","19.75","-70.55","5.0","2002-01-29","77","H,,S","84",",,S","64",",,S"
"DRM00078458","PUERTO PLATA, DR","19.75","-70.55","5.0","2002-01-30","75","H,,S","83",",,S","64",",,S"
"DRM00078458","PUERTO PLATA, DR","19.75","-70.55","5.0","2002-01-31","76","H,,S","83",",,S","64",",,S"
"DRM00078458","PUERTO PLATA, DR","19.75","-70.55","5.0","2002-02-01","76","H,,S","85",",,S","65",",,S"
"DRM00078458","PUERTO PLATA, DR","19.75","-70.55","5.0","2002-02-02","77","H,,S","84",",,S","65",",,S"
"DRM00078458","PUERTO PLATA, DR","19.75","-70.55","5.0","2002-02-03","77","H,,S","84",",,S","64",",,S"
"DRM00078458","PUERTO PLATA, DR","19.75","-70.55","5.0","2002-02-04","76","H,,S","84",",,S","64",",,S"
"DRM00078458","PUERTO PLATA, DR","19.75","-70.55","5.0","2002-02-05","76","H,,S","84",",,S","64",",,S"
"DRM00078458","PUERTO PLATA, DR","19.75","-70.55","5.0","2002-02-06","74","H,,S","83",",,S","64",",,S"
"DRM00078458","PUERTO PLATA, DR","19.75","-70.55","5.0","2002-02-07","72","H,,S",,,,
"DRM00078458","PUERTO PLATA, DR","19.75","-70.55","5.0","2002-02-08","77","H,,S","83",",,S","64",",,S"
"DRM00078458","PUERTO PLATA, DR","19.75","-70.55","5.0","2002-02-09","77","H,,S","85",",,S","64",",,S"
"DRM00078458","PUERTO PLATA, DR","19.75","-70.55","5.0","2002-02-10","77","H,,S","85",",,S","64",",,S"
"DRM00078458","PUERTO PLATA, DR","19.75","-70.55","5.0","2002-02-11","76","H,,S","84",",,S","65",",,S"
"DRM00078458","PUERTO PLATA, DR","19.75","-70.55","5.0","2002-02-12","77","H,,S","86",",,S","64",",,S"
"DRM00078458","PUERTO PLATA, DR","19.75","-70.55","5.0","2002-02-13","78","H,,S","87",",,S","64",",,S"
"DRM00078458","PUERTO PLATA, DR","19.75","-70.55","5.0","2002-02-14","78","H,,S","87",",,S","64",",,S"
"DRM00078458","PUERTO PLATA, DR","19.75","-70.55","5.0","2002-02-15","77","H,,S","87",",,S","64",",,S"
"DRM00078458","PUERTO PLATA, DR","19.75","-70.55","5.0","2002-02-16","79","H,,S","87",",,S","64",",,S"
"DRM00078458","PUERTO PLATA, DR","19.75","-70.55","5.0","2002-02-17","77","H,,S","87",",,S","65",",,S"
"DRM00078458","PUERTO PLATA, DR","19.75","-70.55","5.0","2002-02-18","77","H,,S","87",",,S","64",",,S"
"DRM00078458","PUERTO PLATA, DR","19.75","-70.55","5.0","2002-02-19","76","H,,S","85",",,S","64",",,S"
"DRM00078458","PUERTO PLATA, DR","19.75","-70.55","5.0","2002-02-20","74","H,,S","81",",,S","63",",,S"
"DRM00078458","PUERTO PLATA, DR","19.75","-70.55","5.0","2002-02-21","73","H,,S","82",",,S","63",",,S"
"DRM00078458","PUERTO PLATA, DR","19.75","-70.55","5.0","2002-02-22","78","H,,S","83",",,S","61",",,S"
"DRM00078458","PUERTO PLATA, DR","19.75","-70.55","5.0","2002-02-23","74","H,,S","85",",,S","63",",,S"
"DRM00078458","PUERTO PLATA, DR","19.75","-70.55","5.0","2002-02-24","76","H,,S","88",",,S","63",",,S"
"DRM00078458","PUERTO PLATA, DR","19.75","-70.55","5.0","2002-02-25","76","H,,S",,,,
"DRM00078458","PUERTO PLATA, DR","19.75","-70.55","5.0","2002-02-26","73","H,,S","82",",,S","63",",,S"
"DRM00078458","PUERTO PLATA, DR","19.75","-70.55","5.0","2002-02-27","74","H,,S","82",",,S","63",",,S"
"DRM00078458","PUERTO PLATA, DR","19.75","-70.55","5.0","2002-02-28","74","H,,S","83",",,S","62",",,S"
"DRM00078458","PUERTO PLATA, DR","19.75","-70.55","5.0","2002-03-01","74","H,,S","83",",,S","62",",,S"
"DRM00078458","PUERTO PLATA, DR","19.75","-70.55","5.0","2002-03-02","75","H,,S","84",",,S","62",",,S"
"DRM00078458","PUERTO PLATA, DR","19.75","-70.55","5.0","2002-03-03","79","H,,S",,,,
"DRM00078458","PUERTO PLATA, DR","19.75","-70.55","5.0","2002-03-04","76","H,,S","84",",,S","63",",,S"
"DRM00078458","PUERTO PLATA, DR","19.75","-70.55","5.0","2002-03-05","76","H,,S","85",",,S","63",",,S"
"DRM00078458","PUERTO PLATA, DR","19.75","-70.55","5.0","2002-03-06","75","H,,S","86",",,S","63",",,S"
"DRM00078458","PUERTO PLATA, DR","19.75","-70.55","5.0","2002-03-07","75","H,,S","85",",,S","62",",,S"
"DRM00078458","PUERTO PLATA, DR","19.75","-70.55","5.0","2002-03-08","78","H,,S","85",",,S","62",",,S"
"DRM00078458","PUERTO PLATA, DR","19.75","-70.55","5.0","2002-03-09","77","H,,S","86",",,S","62",",,S"
"DRM00078458","PUERTO PLATA, DR","19.75","-70.55","5.0","2002-03-10","75","H,,S","88",",,S","62",",,S"
"DRM00078458","PUERTO PLATA, DR","19.75","-70.55","5.0","2002-03-11","76","H,,S","84",",,S","62",",,S"
"DRM00078458","PUERTO PLATA, DR","19.75","-70.55","5.0","2002-03-12","78","H,,S","88",",,S","62",",,S"
"DRM00078458","PUERTO PLATA, DR","19.75","-70.55","5.0","2002-03-13","78","H,,S","88",",,S","63",",,S"
"DRM00078458","PUERTO PLATA, DR","19.75","-70.55","5.0","2002-03-14","78","H,,S","90",",,S","64",",,S"
"DRM00078458","PUERTO PLATA, DR","19.75","-70.55","5.0","2002-03-15","77","H,,S","87",",,S","63",",,S"
"DRM00078458","PUERTO PLATA, DR","19.75","-70.55","5.0","2002-03-16","77","H,,S","87",",,S","63",",,S"
"DRM00078458","PUERTO PLATA, DR","19.75","-70.55","5.0","2002-03-17","76","H,,S","86",",,S","63",",,S"
"DRM00078458","PUERTO PLATA, DR","19.75","-70.55","5.0","2002-03-18","77","H,,S","86",",,S","63",",,S"
"DRM00078458","PUERTO PLATA, DR","19.75","-70.55","5.0","2002-03-19","75","H,,S","86",",,S","63",",,S"
"DRM00078458","PUERTO PLATA, DR","19.75","-70.55","5.0","2002-03-20","76","H,,S","85",",,S","64",",,S"
"DRM00078458","PUERTO PLATA, DR","19.75","-70.55","5.0","2002-03-21","77","H,,S","85",",,S","64",",,S"
"DRM00078458","PUERTO PLATA, DR","19.75","-70.55","5.0","2002-03-22","77","H,,S","87",",,S","64",",,S"
"DRM00078458","PUERTO PLATA, DR","19.75","-70.55","5.0","2002-03-23","78","H,,S","88",",,S","64",",,S"
"DRM00078458","PUERTO PLATA, DR","19.75","-70.55","5.0","2002-03-24","78","H,,S","91",",,S","64",",,S"
"DRM00078458","PUERTO PLATA, DR","19.75","-70.55","5.0","2002-03-25","80","H,,S","91",",,S","64",",,S"
"DRM00078458","PUERTO PLATA, DR","19.75","-70.55","5.0","2002-03-26","79","H,,S","91",",,S","64",",,S"
"DRM00078458","PUERTO PLATA, DR","19.75","-70.55","5.0","2002-03-27","79","H,,S","89",",,S","64",",,S"
"DRM00078458","PUERTO PLATA, DR","19.75","-70.55","5.0","2002-03-28","76","H,,S","85",",,S","64",",,S"
"DRM00078458","PUERTO PLATA, DR","19.75","-70.55","5.0","2002-03-29","76","H,,S","85",",,S","64",",,S"
"DRM00078458","PUERTO PLATA, DR","19.75","-70.55","5.0","2002-03-30","77","H,,S","85",",,S","64",",,S"
"DRM00078458","PUERTO PLATA, DR","19.75","-70.55","5.0","2002-03-31","77","H,,S","85",",,S","64",",,S"
"DRM00078458","PUERTO PLATA, DR","19.75","-70.55","5.0","2002-04-01","77","H,,S","86",",,S","64",",,S"
"DRM00078458","PUERTO PLATA, DR","19.75","-70.55","5.0","2002-04-02","80","H,,S","88",",,S","65",",,S"
"DRM00078458","PUERTO PLATA, DR","19.75","-70.55","5.0","2002-04-03","79","H,,S","89",",,S","65",",,S"
"DRM00078458","PUERTO PLATA, DR","19.75","-70.55","5.0","2002-04-04","79","H,,S","90",",,S","65",",,S"
"DRM00078458","PUERTO PLATA, DR","19.75","-70.55","5.0","2002-04-05","78","H,,S","90",",,S","65",",,S"
"DRM00078458","PUERTO PLATA, DR","19.75","-70.55","5.0","2002-04-06","78","H,,S","86",",,S","66",",,S"
"DRM00078458","PUERTO PLATA, DR","19.75","-70.55","5.0","2002-04-07","76","H,,S","86",",,S","65",",,S"
"DRM00078458","PUERTO PLATA, DR","19.75","-70.55","5.0","2002-04-08","76","H,,S","83",",,S","64",",,S"
"DRM00078458","PUERTO PLATA, DR","19.75","-70.55","5.0","2002-04-09","76","H,,S","84",",,S","65",",,S"
"DRM00078458","PUERTO PLATA, DR","19.75","-70.55","5.0","2002-04-10","77","H,,S","85",",,S","65",",,S"
"DRM00078458","PUERTO PLATA, DR","19.75","-70.55","5.0","2002-04-11","78","H,,S","85",",,S","64",",,S"
"DRM00078458","PUERTO PLATA, DR","19.75","-70.55","5.0","2002-04-12","74","H,,S","83",",,S","64",",,S"
"DRM00078458","PUERTO PLATA, DR","19.75","-70.55","5.0","2002-04-13","75","H,,S","82",",,S","64",",,S"
"DRM00078458","PUERTO PLATA, DR","19.75","-70.55","5.0","2002-04-14","78","H,,S","85",",,S","65",",,S"
"DRM00078458","PUERTO PLATA, DR","19.75","-70.55","5.0","2002-04-15","76","H,,S","85",",,S","65",",,S"
"DRM00078458","PUERTO PLATA, DR","19.75","-70.55","5.0","2002-04-16","75","H,,S","85",",,S","65",",,S"
"DRM00078458","PUERTO PLATA, DR","19.75","-70.55","5.0","2002-04-17","74","H,,S","85",",,S","65",",,S"
"DRM00078458","PUERTO PLATA, DR","19.75","-70.55","5.0","2002-04-18","76","H,,S","84",",,S","65",",,S"
"DRM00078458","PUERTO PLATA, DR","19.75","-70.55","5.0","2002-04-19","77","H,,S","86",",,S","65",",,S"
"DRM00078458","PUERTO PLATA, DR","19.75","-70.55","5.0","2002-04-20","76","H,,S","86",",,S","65",",,S"
"DRM00078458","PUERTO PLATA, DR","19.75","-70.55","5.0","2002-04-21","75","H,,S","86",",,S","65",",,S"
"DRM00078458","PUERTO PLATA, DR","19.75","-70.55","5.0","2002-04-22","76","H,,S","86",",,S","64",",,S"
"DRM00078458","PUERTO PLATA, DR","19.75","-70.55","5.0","2002-04-23","78","H,,S","86",",,S","65",",,S"
"DRM00078458","PUERTO PLATA, DR","19.75","-70.55","5.0","2002-04-24","79","H,,S","87",",,S","65",",,S"
"DRM00078458","PUERTO PLATA, DR","19.75","-70.55","5.0","2002-04-25","78","H,,S","87",",,S","66",",,S"
"DRM00078458","PUERTO PLATA, DR","19.75","-70.55","5.0","2002-04-26","77","H,,S","86",",,S","68",",,S"
"DRM00078458","PUERTO PLATA, DR","19.75","-70.55","5.0","2002-04-27","76","H,,S","83",",,S","67",",,S"
"DRM00078458","PUERTO PLATA, DR","19.75","-70.55","5.0","2002-04-28","77","H,,S","85",",,S","67",",,S"
"DRM00078458","PUERTO PLATA, DR","19.75","-70.55","5.0","2002-04-29","79","H,,S","87",",,S","67",",,S"
"DRM00078458","PUERTO PLATA, DR","19.75","-70.55","5.0","2002-04-30","78","H,,S","87",",,S","67",",,S"
"DRM00078458","PUERTO PLATA, DR","19.75","-70.55","5.0","2002-05-01","79","H,,S","87",",,S","66",",,S"
"DRM00078458","PUERTO PLATA, DR","19.75","-70.55","5.0","2002-05-02","78","H,,S","87",",,S","66",",,S"
"DRM00078458","PUERTO PLATA, DR","19.75","-70.55","5.0","2002-05-03","79","H,,S","87",",,S","67",",,S"
"DRM00078458","PUERTO PLATA, DR","19.75","-70.55","5.0","2002-05-04","79","H,,S","86",",,S","66",",,S"
"DRM00078458","PUERTO PLATA, DR","19.75","-70.55","5.0","2002-05-05","78","H,,S","87",",,S","66",",,S"
"DRM00078458","PUERTO PLATA, DR","19.75","-70.55","5.0","2002-05-06","79","H,,S","90",",,S","67",",,S"
"DRM00078458","PUERTO PLATA, DR","19.75","-70.55","5.0","2002-05-07","78","H,,S","86",",,S","67",",,S"
"DRM00078458","PUERTO PLATA, DR","19.75","-70.55","5.0","2002-05-08","79","H,,S","86",",,S","67",",,S"
"DRM00078458","PUERTO PLATA, DR","19.75","-70.55","5.0","2002-05-09","79","H,,S","86",",,S","68",",,S"
"DRM00078458","PUERTO PLATA, DR","19.75","-70.55","5.0","2002-05-10","78","H,,S","85",",,S","67",",,S"
"DRM00078458","PUERTO PLATA, DR","19.75","-70.55","5.0","2002-05-11","77","H,,S","85",",,S","67",",,S"
"DRM00078458","PUERTO PLATA, DR","19.75","-70.55","5.0","2002-05-12","77","H,,S","85",",,S","67",",,S"
"DRM00078458","PUERTO PLATA, DR","19.75","-70.55","5.0","2002-05-13","78","H,,S","87",",,S","68",",,S"
"DRM00078458","PUERTO PLATA, DR","19.75","-70.55","5.0","2002-05-14","79","H,,S","88",",,S","68",",,S"
"DRM00078458","PUERTO PLATA, DR","19.75","-70.55","5.0","2002-05-15","80","H,,S","89",",,S","68",",,S"
"DRM00078458","PUERTO PLATA, DR","19.75","-70.55","5.0","2002-05-16","79","H,,S","89",",,S","70",",,S"
"DRM00078458","PUERTO PLATA, DR","19.75","-70.55","5.0","2002-05-17","80","H,,S","89",",,S","71",",,S"
"DRM00078458","PUERTO PLATA, DR","19.75","-70.55","5.0","2002-05-18","80","H,,S","89",",,S","69",",,S"
"DRM00078458","PUERTO PLATA, DR","19.75","-70.55","5.0","2002-05-19","81","H,,S","92",",,S","72",",,S"
"DRM00078458","PUERTO PLATA, DR","19.75","-70.55","5.0","2002-05-20","81","H,,S","92",",,S","72",",,S"
"DRM00078458","PUERTO PLATA, DR","19.75","-70.55","5.0","2002-05-21","81","H,,S","95",",,S","72",",,S"
"DRM00078458","PUERTO PLATA, DR","19.75","-70.55","5.0","2002-05-22","82","H,,S","94",",,S","72",",,S"
"DRM00078458","PUERTO PLATA, DR","19.75","-70.55","5.0","2002-05-23","81","H,,S","94",",,S","72",",,S"
"DRM00078458","PUERTO PLATA, DR","19.75","-70.55","5.0","2002-05-24","80","H,,S","93",",,S","72",",,S"
"DRM00078458","PUERTO PLATA, DR","19.75","-70.55","5.0","2002-05-25","81","H,,S","93",",,S","72",",,S"
"DRM00078458","PUERTO PLATA, DR","19.75","-70.55","5.0","2002-05-26","80","H,,S","94",",,S","71",",,S"
"DRM00078458","PUERTO PLATA, DR","19.75","-70.55","5.0","2002-05-27","80","H,,S","91",",,S","71",",,S"
"DRM00078458","PUERTO PLATA, DR","19.75","-70.55","5.0","2002-05-28","80","H,,S","91",",,S","72",",,S"
"DRM00078458","PUERTO PLATA, DR","19.75","-70.55","5.0","2002-05-29","80","H,,S",,,,
"DRM00078458","PUERTO PLATA, DR","19.75","-70.55","5.0","2002-05-30","80","H,,S","92",",,S","72",",,S"
"DRM00078458","PUERTO PLATA, DR","19.75","-70.55","5.0","2002-05-31","82","H,,S","93",",,S","72",",,S"
"DRM00078458","PUERTO PLATA, DR","19.75","-70.55","5.0","2002-06-01","80","H,,S","95",",,S","72",",,S"
"DRM00078458","PUERTO PLATA, DR","19.75","-70.55","5.0","2002-06-02","80","H,,S","87",",,S","70",",,S"
"DRM00078458","PUERTO PLATA, DR","19.75","-70.55","5.0","2002-06-03","74","H,,S",,,,
"DRM00078458","PUERTO PLATA, DR","19.75","-70.55","5.0","2002-06-04","78","H,,S","91",",,S","68",",,S"
"DRM00078458","PUERTO PLATA, DR","19.75","-70.55","5.0","2002-06-05","79","H,,S","86",",,S","72",",,S"
"DRM00078458","PUERTO PLATA, DR","19.75","-70.55","5.0","2002-06-06","78","H,,S","86",",,S","72",",,S"
"DRM00078458","PUERTO PLATA, DR","19.75","-70.55","5.0","2002-06-07","78","H,,S","87",",,S","72",",,S"
"DRM00078458","PUERTO PLATA, DR","19.75","-70.55","5.0","2002-06-08","81","H,,S","90",",,S","72",",,S"
"DRM00078458","PUERTO PLATA, DR","19.75","-70.55","5.0","2002-06-09","81","H,,S","91",",,S","72",",,S"
"DRM00078458","PUERTO PLATA, DR","19.75","-70.55","5.0","2002-06-10","84","H,,S",,,,
"DRM00078458","PUERTO PLATA, DR","19.75","-70.55","5.0","2002-06-11","81","H,,S","93",",,S","72",",,S"
"DRM00078458","PUERTO PLATA, DR","19.75","-70.55","5.0","2002-06-12","84","H,,S","91",",,S","70",",,S"
"DRM00078458","PUERTO PLATA, DR","19.75","-70.55","5.0","2002-06-13","83","H,,S","93",",,S","70",",,S"
"DRM00078458","PUERTO PLATA, DR","19.75","-70.55","5.0","2002-06-14","85","H,,S","91",",,S","71",",,S"
"DRM00078458","PUERTO PLATA, DR","19.75","-70.55","5.0","2002-06-15","83","H,,S","93",",,S","71",",,S"
"DRM00078458","PUERTO PLATA, DR","19.75","-70.55","5.0","2002-06-16","83","H,,S","92",",,S","72",",,S"
"DRM00078458","PUERTO PLATA, DR","19.75","-70.55","5.0","2002-06-17","83","H,,S","91",",,S","72",",,S"
"DRM00078458","PUERTO PLATA, DR","19.75","-70.55","5.0","2002-06-18","80","H,,S","91",",,S","72",",,S"
"DRM00078458","PUERTO PLATA, DR","19.75","-70.55","5.0","2002-06-19","79","H,,S",,,,
"DRM00078458","PUERTO PLATA, DR","19.75","-70.55","5.0","2002-06-20","81","H,,S","89",",,S","72",",,S"
"DRM00078458","PUERTO PLATA, DR","19.75","-70.55","5.0","2002-06-21","81","H,,S","89",",,S","72",",,S"
"DRM00078458","PUERTO PLATA, DR","19.75","-70.55","5.0","2002-06-22","83","H,,S","90",",,S","69",",,S"
"DRM00078458","PUERTO PLATA, DR","19.75","-70.55","5.0","2002-06-23","81","H,,S","91",",,S","70",",,S"
"DRM00078458","PUERTO PLATA, DR","19.75","-70.55","5.0","2002-06-24","81","H,,S","90",",,S","68",",,S"
"DRM00078458","PUERTO PLATA, DR","19.75","-70.55","5.0","2002-06-25","82","H,,S","91",",,S","71",",,S"
"DRM00078458","PUERTO PLATA, DR","19.75","-70.55","5.0","2002-06-26","83","H,,S","92",",,S","68",",,S"
"DRM00078458","PUERTO PLATA, DR","19.75","-70.55","5.0","2002-06-27","79","H,,S",,,,
"DRM00078458","PUERTO PLATA, DR","19.75","-70.55","5.0","2002-06-28","83","H,,S","90",",,S","70",",,S"
"DRM00078458","PUERTO PLATA, DR","19.75","-70.55","5.0","2002-06-29","83","H,,S","91",",,S","72",",,S"
"DRM00078458","PUERTO PLATA, DR","19.75","-70.55","5.0","2002-06-30","83","H,,S","91",",,S","72",",,S"
"DRM00078458","PUERTO PLATA, DR","19.75","-70.55","5.0","2002-07-01","83","H,,S","90",",,S","72",",,S"
"DRM00078458","PUERTO PLATA, DR","19.75","-70.55","5.0","2002-07-02","82","H,,S","91",",,S","71",",,S"
"DRM00078458","PUERTO PLATA, DR","19.75","-70.55","5.0","2002-07-03","84","H,,S",,,,
"DRM00078458","PUERTO PLATA, DR","19.75","-70.55","5.0","2002-07-04","82","H,,S","92",",,S","72",",,S"
"DRM00078458","PUERTO PLATA, DR","19.75","-70.55","5.0","2002-07-05","83","H,,S","92",",,S","72",",,S"
"DRM00078458","PUERTO PLATA, DR","19.75","-70.55","5.0","2002-07-06","82","H,,S","91",",,S","72",",,S"
"DRM00078458","PUERTO PLATA, DR","19.75","-70.55","5.0","2002-07-07","83","H,,S","91",",,S","70",",,S"
"DRM00078458","PUERTO PLATA, DR","19.75","-70.55","5.0","2002-07-08","81","H,,S","93",",,S","72",",,S"
"DRM00078458","PUERTO PLATA, DR","19.75","-70.55","5.0","2002-07-09","82","H,,S","91",",,S","72",",,S"
"DRM00078458","PUERTO PLATA, DR","19.75","-70.55","5.0","2002-07-10","82","H,,S","93",",,S","72",",,S"
"DRM00078458","PUERTO PLATA, DR","19.75","-70.55","5.0","2002-07-11","83","H,,S","93",",,S","72",",,S"
"DRM00078458","PUERTO PLATA, DR","19.75","-70.55","5.0","2002-07-12","84","H,,S","92",",,S","72",",,S"
"DRM00078458","PUERTO PLATA, DR","19.75","-70.55","5.0","2002-07-13","83","H,,S","92",",,S","72",",,S"
"DRM00078458","PUERTO PLATA, DR","19.75","-70.55","5.0","2002-07-14","84","H,,S","93",",,S","72",",,S"
"DRM00078458","PUERTO PLATA, DR","19.75","-70.55","5.0","2002-07-15","85","H,,S","94",",,S","70",",,S"
"DRM00078458","PUERTO PLATA, DR","19.75","-70.55","5.0","2002-07-16","83","H,,S","94",",,S","65",",,S"
"DRM00078458","PUERTO PLATA, DR","19.75","-70.55","5.0","2002-07-17","81","H,,S","94",",,S","71",",,S"
"DRM00078458","PUERTO PLATA, DR","19.75","-70.55","5.0","2002-07-18","83","H,,S","92",",,S","70",",,S"
"DRM00078458","PUERTO PLATA, DR","19.75","-70.55","5.0","2002-07-19","83","H,,S","92",",,S","70",",,S"
"DRM00078458","PUERTO PLATA, DR","19.75","-70.55","5.0","2002-07-20","82","H,,S","92",",,S","71",",,S"
"DRM00078458","PUERTO PLATA, DR","19.75","-70.55","5.0","2002-07-21","83","H,,S","91",",,S","71",",,S"
"DRM00078458","PUERTO PLATA, DR","19.75","-70.55","5.0","2002-07-22","81","H,,S","91",",,S","71",",,S"
"DRM00078458","PUERTO PLATA, DR","19.75","-70.55","5.0","2002-07-23","81","H,,S","90",",,S","71",",,S"
"DRM00078458","PUERTO PLATA, DR","19.75","-70.55","5.0","2002-07-24","83","H,,S","91",",,S","71",",,S"
"DRM00078458","PUERTO PLATA, DR","19.75","-70.55","5.0","2002-07-25","80","H,,S","91",",,S","71",",,S"
"DRM00078458","PUERTO PLATA, DR","19.75","-70.55","5.0","2002-07-26","84","H,,S","92",",,S","71",",,S"
"DRM00078458","PUERTO PLATA, DR","19.75","-70.55","5.0","2002-07-27","83","H,,S","92",",,S","71",",,S"
"DRM00078458","PUERTO PLATA, DR","19.75","-70.55","5.0","2002-07-28","81","H,,S","93",",,S","71",",,S"
"DRM00078458","PUERTO PLATA, DR","19.75","-70.55","5.0","2002-07-29","81","H,,S","93",",,S","70",",,S"
"DRM00078458","PUERTO PLATA, DR","19.75","-70.55","5.0","2002-07-30","84","H,,S","97",",,S","70",",,S"
"DRM00078458","PUERTO PLATA, DR","19.75","-70.55","5.0","2002-07-31","83","H,,S","93",",,S","70",",,S"
"DRM00078458","PUERTO PLATA, DR","19.75","-70.55","5.0","2002-08-01","82","H,,S","90",",,S","71",",,S"
"DRM00078458","PUERTO PLATA, DR","19.75","-70.55","5.0","2002-08-02","81","H,,S","90",",,S","71",",,S"
"DRM00078458","PUERTO PLATA, DR","19.75","-70.55","5.0","2002-08-03","82","H,,S","90",",,S","71",",,S"
"DRM00078458","PUERTO PLATA, DR","19.75","-70.55","5.0","2002-08-04","85","H,,S","92",",,S","69",",,S"
"DRM00078458","PUERTO PLATA, DR","19.75","-70.55","5.0","2002-08-05","83","H,,S","91",",,S","71",",,S"
"DRM00078458","PUERTO PLATA, DR","19.75","-70.55","5.0","2002-08-06","84","H,,S","91",",,S","70",",,S"
"DRM00078458","PUERTO PLATA, DR","19.75","-70.55","5.0","2002-08-07","83","H,,S","92",",,S","70",",,S"
"DRM00078458","PUERTO PLATA, DR","19.75","-70.55","5.0","2002-08-08","84","H,,S","96",",,S","71",",,S"
"DRM00078458","PUERTO PLATA, DR","19.75","-70.55","5.0","2002-08-09","82","H,,S","95",",,S","71",",,S"
"DRM00078458","PUERTO PLATA, DR","19.75","-70.55","5.0","2002-08-10","80","H,,S","96",",,S","70",",,S"
"DRM00078458","PUERTO PLATA, DR","19.75","-70.55","5.0","2002-08-11","83","H,,S","96",",,S","70",",,S"
"DRM00078458","PUERTO PLATA, DR","19.75","-70.55","5.0","2002-08-12","82","H,,S","91",",,S","70",",,S"
"DRM00078458","PUERTO PLATA, DR","19.75","-70.55","5.0","2002-08-13","84","H,,S","95",",,S","70",",,S"
"DRM00078458","PUERTO PLATA, DR","19.75","-70.55","5.0","2002-08-14","82","H,,S","95",",,S","70",",,S"
"DRM00078458","PUERTO PLATA, DR","19.75","-70.55","5.0","2002-08-15","82","H,,S","93",",,S","70",",,S"
"DRM00078458","PUERTO PLATA, DR","19.75","-70.55","5.0","2002-08-16","81","H,,S","95",",,S","70",",,S"
"DRM00078458","PUERTO PLATA, DR","19.75","-70.55","5.0","2002-08-17","80","H,,S","92",",,S","69",",,S"
"DRM00078458","PUERTO PLATA, DR","19.75","-70.55","5.0","2002-08-18","80","H,,S","90",",,S","69",",,S"
"DRM00078458","PUERTO PLATA, DR","19.75","-70.55","5.0","2002-08-19","82","H,,S","91",",,S","71",",,S"
"DRM00078458","PUERTO PLATA, DR","19.75","-70.55","5.0","2002-08-20","83","H,,S","91",",,S","71",",,S"
"DRM00078458","PUERTO PLATA, DR","19.75","-70.55","5.0","2002-08-21","82","H,,S","91",",,S","71",",,S"
"DRM00078458","PUERTO PLATA, DR","19.75","-70.55","5.0","2002-08-22","83","H,,S","93",",,S","71",",,S"
"DRM00078458","PUERTO PLATA, DR","19.75","-70.55","5.0","2002-08-23","83","H,,S","93",",,S","69",",,S"
"DRM00078458","PUERTO PLATA, DR","19.75","-70.55","5.0","2002-08-24","82","H,,S","91",",,S","69",",,S"
"DRM00078458","PUERTO PLATA, DR","19.75","-70.55","5.0","2002-08-25","83","H,,S","94",",,S","71",",,S"
"DRM00078458","PUERTO PLATA, DR","19.75","-70.55","5.0","2002-08-26","84","H,,S","94",",,S","71",",,S"
"DRM00078458","PUERTO PLATA, DR","19.75","-70.55","5.0","2002-08-27","84","H,,S","93",",,S","69",",,S"
"DRM00078458","PUERTO PLATA, DR","19.75","-70.55","5.0","2002-08-28","83","H,,S","93",",,S","69",",,S"
"DRM00078458","PUERTO PLATA, DR","19.75","-70.55","5.0","2002-08-29","84","H,,S","95",",,S","70",",,S"
"DRM00078458","PUERTO PLATA, DR","19.75","-70.55","5.0","2002-08-30","83","H,,S","92",",,S","69",",,S"
"DRM00078458","PUERTO PLATA, DR","19.75","-70.55","5.0","2002-08-31","82","H,,S","94",",,S","71",",,S"
"DRM00078458","PUERTO PLATA, DR","19.75","-70.55","5.0","2002-09-01","78","H,,S","94",",,S","70",",,S"
"DRM00078458","PUERTO PLATA, DR","19.75","-70.55","5.0","2002-09-02","82","H,,S","90",",,S","70",",,S"
"DRM00078458","PUERTO PLATA, DR","19.75","-70.55","5.0","2002-09-03","80","H,,S","91",",,S","71",",,S"
"DRM00078458","PUERTO PLATA, DR","19.75","-70.55","5.0","2002-09-04","83","H,,S","91",",,S","71",",,S"
"DRM00078458","PUERTO PLATA, DR","19.75","-70.55","5.0","2002-09-05","79","H,,S","91",",,S","71",",,S"
"DRM00078458","PUERTO PLATA, DR","19.75","-70.55","5.0","2002-09-06","82","H,,S","89",",,S","71",",,S"
"DRM00078458","PUERTO PLATA, DR","19.75","-70.55","5.0","2002-09-07","81","H,,S","95",",,S","71",",,S"
"DRM00078458","PUERTO PLATA, DR","19.75","-70.55","5.0","2002-09-08","79","H,,S","95",",,S","70",",,S"
"DRM00078458","PUERTO PLATA, DR","19.75","-70.55","5.0","2002-09-09","79","H,,S","90",",,S","70",",,S"
"DRM00078458","PUERTO PLATA, DR","19.75","-70.55","5.0","2002-09-10","84","H,,S","93",",,S","70",",,S"
"DRM00078458","PUERTO PLATA, DR","19.75","-70.55","5.0","2002-09-11","84","H,,S","92",",,S","70",",,S"
"DRM00078458","PUERTO PLATA, DR","19.75","-70.55","5.0","2002-09-12","84","H,,S","93",",,S","70",",,S"
"DRM00078458","PUERTO PLATA, DR","19.75","-70.55","5.0","2002-09-13","84","H,,S","94",",,S","71",",,S"
"DRM00078458","PUERTO PLATA, DR","19.75","-70.55","5.0","2002-09-14","82","H,,S","93",",,S","70",",,S"
"DRM00078458","PUERTO PLATA, DR","19.75","-70.55","5.0","2002-09-15","80","H,,S","92",",,S","70",",,S"
"DRM00078458","PUERTO PLATA, DR","19.75","-70.55","5.0","2002-09-16","81","H,,S","89",",,S","70",",,S"
"DRM00078458","PUERTO PLATA, DR","19.75","-70.55","5.0","2002-09-17","81","H,,S","92",",,S","70",",,S"
"DRM00078458","PUERTO PLATA, DR","19.75","-70.55","5.0","2002-09-18","81","H,,S","92",",,S","70",",,S"
"DRM00078458","PUERTO PLATA, DR","19.75","-70.55","5.0","2002-09-19","81","H,,S","91",",,S","70",",,S"
"DRM00078458","PUERTO PLATA, DR","19.75","-70.55","5.0","2002-09-20","82","H,,S","92",",,S","70",",,S"
"DRM00078458","PUERTO PLATA, DR","19.75","-70.55","5.0","2002-09-21","82","H,,S","92",",,S","70",",,S"
"DRM00078458","PUERTO PLATA, DR","19.75","-70.55","5.0","2002-09-22","83","H,,S","91",",,S","70",",,S"
"DRM00078458","PUERTO PLATA, DR","19.75","-70.55","5.0","2002-09-23","81","H,,S","90",",,S","70",",,S"
"DRM00078458","PUERTO PLATA, DR","19.75","-70.55","5.0","2002-09-24","82","H,,S","93",",,S","70",",,S"
"DRM00078458","PUERTO PLATA, DR","19.75","-70.55","5.0","2002-09-25","82","H,,S","90",",,S","69",",,S"
"DRM00078458","PUERTO PLATA, DR","19.75","-70.55","5.0","2002-09-26","80","H,,S","90",",,S","69",",,S"
"DRM00078458","PUERTO PLATA, DR","19.75","-70.55","5.0","2002-09-27","79","H,,S","90",",,S","69",",,S"
"DRM00078458","PUERTO PLATA, DR","19.75","-70.55","5.0","2002-09-28","80","H,,S","90",",,S","69",",,S"
"DRM00078458","PUERTO PLATA, DR","19.75","-70.55","5.0","2002-09-29","79","H,,S","90",",,S","70",",,S"
"DRM00078458","PUERTO PLATA, DR","19.75","-70.55","5.0","2002-09-30","82","H,,S","90",",,S","69",",,S"
"DRM00078458","PUERTO PLATA, DR","19.75","-70.55","5.0","2002-10-01","83","H,,S","95",",,S","69",",,S"
"DRM00078458","PUERTO PLATA, DR","19.75","-70.55","5.0","2002-10-02","83","H,,S","93",",,S","70",",,S"
"DRM00078458","PUERTO PLATA, DR","19.75","-70.55","5.0","2002-10-03","82","H,,S","93",",,S","69",",,S"
"DRM00078458","PUERTO PLATA, DR","19.75","-70.55","5.0","2002-10-04","83","H,,S","92",",,S","69",",,S"
"DRM00078458","PUERTO PLATA, DR","19.75","-70.55","5.0","2002-10-05","82","H,,S","92",",,S","69",",,S"
"DRM00078458","PUERTO PLATA, DR","19.75","-70.55","5.0","2002-10-06","83","H,,S","92",",,S","69",",,S"
"DRM00078458","PUERTO PLATA, DR","19.75","-70.55","5.0","2002-10-07","83","H,,S","91",",,S","70",",,S"
"DRM00078458","PUERTO PLATA, DR","19.75","-70.55","5.0","2002-10-08","80","H,,S","90",",,S","70",",,S"
"DRM00078458","PUERTO PLATA, DR","19.75","-70.55","5.0","2002-10-09","82","H,,S","92",",,S","70",",,S"
"DRM00078458","PUERTO PLATA, DR","19.75","-70.55","5.0","2002-10-10","79","H,,S","92",",,S","70",",,S"
"DRM00078458","PUERTO PLATA, DR","19.75","-70.55","5.0","2002-10-11","80","H,,S","92",",,S","70",",,S"
"DRM00078458","PUERTO PLATA, DR","19.75","-70.55","5.0","2002-10-12","80","H,,S","91",",,S","69",",,S"
"DRM00078458","PUERTO PLATA, DR","19.75","-70.55","5.0","2002-10-13","81","H,,S",,,,
"DRM00078458","PUERTO PLATA, DR","19.75","-70.55","5.0","2002-10-14","81","H,,S","94",",,S","69",",,S"
"DRM00078458","PUERTO PLATA, DR","19.75","-70.55","5.0","2002-10-15","83","H,,S",,,,
"DRM00078458","PUERTO PLATA, DR","19.75","-70.55","5.0","2002-10-16","82","H,,S",,,,
"DRM00078458","PUERTO PLATA, DR","19.75","-70.55","5.0","2002-10-17","86","H,,S","97",",,S","70",",,S"
"DRM00078458","PUERTO PLATA, DR","19.75","-70.55","5.0","2002-10-18","82","H,,S","94",",,S","71",",,S"
"DRM00078458","PUERTO PLATA, DR","19.75","-70.55","5.0","2002-10-19","81","H,,S","94",",,S","71",",,S"
"DRM00078458","PUERTO PLATA, DR","19.75","-70.55","5.0","2002-10-20","82","H,,S","91",",,S","71",",,S"
"DRM00078458","PUERTO PLATA, DR","19.75","-70.55","5.0","2002-10-21","82","H,,S","91",",,S","71",",,S"
"DRM00078458","PUERTO PLATA, DR","19.75","-70.55","5.0","2002-10-22","82","H,,S","91",",,S","71",",,S"
"DRM00078458","PUERTO PLATA, DR","19.75","-70.55","5.0","2002-10-23","81","H,,S","90",",,S","71",",,S"
"DRM00078458","PUERTO PLATA, DR","19.75","-70.55","5.0","2002-10-24","81","H,,S","90",",,S","71",",,S"
"DRM00078458","PUERTO PLATA, DR","19.75","-70.55","5.0","2002-10-25","81","H,,S","91",",,S","69",",,S"
"DRM00078458","PUERTO PLATA, DR","19.75","-70.55","5.0","2002-10-27","82","H,,S","92",",,S","70",",,S"
"DRM00078458","PUERTO PLATA, DR","19.75","-70.55","5.0","2002-10-28","82","H,,S","92",",,S","70",",,S"
"DRM00078458","PUERTO PLATA, DR","19.75","-70.55","5.0","2002-10-29","83","H,,S","93",",,S","71",",,S"
"DRM00078458","PUERTO PLATA, DR","19.75","-70.55","5.0","2002-10-30","81","H,,S","91",",,S","71",",,S"
"DRM00078458","PUERTO PLATA, DR","19.75","-70.55","5.0","2002-10-31","81","H,,S","91",",,S","71",",,S"
"DRM00078458","PUERTO PLATA, DR","19.75","-70.55","5.0","2002-11-01","81","H,,S","90",",,S","70",",,S"
"DRM00078458","PUERTO PLATA, DR","19.75","-70.55","5.0","2002-11-02","80","H,,S","91",",,S","70",",,S"
"DRM00078458","PUERTO PLATA, DR","19.75","-70.55","5.0","2002-11-03","81","H,,S","94",",,S","70",",,S"
"DRM00078458","PUERTO PLATA, DR","19.75","-70.55","5.0","2002-11-04","82","H,,S","94",",,S","70",",,S"
"DRM00078458","PUERTO PLATA, DR","19.75","-70.55","5.0","2002-11-05","81","H,,S","92",",,S","70",",,S"
"DRM00078458","PUERTO PLATA, DR","19.75","-70.55","5.0","2002-11-06","83","H,,S","91",",,S","70",",,S"
"DRM00078458","PUERTO PLATA, DR","19.75","-70.55","5.0","2002-11-07","82","H,,S","95",",,S","68",",,S"
"DRM00078458","PUERTO PLATA, DR","19.75","-70.55","5.0","2002-11-08","80","H,,S","99",",,S","70",",,S"
"DRM00078458","PUERTO PLATA, DR","19.75","-70.55","5.0","2002-11-09","81","H,,S","92",",,S","70",",,S"
"DRM00078458","PUERTO PLATA, DR","19.75","-70.55","5.0","2002-11-10","82","H,,S","90",",,S","70",",,S"
"DRM00078458","PUERTO PLATA, DR","19.75","-70.55","5.0","2002-11-11","80","H,,S",,,,
"DRM00078458","PUERTO PLATA, DR","19.75","-70.55","5.0","2002-11-12","80","H,,S","93",",,S","70",",,S"
"DRM00078458","PUERTO PLATA, DR","19.75","-70.55","5.0","2002-11-13","81","H,,S","92",",,S","70",",,S"
"DRM00078458","PUERTO PLATA, DR","19.75","-70.55","5.0","2002-11-14","80","H,,S","92",",,S","70",",,S"
"DRM00078458","PUERTO PLATA, DR","19.75","-70.55","5.0","2002-11-15","80","H,,S",,,,
"DRM00078458","PUERTO PLATA, DR","19.75","-70.55","5.0","2002-11-16","81","H,,S","92",",,S","70",",,S"
"DRM00078458","PUERTO PLATA, DR","19.75","-70.55","5.0","2002-11-17","83","H,,S","95",",,S","70",",,S"
"DRM00078458","PUERTO PLATA, DR","19.75","-70.55","5.0","2002-11-18","82","H,,S","94",",,S","70",",,S"
"DRM00078458","PUERTO PLATA, DR","19.75","-70.55","5.0","2002-11-19","81","H,,S","92",",,S","69",",,S"
"DRM00078458","PUERTO PLATA, DR","19.75","-70.55","5.0","2002-11-20","80","H,,S","90",",,S","69",",,S"
"DRM00078458","PUERTO PLATA, DR","19.75","-70.55","5.0","2002-11-21","79","H,,S","90",",,S","70",",,S"
"DRM00078458","PUERTO PLATA, DR","19.75","-70.55","5.0","2002-11-22","83","H,,S","94",",,S","69",",,S"
"DRM00078458","PUERTO PLATA, DR","19.75","-70.55","5.0","2002-11-23","83","H,,S","95",",,S","69",",,S"
"DRM00078458","PUERTO PLATA, DR","19.75","-70.55","5.0","2002-11-24","83","H,,S","92",",,S","70",",,S"
"DRM00078458","PUERTO PLATA, DR","19.75","-70.55","5.0","2002-11-25","81","H,,S","92",",,S","70",",,S"
"DRM00078458","PUERTO PLATA, DR","19.75","-70.55","5.0","2002-11-26","80","H,,S","91",",,S","70",",,S"
"DRM00078458","PUERTO PLATA, DR","19.75","-70.55","5.0","2002-11-27","82","H,,S","93",",,S","70",",,S"
"DRM00078458","PUERTO PLATA, DR","19.75","-70.55","5.0","2002-11-28","83","H,,S","93",",,S","70",",,S"
"DRM00078458","PUERTO PLATA, DR","19.75","-70.55","5.0","2002-11-29","80","H,,S","90",",,S","69",",,S"
"DRM00078458","PUERTO PLATA, DR","19.75","-70.55","5.0","2002-11-30","79","H,,S","87",",,S","69",",,S"
"DRM00078458","PUERTO PLATA, DR","19.75","-70.55","5.0","2002-12-01","81","H,,S","90",",,S","69",",,S"
"DRM00078458","PUERTO PLATA, DR","19.75","-70.55","5.0","2002-12-02","79","H,,S","90",",,S","69",",,S"
"DRM00078458","PUERTO PLATA, DR","19.75","-70.55","5.0","2002-12-03","80","H,,S","88",",,S","69",",,S"
"DRM00078458","PUERTO PLATA, DR","19.75","-70.55","5.0","2002-12-04","81","H,,S","90",",,S","69",",,S"
"DRM00078458","PUERTO PLATA, DR","19.75","-70.55","5.0","2002-12-05","79","H,,S","89",",,S","69",",,S"
"DRM00078458","PUERTO PLATA, DR","19.75","-70.55","5.0","2002-12-06","80","H,,S","89",",,S","68",",,S"
"DRM00078458","PUERTO PLATA, DR","19.75","-70.55","5.0","2002-12-07","80","H,,S","91",",,S","68",",,S"
"DRM00078458","PUERTO PLATA, DR","19.75","-70.55","5.0","2002-12-08","80","H,,S","90",",,S","68",",,S"
"DRM00078458","PUERTO PLATA, DR","19.75","-70.55","5.0","2002-12-09","80","H,,S","90",",,S","69",",,S"
"DRM00078458","PUERTO PLATA, DR","19.75","-70.55","5.0","2002-12-10","82","H,,S","91",",,S","68",",,S"
"DRM00078458","PUERTO PLATA, DR","19.75","-70.55","5.0","2002-12-11","81","H,,S","91",",,S","68",",,S"
"DRM00078458","PUERTO PLATA, DR","19.75","-70.55","5.0","2002-12-12","76","H,,S","92",",,S","67",",,S"
"DRM00078458","PUERTO PLATA, DR","19.75","-70.55","5.0","2002-12-13","79","H,,S","88",",,S","67",",,S"
"DRM00078458","PUERTO PLATA, DR","19.75","-70.55","5.0","2002-12-14","78","H,,S","90",",,S","68",",,S"
"DRM00078458","PUERTO PLATA, DR","19.75","-70.55","5.0","2002-12-15","79","H,,S","89",",,S","65",",,S"
"DRM00078458","PUERTO PLATA, DR","19.75","-70.55","5.0","2002-12-16","79","H,,S","92",",,S","65",",,S"
"DRM00078458","PUERTO PLATA, DR","19.75","-70.55","5.0","2002-12-17","78","H,,S","92",",,S","66",",,S"
"DRM00078458","PUERTO PLATA, DR","19.75","-70.55","5.0","2002-12-18","79","H,,S","87",",,S","66",",,S"
"DRM00078458","PUERTO PLATA, DR","19.75","-70.55","5.0","2002-12-19","79","H,,S","89",",,S","66",",,S"
"DRM00078458","PUERTO PLATA, DR","19.75","-70.55","5.0","2002-12-20","79","H,,S","88",",,S","66",",,S"
"DRM00078458","PUERTO PLATA, DR","19.75","-70.55","5.0","2002-12-21","80","H,,S","92",",,S","66",",,S"
"DRM00078458","PUERTO PLATA, DR","19.75","-70.55","5.0","2002-12-22","80","H,,S","90",",,S","66",",,S"
"DRM00078458","PUERTO PLATA, DR","19.75","-70.55","5.0","2002-12-23","79","H,,S","90",",,S","66",",,S"
"DRM00078458","PUERTO PLATA, DR","19.75","-70.55","5.0","2002-12-24","80","H,,S",,,,
"DRM00078458","PUERTO PLATA, DR","19.75","-70.55","5.0","2002-12-25","80","H,,S","93",",,S","64",",,S"
"DRM00078458","PUERTO PLATA, DR","19.75","-70.55","5.0","2002-12-26","79","H,,S","91",",,S","65",",,S"
"DRM00078458","PUERTO PLATA, DR","19.75","-70.55","5.0","2002-12-27","78","H,,S","86",",,S","64",",,S"
"DRM00078458","PUERTO PLATA, DR","19.75","-70.55","5.0","2002-12-28","78","H,,S","86",",,S","64",",,S"
"DRM00078458","PUERTO PLATA, DR","19.75","-70.55","5.0","2002-12-29","76","H,,S","89",",,S","64",",,S"
"DRM00078458","PUERTO PLATA, DR","19.75","-70.55","5.0","2002-12-30","75","H,,S","79",",,S","65",",,S"
"DRM00078458","PUERTO PLATA, DR","19.75","-70.55","5.0","2002-12-31","76","H,,S","83",",,S","64",",,S"
"DRM00078458","PUERTO PLATA, DR","19.75","-70.55","5.0","2003-01-01","78","H,,S","88",",,S","64",",,S"
"DRM00078458","PUERTO PLATA, DR","19.75","-70.55","5.0","2003-01-02","79","H,,S","88",",,S","65",",,S"
"DRM00078458","PUERTO PLATA, DR","19.75","-70.55","5.0","2003-01-03","78","H,,S","87",",,S","64",",,S"
"DRM00078458","PUERTO PLATA, DR","19.75","-70.55","5.0","2003-01-04","78","H,,S","87",",,S","64",",,S"
"DRM00078458","PUERTO PLATA, DR","19.75","-70.55","5.0","2003-01-05","78","H,,S","87",",,S","65",",,S"
"DRM00078458","PUERTO PLATA, DR","19.75","-70.55","5.0","2003-01-06","80","H,,S","93",",,S","64",",,S"
"DRM00078458","PUERTO PLATA, DR","19.75","-70.55","5.0","2003-01-07","79","H,,S","91",",,S","65",",,S"
"DRM00078458","PUERTO PLATA, DR","19.75","-70.55","5.0","2003-01-08","74","H,,S","90",",,S","63",",,S"
"DRM00078458","PUERTO PLATA, DR","19.75","-70.55","5.0","2003-01-09","72","H,,S","82",",,S","63",",,S"
"DRM00078458","PUERTO PLATA, DR","19.75","-70.55","5.0","2003-01-10","76","H,,S",,,,
"DRM00078458","PUERTO PLATA, DR","19.75","-70.55","5.0","2003-01-11","80","H,,S","90",",,S","63",",,S"
"DRM00078458","PUERTO PLATA, DR","19.75","-70.55","5.0","2003-01-12","80","H,,S","91",",,S","63",",,S"
"DRM00078458","PUERTO PLATA, DR","19.75","-70.55","5.0","2003-01-13","79","H,,S","90",",,S","63",",,S"
"DRM00078458","PUERTO PLATA, DR","19.75","-70.55","5.0","2003-01-14","78","H,,S","90",",,S","63",",,S"
"DRM00078458","PUERTO PLATA, DR","19.75","-70.55","5.0","2003-01-15","79","H,,S","90",",,S","63",",,S"
"DRM00078458","PUERTO PLATA, DR","19.75","-70.55","5.0","2003-01-16","77","H,,S","87",",,S","63",",,S"
"DRM00078458","PUERTO PLATA, DR","19.75","-70.55","5.0","2003-01-18","79","H,,S","90",",,S","63",",,S"
"DRM00078458","PUERTO PLATA, DR","19.75","-70.55","5.0","2003-01-19","79","H,,S","87",",,S","63",",,S"
"DRM00078458","PUERTO PLATA, DR","19.75","-70.55","5.0","2003-01-20","78","H,,S","87",",,S","63",",,S"
"DRM00078458","PUERTO PLATA, DR","19.75","-70.55","5.0","2003-01-21","73","H,,S","82",",,S","63",",,S"
"DRM00078458","PUERTO PLATA, DR","19.75","-70.55","5.0","2003-01-22","76","H,,S",,,,
"DRM00078458","PUERTO PLATA, DR","19.75","-70.55","5.0","2003-01-23","78","H,,S","85",",,S","62",",,S"
"DRM00078458","PUERTO PLATA, DR","19.75","-70.55","5.0","2003-01-24","75","H,,S","85",",,S","62",",,S"
"DRM00078458","PUERTO PLATA, DR","19.75","-70.55","5.0","2003-01-25","73","H,,S","81",",,S","62",",,S"
"DRM00078458","PUERTO PLATA, DR","19.75","-70.55","5.0","2003-01-26","72","H,,S","77",",,S","61",",,S"
"DRM00078458","PUERTO PLATA, DR","19.75","-70.55","5.0","2003-01-27","76","H,,S","85",",,S","61",",,S"
"DRM00078458","PUERTO PLATA, DR","19.75","-70.55","5.0","2003-01-28","75","H,,S","88",",,S","61",",,S"
"DRM00078458","PUERTO PLATA, DR","19.75","-70.55","5.0","2003-01-29","74","H,,S","83",",,S","62",",,S"
"DRM00078458","PUERTO PLATA, DR","19.75","-70.55","5.0","2003-01-30","77","H,,S","85",",,S","61",",,S"
"DRM00078458","PUERTO PLATA, DR","19.75","-70.55","5.0","2003-01-31","77","H,,S","86",",,S","61",",,S"
"DRM00078458","PUERTO PLATA, DR","19.75","-70.55","5.0","2003-02-01","78","H,,S","89",",,S","61",",,S"
"DRM00078458","PUERTO PLATA, DR","19.75","-70.55","5.0","2003-02-02","75","H,,S","84",",,S","61",",,S"
"DRM00078458","PUERTO PLATA, DR","19.75","-70.55","5.0","2003-02-03","75","H,,S","82",",,S","61",",,S"
"DRM00078458","PUERTO PLATA, DR","19.75","-70.55","5.0","2003-02-04","77","H,,S","83",",,S","62",",,S"
"DRM00078458","PUERTO PLATA, DR","19.75","-70.55","5.0","2003-02-05","78","H,,S","85",",,S","62",",,S"
"DRM00078458","PUERTO PLATA, DR","19.75","-70.55","5.0","2003-02-06","79","H,,S","87",",,S","62",",,S"
"DRM00078458","PUERTO PLATA, DR","19.75","-70.55","5.0","2003-02-07","80","H,,S","87",",,S","62",",,S"
"DRM00078458","PUERTO PLATA, DR","19.75","-70.55","5.0","2003-02-08","78","H,,S","90",",,S","63",",,S"
"DRM00078458","PUERTO PLATA, DR","19.75","-70.55","5.0","2003-02-09","78","H,,S","88",",,S","63",",,S"
"DRM00078458","PUERTO PLATA, DR","19.75","-70.55","5.0","2003-02-10","78","H,,S","84",",,S","63",",,S"
"DRM00078458","PUERTO PLATA, DR","19.75","-70.55","5.0","2003-02-11","78","H,,S","88",",,S","64",",,S"
"DRM00078458","PUERTO PLATA, DR","19.75","-70.55","5.0","2003-02-12","77","H,,S","88",",,S","64",",,S"
"DRM00078458","PUERTO PLATA, DR","19.75","-70.55","5.0","2003-02-13","79","H,,S","90",",,S","64",",,S"
"DRM00078458","PUERTO PLATA, DR","19.75","-70.55","5.0","2003-02-14","77","H,,S","85",",,S","64",",,S"
"DRM00078458","PUERTO PLATA, DR","19.75","-70.55","5.0","2003-02-15","77","H,,S","85",",,S","64",",,S"
"DRM00078458","PUERTO PLATA, DR","19.75","-70.55","5.0","2003-02-16","76","H,,S","85",",,S","64",",,S"
"DRM00078458","PUERTO PLATA, DR","19.75","-70.55","5.0","2003-02-17","78","H,,S","84",",,S","63",",,S"
"DRM00078458","PUERTO PLATA, DR","19.75","-70.55","5.0","2003-02-18","78","H,,S","87",",,S","63",",,S"
"DRM00078458","PUERTO PLATA, DR","19.75","-70.55","5.0","2003-02-19","78","H,,S","87",",,S","64",",,S"
"DRM00078458","PUERTO PLATA, DR","19.75","-70.55","5.0","2003-02-20","78","H,,S","90",",,S","64",",,S"
"DRM00078458","PUERTO PLATA, DR","19.75","-70.55","5.0","2003-02-21","77","H,,S","89",",,S","63",",,S"
"DRM00078458","PUERTO PLATA, DR","19.75","-70.55","5.0","2003-02-22","76","H,,S","88",",,S","64",",,S"
"DRM00078458","PUERTO PLATA, DR","19.75","-70.55","5.0","2003-02-23","79","H,,S",,,,
"DRM00078458","PUERTO PLATA, DR","19.75","-70.55","5.0","2003-02-24","80","H,,S","91",",,S","63",",,S"
"DRM00078458","PUERTO PLATA, DR","19.75","-70.55","5.0","2003-02-25","80","H,,S","89",",,S","64",",,S"
"DRM00078458","PUERTO PLATA, DR","19.75","-70.55","5.0","2003-02-26","78","H,,S","88",",,S","63",",,S"
"DRM00078458","PUERTO PLATA, DR","19.75","-70.55","5.0","2003-02-27","81","H,,S","90",",,S","64",",,S"
"DRM00078458","PUERTO PLATA, DR","19.75","-70.55","5.0","2003-02-28","80","H,,S","90",",,S","64",",,S"
"DRM00078458","PUERTO PLATA, DR","19.75","-70.55","5.0","2003-03-01","80","H,,S","90",",,S","64",",,S"
"DRM00078458","PUERTO PLATA, DR","19.75","-70.55","5.0","2003-03-02","79","H,,S","88",",,S","64",",,S"
"DRM00078458","PUERTO PLATA, DR","19.75","-70.55","5.0","2003-03-03","80","H,,S","91",",,S","64",",,S"
"DRM00078458","PUERTO PLATA, DR","19.75","-70.55","5.0","2003-03-04","80","H,,S","94",",,S","64",",,S"
"DRM00078458","PUERTO PLATA, DR","19.75","-70.55","5.0","2003-03-05","79","H,,S","92",",,S","64",",,S"
"DRM00078458","PUERTO PLATA, DR","19.75","-70.55","5.0","2003-03-06","79","H,,S","88",",,S","65",",,S"
"DRM00078458","PUERTO PLATA, DR","19.75","-70.55","5.0","2003-03-07","79","H,,S","92",",,S","65",",,S"
"DRM00078458","PUERTO PLATA, DR","19.75","-70.55","5.0","2003-03-08","79","H,,S","89",",,S","65",",,S"
"DRM00078458","PUERTO PLATA, DR","19.75","-70.55","5.0","2003-03-09","80","H,,S","90",",,S","64",",,S"
"DRM00078458","PUERTO PLATA, DR","19.75","-70.55","5.0","2003-03-10","81","H,,S","92",",,S","64",",,S"
"DRM00078458","PUERTO PLATA, DR","19.75","-70.55","5.0","2003-03-11","80","H,,S","94",",,S","64",",,S"
"DRM00078458","PUERTO PLATA, DR","19.75","-70.55","5.0","2003-03-12","80","H,,S","92",",,S","65",",,S"
"DRM00078458","PUERTO PLATA, DR","19.75","-70.55","5.0","2003-03-13","80","H,,S","90",",,S","64",",,S"
"DRM00078458","PUERTO PLATA, DR","19.75","-70.55","5.0","2003-03-14","79","H,,S","90",",,S","65",",,S"
"DRM00078458","PUERTO PLATA, DR","19.75","-70.55","5.0","2003-03-15","80","H,,S","93",",,S","65",",,S"
"DRM00078458","PUERTO PLATA, DR","19.75","-70.55","5.0","2003-03-16","79","H,,S","93",",,S","64",",,S"
"DRM00078458","PUERTO PLATA, DR","19.75","-70.55","5.0","2003-03-17","80","H,,S","90",",,S","64",",,S"
"DRM00078458","PUERTO PLATA, DR","19.75","-70.55","5.0","2003-03-18","79","H,,S","92",",,S","65",",,S"
"DRM00078458","PUERTO PLATA, DR","19.75","-70.55","5.0","2003-03-19","80","H,,S","91",",,S","65",",,S"
"DRM00078458","PUERTO PLATA, DR","19.75","-70.55","5.0","2003-03-20","79","H,,S","91",",,S","65",",,S"
"DRM00078458","PUERTO PLATA, DR","19.75","-70.55","5.0","2003-03-21","79","H,,S","89",",,S","65",",,S"
"DRM00078458","PUERTO PLATA, DR","19.75","-70.55","5.0","2003-03-22","79","H,,S","89",",,S","65",",,S"
"DRM00078458","PUERTO PLATA, DR","19.75","-70.55","5.0","2003-03-23","79","H,,S","88",",,S","65",",,S"
"DRM00078458","PUERTO PLATA, DR","19.75","-70.55","5.0","2003-03-24","80","H,,S","92",",,S","65",",,S"
"DRM00078458","PUERTO PLATA, DR","19.75","-70.55","5.0","2003-03-25","78","H,,S","92",",,S","65",",,S"
"DRM00078458","PUERTO PLATA, DR","19.75","-70.55","5.0","2003-03-26","76","H,,S","90",",,S","65",",,S"
"DRM00078458","PUERTO PLATA, DR","19.75","-70.55","5.0","2003-03-27","76","H,,S","83",",,S","65",",,S"
"DRM00078458","PUERTO PLATA, DR","19.75","-70.55","5.0","2003-03-28","78","H,,S","88",",,S","65",",,S"
"DRM00078458","PUERTO PLATA, DR","19.75","-70.55","5.0","2003-03-29","80","H,,S","91",",,S","65",",,S"
"DRM00078458","PUERTO PLATA, DR","19.75","-70.55","5.0","2003-03-30","81","H,,S","91",",,S","65",",,S"
"DRM00078458","PUERTO PLATA, DR","19.75","-70.55","5.0","2003-03-31","80","H,,S","90",",,S","65",",,S"
"DRM00078458","PUERTO PLATA, DR","19.75","-70.55","5.0","2003-04-01","77","H,,S","89",",,S","65",",,S"
"DRM00078458","PUERTO PLATA, DR","19.75","-70.55","5.0","2003-04-02","75","H,,S","83",",,S","66",",,S"
"DRM00078458","PUERTO PLATA, DR","19.75","-70.55","5.0","2003-04-03","75","H,,S","82",",,S","65",",,S"
"DRM00078458","PUERTO PLATA, DR","19.75","-70.55","5.0","2003-04-04","76","H,,S",,,,
"DRM00078458","PUERTO PLATA, DR","19.75","-70.55","5.0","2003-04-05","78","H,,S","87",",,S","65",",,S"
"DRM00078458","PUERTO PLATA, DR","19.75","-70.55","5.0","2003-04-06","78","H,,S","87",",,S","65",",,S"
"DRM00078458","PUERTO PLATA, DR","19.75","-70.55","5.0","2003-04-07","80","H,,S","87",",,S","65",",,S"
"DRM00078458","PUERTO PLATA, DR","19.75","-70.55","5.0","2003-04-08","80","H,,S","87",",,S","65",",,S"
"DRM00078458","PUERTO PLATA, DR","19.75","-70.55","5.0","2003-04-09","79","H,,S","87",",,S","65",",,S"
"DRM00078458","PUERTO PLATA, DR","19.75","-70.55","5.0","2003-04-10","81","H,,S","91",",,S","65",",,S"
"DRM00078458","PUERTO PLATA, DR","19.75","-70.55","5.0","2003-04-11","79","H,,S","92",",,S","65",",,S"
"DRM00078458","PUERTO PLATA, DR","19.75","-70.55","5.0","2003-04-12","78","H,,S","92",",,S","65",",,S"
"DRM00078458","PUERTO PLATA, DR","19.75","-70.55","5.0","2003-04-13","77","H,,S","89",",,S","65",",,S"
"DRM00078458","PUERTO PLATA, DR","19.75","-70.55","5.0","2003-04-14","80","H,,S",,,,
"DRM00078458","PUERTO PLATA, DR","19.75","-70.55","5.0","2003-04-15","79","H,,S","92",",,S","65",",,S"
"DRM00078458","PUERTO PLATA, DR","19.75","-70.55","5.0","2003-04-16","80","H,,S","91",",,S","65",",,S"
"DRM00078458","PUERTO PLATA, DR","19.75","-70.55","5.0","2003-04-17","78","H,,S","87",",,S","65",",,S"
"DRM00078458","PUERTO PLATA, DR","19.75","-70.55","5.0","2003-04-18","78","H,,S","87",",,S","65",",,S"
"DRM00078458","PUERTO PLATA, DR","19.75","-70.55","5.0","2003-04-19","78","H,,S","87",",,S","65",",,S"
"DRM00078458","PUERTO PLATA, DR","19.75","-70.55","5.0","2003-04-20","79","H,,S","86",",,S","65",",,S"
"DRM00078458","PUERTO PLATA, DR","19.75","-70.55","5.0","2003-04-21","77","H,,S","86",",,S","65",",,S"
"DRM00078458","PUERTO PLATA, DR","19.75","-70.55","5.0","2003-04-22","76","H,,S","83",",,S","65",",,S"
"DRM00078458","PUERTO PLATA, DR","19.75","-70.55","5.0","2003-04-23","78","H,,S","85",",,S","65",",,S"
"DRM00078458","PUERTO PLATA, DR","19.75","-70.55","5.0","2003-04-24","81","H,,S","87",",,S","65",",,S"
"DRM00078458","PUERTO PLATA, DR","19.75","-70.55","5.0","2003-04-25","79","H,,S","89",",,S","65",",,S"
"DRM00078458","PUERTO PLATA, DR","19.75","-70.55","5.0","2003-04-26","81","H,,S","92",",,S","65",",,S"
"DRM00078458","PUERTO PLATA, DR","19.75","-70.55","5.0","2003-04-27","83","H,,S","92",",,S","65",",,S"
"DRM00078458","PUERTO PLATA, DR","19.75","-70.55","5.0","2003-04-28","81","H,,S","91",",,S","65",",,S"
"DRM00078458","PUERTO PLATA, DR","19.75","-70.55","5.0","2003-04-29","80","H,,S","91",",,S","65",",,S"
"DRM00078458","PUERTO PLATA, DR","19.75","-70.55","5.0","2003-04-30","81","H,,S","91",",,S","65",",,S"
"DRM00078458","PUERTO PLATA, DR","19.75","-70.55","5.0","2003-05-01","83","H,,S","93",",,S","66",",,S"
"DRM00078458","PUERTO PLATA, DR","19.75","-70.55","5.0","2003-05-02","83","H,,S","94",",,S","67",",,S"
"DRM00078458","PUERTO PLATA, DR","19.75","-70.55","5.0","2003-05-03","82","H,,S","96",",,S","67",",,S"
"DRM00078458","PUERTO PLATA, DR","19.75","-70.55","5.0","2003-05-04","82","H,,S","94",",,S","66",",,S"
"DRM00078458","PUERTO PLATA, DR","19.75","-70.55","5.0","2003-05-05","81","H,,S","91",",,S","68",",,S"
"DRM00078458","PUERTO PLATA, DR","19.75","-70.55","5.0","2003-05-06","79","H,,S","90",",,S","65",",,S"
"DRM00078458","PUERTO PLATA, DR","19.75","-70.55","5.0","2003-05-07","80","H,,S","88",",,S","65",",,S"
"DRM00078458","PUERTO PLATA, DR","19.75","-70.55","5.0","2003-05-08","81","H,,S","89",",,S","67",",,S"
"DRM00078458","PUERTO PLATA, DR","19.75","-70.55","5.0","2003-05-09","81","H,,S","89",",,S","67",",,S"
"DRM00078458","PUERTO PLATA, DR","19.75","-70.55","5.0","2003-05-10","81","H,,S","89",",,S","68",",,S"
"DRM00078458","PUERTO PLATA, DR","19.75","-70.55","5.0","2003-05-11","81","H,,S","90",",,S","68",",,S"
"DRM00078458","PUERTO PLATA, DR","19.75","-70.55","5.0","2003-05-12","81","H,,S","91",",,S","66",",,S"
"DRM00078458","PUERTO PLATA, DR","19.75","-70.55","5.0","2003-05-13","81","H,,S","91",",,S","68",",,S"
"DRM00078458","PUERTO PLATA, DR","19.75","-70.55","5.0","2003-05-14","81","H,,S","91",",,S","68",",,S"
"DRM00078458","PUERTO PLATA, DR","19.75","-70.55","5.0","2003-05-15","82","H,,S","91",",,S","68",",,S"
"DRM00078458","PUERTO PLATA, DR","19.75","-70.55","5.0","2003-05-16","82","H,,S","91",",,S","68",",,S"
"DRM00078458","PUERTO PLATA, DR","19.75","-70.55","5.0","2003-05-17","83","H,,S","92",",,S","70",",,S"
"DRM00078458","PUERTO PLATA, DR","19.75","-70.55","5.0","2003-05-18","82","H,,S","90",",,S","70",",,S"
"DRM00078458","PUERTO PLATA, DR","19.75","-70.55","5.0","2003-05-19","81","H,,S","90",",,S","71",",,S"
"DRM00078458","PUERTO PLATA, DR","19.75","-70.55","5.0","2003-05-20","82","H,,S","88",",,S","71",",,S"
"DRM00078458","PUERTO PLATA, DR","19.75","-70.55","5.0","2003-05-21","79","H,,S","90",",,S","71",",,S"
"DRM00078458","PUERTO PLATA, DR","19.75","-70.55","5.0","2003-05-22","77","H,,S","96",",,S","70",",,S"
"DRM00078458","PUERTO PLATA, DR","19.75","-70.55","5.0","2003-05-23","79","H,,S","87",",,S","70",",,S"
"DRM00078458","PUERTO PLATA, DR","19.75","-70.55","5.0","2003-05-24","79","H,,S","88",",,S","70",",,S"
"DRM00078458","PUERTO PLATA, DR","19.75","-70.55","5.0","2003-05-25","83","H,,S","91",",,S","70",",,S"
"DRM00078458","PUERTO PLATA, DR","19.75","-70.55","5.0","2003-05-26","84","H,,S","95",",,S","73",",,S"
"DRM00078458","PUERTO PLATA, DR","19.75","-70.55","5.0","2003-05-27","84","H,,S","94",",,S","73",",,S"
"DRM00078458","PUERTO PLATA, DR","19.75","-70.55","5.0","2003-05-28","82","H,,S","94",",,S","73",",,S"
"DRM00078458","PUERTO PLATA, DR","19.75","-70.55","5.0","2003-05-29","82","H,,S","93",",,S","73",",,S"
"DRM00078458","PUERTO PLATA, DR","19.75","-70.55","5.0","2003-05-30","83","H,,S","98",",,S","73",",,S"
"DRM00078458","PUERTO PLATA, DR","19.75","-70.55","5.0","2003-05-31","81","H,,S","97",",,S","72",",,S"
"DRM00078458","PUERTO PLATA, DR","19.75","-70.55","5.0","2003-06-01","83","H,,S","95",",,S","72",",,S"
"DRM00078458","PUERTO PLATA, DR","19.75","-70.55","5.0","2003-06-02","85","H,,S","95",",,S","72",",,S"
"DRM00078458","PUERTO PLATA, DR","19.75","-70.55","5.0","2003-06-03","82","H,,S","93",",,S","73",",,S"
"DRM00078458","PUERTO PLATA, DR","19.75","-70.55","5.0","2003-06-04","79","H,,S","93",",,S","74",",,S"
"DRM00078458","PUERTO PLATA, DR","19.75","-70.55","5.0","2003-06-05","82","H,,S","91",",,S","72",",,S"
"DRM00078458","PUERTO PLATA, DR","19.75","-70.55","5.0","2003-06-06","82","H,,S","92",",,S","71",",,S"
"DRM00078458","PUERTO PLATA, DR","19.75","-70.55","5.0","2003-06-07","83","H,,S","94",",,S","73",",,S"
"DRM00078458","PUERTO PLATA, DR","19.75","-70.55","5.0","2003-06-08","83","H,,S","94",",,S","73",",,S"
"DRM00078458","PUERTO PLATA, DR","19.75","-70.55","5.0","2003-06-09","83","H,,S","92",",,S","73",",,S"
"DRM00078458","PUERTO PLATA, DR","19.75","-70.55","5.0","2003-06-10","83","H,,S","95",",,S","71",",,S"
"DRM00078458","PUERTO PLATA, DR","19.75","-70.55","5.0","2003-06-11","83","H,,S","92",",,S","73",",,S"
"DRM00078458","PUERTO PLATA, DR","19.75","-70.55","5.0","2003-06-12","81","H,,S","93",",,S","73",",,S"
"DRM00078458","PUERTO PLATA, DR","19.75","-70.55","5.0","2003-06-13","82","H,,S","91",",,S","73",",,S"
"DRM00078458","PUERTO PLATA, DR","19.75","-70.55","5.0","2003-06-14","81","H,,S","91",",,S","73",",,S"
"DRM00078458","PUERTO PLATA, DR","19.75","-70.55","5.0","2003-06-15","81","H,,S","90",",,S","73",",,S"
"DRM00078458","PUERTO PLATA, DR","19.75","-70.55","5.0","2003-06-16","80","H,,S","90",",,S","72",",,S"
"DRM00078458","PUERTO PLATA, DR","19.75","-70.55","5.0","2003-06-17","81","H,,S",,,,
"DRM00078458","PUERTO PLATA, DR","19.75","-70.55","5.0","2003-06-18","82","H,,S","93",",,S","74",",,S"
"DRM00078458","PUERTO PLATA, DR","19.75","-70.55","5.0","2003-06-19","83","H,,S","91",",,S","73",",,S"
"DRM00078458","PUERTO PLATA, DR","19.75","-70.55","5.0","2003-06-20","82","H,,S","92",",,S","73",",,S"
"DRM00078458","PUERTO PLATA, DR","19.75","-70.55","5.0","2003-06-21","83","H,,S","96",",,S","72",",,S"
"DRM00078458","PUERTO PLATA, DR","19.75","-70.55","5.0","2003-06-22","83","H,,S","93",",,S","72",",,S"
"DRM00078458","PUERTO PLATA, DR","19.75","-70.55","5.0","2003-06-23","84","H,,S","96",",,S","73",",,S"
"DRM00078458","PUERTO PLATA, DR","19.75","-70.55","5.0","2003-06-24","84","H,,S","95",",,S","73",",,S"
"DRM00078458","PUERTO PLATA, DR","19.75","-70.55","5.0","2003-06-25","83","H,,S","95",",,S","74",",,S"
"DRM00078458","PUERTO PLATA, DR","19.75","-70.55","5.0","2003-06-26","83","H,,S","97",",,S","73",",,S"
"DRM00078458","PUERTO PLATA, DR","19.75","-70.55","5.0","2003-06-27","85","H,,S","97",",,S","74",",,S"
"DRM00078458","PUERTO PLATA, DR","19.75","-70.55","5.0","2003-06-28","84","H,,S","97",",,S","74",",,S"
"DRM00078458","PUERTO PLATA, DR","19.75","-70.55","5.0","2003-06-29","83","H,,S","92",",,S","74",",,S"
"DRM00078458","PUERTO PLATA, DR","19.75","-70.55","5.0","2003-06-30","83","H,,S","91",",,S","74",",,S"
"DRM00078458","PUERTO PLATA, DR","19.75","-70.55","5.0","2003-07-01","81","H,,S","94",",,S","72",",,S"
"DRM00078458","PUERTO PLATA, DR","19.75","-70.55","5.0","2003-07-02","83","H,,S","91",",,S","73",",,S"
"DRM00078458","PUERTO PLATA, DR","19.75","-70.55","5.0","2003-07-03","83","H,,S","94",",,S","73",",,S"
"DRM00078458","PUERTO PLATA, DR","19.75","-70.55","5.0","2003-07-04","83","H,,S","94",",,S","74",",,S"
"DRM00078458","PUERTO PLATA, DR","19.75","-70.55","5.0","2003-07-05","82","H,,S","93",",,S","74",",,S"
"DRM00078458","PUERTO PLATA, DR","19.75","-70.55","5.0","2003-07-06","81","H,,S","94",",,S","72",",,S"
"DRM00078458","PUERTO PLATA, DR","19.75","-70.55","5.0","2003-07-07","81","H,,S","90",",,S","72",",,S"
"DRM00078458","PUERTO PLATA, DR","19.75","-70.55","5.0","2003-07-08","83","H,,S","92",",,S","73",",,S"
"DRM00078458","PUERTO PLATA, DR","19.75","-70.55","5.0","2003-07-09","83","H,,S","90",",,S","73",",,S"
"DRM00078458","PUERTO PLATA, DR","19.75","-70.55","5.0","2003-07-10","82","H,,S","90",",,S","73",",,S"
"DRM00078458","PUERTO PLATA, DR","19.75","-70.55","5.0","2003-07-11","82","H,,S","90",",,S","70",",,S"
"DRM00078458","PUERTO PLATA, DR","19.75","-70.55","5.0","2003-07-12","84","H,,S","92",",,S","73",",,S"
"DRM00078458","PUERTO PLATA, DR","19.75","-70.55","5.0","2003-07-13","80","H,,S","92",",,S","71",",,S"
"DRM00078458","PUERTO PLATA, DR","19.75","-70.55","5.0","2003-07-14","80","H,,S","89",",,S","70",",,S"
"DRM00078458","PUERTO PLATA, DR","19.75","-70.55","5.0","2003-07-15","82","H,,S","92",",,S","71",",,S"
"DRM00078458","PUERTO PLATA, DR","19.75","-70.55","5.0","2003-07-16","82","H,,S","90",",,S","72",",,S"
"DRM00078458","PUERTO PLATA, DR","19.75","-70.55","5.0","2003-07-17","82","H,,S","92",",,S","72",",,S"
"DRM00078458","PUERTO PLATA, DR","19.75","-70.55","5.0","2003-07-18","81","H,,S",,,,
"DRM00078458","PUERTO PLATA, DR","19.75","-70.55","5.0","2003-07-19","83","H,,S","93",",,S","73",",,S"
"DRM00078458","PUERTO PLATA, DR","19.75","-70.55","5.0","2003-07-20","84","H,,S","93",",,S","73",",,S"
"DRM00078458","PUERTO PLATA, DR","19.75","-70.55","5.0","2003-07-21","82","H,,S","94",",,S","72",",,S"
"DRM00078458","PUERTO PLATA, DR","19.75","-70.55","5.0","2003-07-22","80","H,,S","91",",,S","74",",,S"
"DRM00078458","PUERTO PLATA, DR","19.75","-70.55","5.0","2003-07-23","80","H,,S","90",",,S","72",",,S"
"DRM00078458","PUERTO PLATA, DR","19.75","-70.55","5.0","2003-07-24","81","H,,S","90",",,S","72",",,S"
"DRM00078458","PUERTO PLATA, DR","19.75","-70.55","5.0","2003-07-25","83","H,,S","90",",,S","72",",,S"
"DRM00078458","PUERTO PLATA, DR","19.75","-70.55","5.0","2003-07-26","83","H,,S","91",",,S","72",",,S"
"DRM00078458","PUERTO PLATA, DR","19.75","-70.55","5.0","2003-07-27","81","H,,S","91",",,S","73",",,S"
"DRM00078458","PUERTO PLATA, DR","19.75","-70.55","5.0","2003-07-28","80","H,,S","90",",,S","73",",,S"
"DRM00078458","PUERTO PLATA, DR","19.75","-70.55","5.0","2003-07-29","81","H,,S","92",",,S","73",",,S"
"DRM00078458","PUERTO PLATA, DR","19.75","-70.55","5.0","2003-07-30","81","H,,S","92",",,S","73",",,S"
"DRM00078458","PUERTO PLATA, DR","19.75","-70.55","5.0","2003-07-31","84","H,,S","91",",,S","73",",,S"
"DRM00078458","PUERTO PLATA, DR","19.75","-70.55","5.0","2003-08-01","80","H,,S","90",",,S","73",",,S"
"DRM00078458","PUERTO PLATA, DR","19.75","-70.55","5.0","2003-08-02","84","H,,S","91",",,S","73",",,S"
"DRM00078458","PUERTO PLATA, DR","19.75","-70.55","5.0","2003-08-03","83","H,,S","93",",,S","73",",,S"
"DRM00078458","PUERTO PLATA, DR","19.75","-70.55","5.0","2003-08-04","82","H,,S","93",",,S","73",",,S"
"DRM00078458","PUERTO PLATA, DR","19.75","-70.55","5.0","2003-08-05","83","H,,S","92",",,S","74",",,S"
"DRM00078458","PUERTO PLATA, DR","19.75","-70.55","5.0","2003-08-06","84","H,,S","92",",,S","73",",,S"
"DRM00078458","PUERTO PLATA, DR","19.75","-70.55","5.0","2003-08-07","83","H,,S","93",",,S","73",",,S"
"DRM00078458","PUERTO PLATA, DR","19.75","-70.55","5.0","2003-08-08","84","H,,S","96",",,S","73",",,S"
"DRM00078458","PUERTO PLATA, DR","19.75","-70.55","5.0","2003-08-09","85","H,,S","93",",,S","74",",,S"
"DRM00078458","PUERTO PLATA, DR","19.75","-70.55","5.0","2003-08-10","83","H,,S","93",",,S","74",",,S"
"DRM00078458","PUERTO PLATA, DR","19.75","-70.55","5.0","2003-08-11","83","H,,S","93",",,S","74",",,S"
"DRM00078458","PUERTO PLATA, DR","19.75","-70.55","5.0","2003-08-12","82","H,,S","93",",,S","73",",,S"
"DRM00078458","PUERTO PLATA, DR","19.75","-70.55","5.0","2003-08-13","81","H,,S","93",",,S","73",",,S"
"DRM00078458","PUERTO PLATA, DR","19.75","-70.55","5.0","2003-08-14","85","H,,S","94",",,S","74",",,S"
"DRM00078458","PUERTO PLATA, DR","19.75","-70.55","5.0","2003-08-15","83","H,,S","94",",,S","74",",,S"
"DRM00078458","PUERTO PLATA, DR","19.75","-70.55","5.0","2003-08-16","83","H,,S","93",",,S","75",",,S"
"DRM00078458","PUERTO PLATA, DR","19.75","-70.55","5.0","2003-08-17","84","H,,S","93",",,S","74",",,S"
"DRM00078458","PUERTO PLATA, DR","19.75","-70.55","5.0","2003-08-18","83","H,,S","93",",,S","72",",,S"
"DRM00078458","PUERTO PLATA, DR","19.75","-70.55","5.0","2003-08-19","82","H,,S","95",",,S","72",",,S"
"DRM00078458","PUERTO PLATA, DR","19.75","-70.55","5.0","2003-08-20","83","H,,S","93",",,S","72",",,S"
"DRM00078458","PUERTO PLATA, DR","19.75","-70.55","5.0","2003-08-21","84","H,,S","95",",,S","73",",,S"
"DRM00078458","PUERTO PLATA, DR","19.75","-70.55","5.0","2003-08-22","83","H,,S","95",",,S","73",",,S"
"DRM00078458","PUERTO PLATA, DR","19.75","-70.55","5.0","2003-08-23","77","H,,S","90",",,S","73",",,S"
"DRM00078458","PUERTO PLATA, DR","19.75","-70.55","5.0","2003-08-24","81","H,,S","91",",,S","73",",,S"
"DRM00078458","PUERTO PLATA, DR","19.75","-70.55","5.0","2003-08-25","79","H,,S","91",",,S","73",",,S"
"DRM00078458","PUERTO PLATA, DR","19.75","-70.55","5.0","2003-08-26","77","H,,S","91",",,S","73",",,S"
"DRM00078458","PUERTO PLATA, DR","19.75","-70.55","5.0","2003-08-27","80","H,,S","92",",,S","72",",,S"
"DRM00078458","PUERTO PLATA, DR","19.75","-70.55","5.0","2003-08-28","80","H,,S","93",",,S","72",",,S"
"DRM00078458","PUERTO PLATA, DR","19.75","-70.55","5.0","2003-08-29","81","H,,S","91",",,S","73",",,S"
"DRM00078458","PUERTO PLATA, DR","19.75","-70.55","5.0","2003-08-30","85","H,,S","90",",,S","72",",,S"
"DRM00078458","PUERTO PLATA, DR","19.75","-70.55","5.0","2003-08-31","81","H,,S","89",",,S","73",",,S"
"DRM00078458","PUERTO PLATA, DR","19.75","-70.55","5.0","2003-09-01","83","H,,S","89",",,S","73",",,S"
"DRM00078458","PUERTO PLATA, DR","19.75","-70.55","5.0","2003-09-02","83","H,,S","90",",,S","72",",,S"
"DRM00078458","PUERTO PLATA, DR","19.75","-70.55","5.0","2003-09-03","82","H,,S","90",",,S","71",",,S"
"DRM00078458","PUERTO PLATA, DR","19.75","-70.55","5.0","2003-09-04","81","H,,S","89",",,S","72",",,S"
"DRM00078458","PUERTO PLATA, DR","19.75","-70.55","5.0","2003-09-05","81","H,,S","89",",,S","72",",,S"
"DRM00078458","PUERTO PLATA, DR","19.75","-70.55","5.0","2003-09-06","82","H,,S","90",",,S","73",",,S"
"DRM00078458","PUERTO PLATA, DR","19.75","-70.55","5.0","2003-09-07","84","H,,S","95",",,S","73",",,S"
"DRM00078458","PUERTO PLATA, DR","19.75","-70.55","5.0","2003-09-08","83","H,,S","92",",,S","73",",,S"
"DRM00078458","PUERTO PLATA, DR","19.75","-70.55","5.0","2003-09-09","82","H,,S","91",",,S","73",",,S"
"DRM00078458","PUERTO PLATA, DR","19.75","-70.55","5.0","2003-09-10","81","H,,S","91",",,S","74",",,S"
"DRM00078458","PUERTO PLATA, DR","19.75","-70.55","5.0","2003-09-11","84","H,,S","91",",,S","71",",,S"
"DRM00078458","PUERTO PLATA, DR","19.75","-70.55","5.0","2003-09-12","82","H,,S","93",",,S","72",",,S"
"DRM00078458","PUERTO PLATA, DR","19.75","-70.55","5.0","2003-09-13","82","H,,S","91",",,S","72",",,S"
"DRM00078458","PUERTO PLATA, DR","19.75","-70.55","5.0","2003-09-14","80","H,,S","90",",,S","72",",,S"
"DRM00078458","PUERTO PLATA, DR","19.75","-70.55","5.0","2003-09-15","81","H,,S","91",",,S","72",",,S"
"DRM00078458","PUERTO PLATA, DR","19.75","-70.55","5.0","2003-09-16","81","H,,S","90",",,S","72",",,S"
"DRM00078458","PUERTO PLATA, DR","19.75","-70.55","5.0","2003-09-17","80","H,,S","90",",,S","72",",,S"
"DRM00078458","PUERTO PLATA, DR","19.75","-70.55","5.0","2003-09-18","82","H,,S","93",",,S","71",",,S"
"DRM00078458","PUERTO PLATA, DR","19.75","-70.55","5.0","2003-09-19","81","H,,S","94",",,S","72",",,S"
"DRM00078458","PUERTO PLATA, DR","19.75","-70.55","5.0","2003-09-20","81","H,,S","91",",,S","71",",,S"
"DRM00078458","PUERTO PLATA, DR","19.75","-70.55","5.0","2003-09-21","81","H,,S","90",",,S","72",",,S"
"DRM00078458","PUERTO PLATA, DR","19.75","-70.55","5.0","2003-09-22","82","H,,S","90",",,S","72",",,S"
"DRM00078458","PUERTO PLATA, DR","19.75","-70.55","5.0","2003-09-23","81","H,,S","92",",,S","72",",,S"
"DRM00078458","PUERTO PLATA, DR","19.75","-70.55","5.0","2003-09-24","81","H,,S","89",",,S","72",",,S"
"DRM00078458","PUERTO PLATA, DR","19.75","-70.55","5.0","2003-09-25","82","H,,S","90",",,S","72",",,S"
"DRM00078458","PUERTO PLATA, DR","19.75","-70.55","5.0","2003-09-26","82","H,,S","91",",,S","72",",,S"
"DRM00078458","PUERTO PLATA, DR","19.75","-70.55","5.0","2003-09-27","83","H,,S","94",",,S","72",",,S"
"DRM00078458","PUERTO PLATA, DR","19.75","-70.55","5.0","2003-09-28","85","H,,S","100",",,S","72",",,S"
"DRM00078458","PUERTO PLATA, DR","19.75","-70.55","5.0","2003-09-29","83","H,,S","99",",,S","72",",,S"
"DRM00078458","PUERTO PLATA, DR","19.75","-70.55","5.0","2003-09-30","84","H,,S","95",",,S","73",",,S"
"DRM00078458","PUERTO PLATA, DR","19.75","-70.55","5.0","2003-10-01","82","H,,S","92",",,S","73",",,S"
"DRM00078458","PUERTO PLATA, DR","19.75","-70.55","5.0","2003-10-02","80","H,,S","91",",,S","73",",,S"
"DRM00078458","PUERTO PLATA, DR","19.75","-70.55","5.0","2003-10-03","79","H,,S","94",",,S","72",",,S"
"DRM00078458","PUERTO PLATA, DR","19.75","-70.55","5.0","2003-10-04","81","H,,S","91",",,S","72",",,S"
"DRM00078458","PUERTO PLATA, DR","19.75","-70.55","5.0","2003-10-05","82","H,,S","91",",,S","73",",,S"
"DRM00078458","PUERTO PLATA, DR","19.75","-70.55","5.0","2003-10-06","81","H,,S","91",",,S","72",",,S"
"DRM00078458","PUERTO PLATA, DR","19.75","-70.55","5.0","2003-10-07","81","H,,S","92",",,S","72",",,S"
"DRM00078458","PUERTO PLATA, DR","19.75","-70.55","5.0","2003-10-08","80","H,,S",,,,
"DRM00078458","PUERTO PLATA, DR","19.75","-70.55","5.0","2003-10-09","82","H,,S","93",",,S","72",",,S"
"DRM00078458","PUERTO PLATA, DR","19.75","-70.55","5.0","2003-10-10","76","H,,S","94",",,S","72",",,S"
"DRM00078458","PUERTO PLATA, DR","19.75","-70.55","5.0","2003-10-11","80","H,,S","90",",,S","72",",,S"
"DRM00078458","PUERTO PLATA, DR","19.75","-70.55","5.0","2003-10-12","82","H,,S","97",",,S","72",",,S"
"DRM00078458","PUERTO PLATA, DR","19.75","-70.55","5.0","2003-10-13","81","H,,S","97",",,S","72",",,S"
"DRM00078458","PUERTO PLATA, DR","19.75","-70.55","5.0","2003-10-14","82","H,,S","92",",,S","72",",,S"
"DRM00078458","PUERTO PLATA, DR","19.75","-70.55","5.0","2003-10-15","82","H,,S","90",",,S","72",",,S"
"DRM00078458","PUERTO PLATA, DR","19.75","-70.55","5.0","2003-10-16","82","H,,S","90",",,S","72",",,S"
"DRM00078458","PUERTO PLATA, DR","19.75","-70.55","5.0","2003-10-17","83","H,,S","91",",,S","72",",,S"
"DRM00078458","PUERTO PLATA, DR","19.75","-70.55","5.0","2003-10-18","83","H,,S","91",",,S","72",",,S"
"DRM00078458","PUERTO PLATA, DR","19.75","-70.55","5.0","2003-10-19","83","H,,S","92",",,S","73",",,S"
"DRM00078458","PUERTO PLATA, DR","19.75","-70.55","5.0","2003-10-20","80","H,,S","92",",,S","72",",,S"
"DRM00078458","PUERTO PLATA, DR","19.75","-70.55","5.0","2003-10-21","82","H,,S","92",",,S","72",",,S"
"DRM00078458","PUERTO PLATA, DR","19.75","-70.55","5.0","2003-10-22","79","H,,S","92",",,S","72",",,S"
"DRM00078458","PUERTO PLATA, DR","19.75","-70.55","5.0","2003-10-23","79","H,,S","91",",,S","72",",,S"
"DRM00078458","PUERTO PLATA, DR","19.75","-70.55","5.0","2003-10-24","78","H,,S","90",",,S","72",",,S"
"DRM00078458","PUERTO PLATA, DR","19.75","-70.55","5.0","2003-10-25","78","H,,S","88",",,S","72",",,S"
"DRM00078458","PUERTO PLATA, DR","19.75","-70.55","5.0","2003-10-26","79","H,,S","88",",,S","72",",,S"
"DRM00078458","PUERTO PLATA, DR","19.75","-70.55","5.0","2003-10-27","79","H,,S","89",",,S","72",",,S"
"DRM00078458","PUERTO PLATA, DR","19.75","-70.55","5.0","2003-10-28","80","H,,S","92",",,S","71",",,S"
"DRM00078458","PUERTO PLATA, DR","19.75","-70.55","5.0","2003-10-29","81","H,,S","90",",,S","72",",,S"
"DRM00078458","PUERTO PLATA, DR","19.75","-70.55","5.0","2003-10-30","80","H,,S","91",",,S","73",",,S"
"DRM00078458","PUERTO PLATA, DR","19.75","-70.55","5.0","2003-10-31","80","H,,S","88",",,S","72",",,S"
"DRM00078458","PUERTO PLATA, DR","19.75","-70.55","5.0","2003-11-01","81","H,,S","87",",,S","72",",,S"
"DRM00078458","PUERTO PLATA, DR","19.75","-70.55","5.0","2003-11-02","80","H,,S","89",",,S","72",",,S"
"DRM00078458","PUERTO PLATA, DR","19.75","-70.55","5.0","2003-11-03","81","H,,S","92",",,S","72",",,S"
"DRM00078458","PUERTO PLATA, DR","19.75","-70.55","5.0","2003-11-04","79","H,,S","91",",,S","72",",,S"
"DRM00078458","PUERTO PLATA, DR","19.75","-70.55","5.0","2003-11-05","78","H,,S","90",",,S","72",",,S"
"DRM00078458","PUERTO PLATA, DR","19.75","-70.55","5.0","2003-11-06","79","H,,S","88",",,S","72",",,S"
"DRM00078458","PUERTO PLATA, DR","19.75","-70.55","5.0","2003-11-07","81","H,,S","90",",,S","72",",,S"
"DRM00078458","PUERTO PLATA, DR","19.75","-70.55","5.0","2003-11-08","80","H,,S","90",",,S","71",",,S"
"DRM00078458","PUERTO PLATA, DR","19.75","-70.55","5.0","2003-11-09","79","H,,S","87",",,S","71",",,S"
"DRM00078458","PUERTO PLATA, DR","19.75","-70.55","5.0","2003-11-10","79","H,,S","87",",,S","72",",,S"
"DRM00078458","PUERTO PLATA, DR","19.75","-70.55","5.0","2003-11-11","81","H,,S","88",",,S","72",",,S"
"DRM00078458","PUERTO PLATA, DR","19.75","-70.55","5.0","2003-11-12","79","H,,S","85",",,S","72",",,S"
"DRM00078458","PUERTO PLATA, DR","19.75","-70.55","5.0","2003-11-13","79","H,,S","85",",,S","72",",,S"
"DRM00078458","PUERTO PLATA, DR","19.75","-70.55","5.0","2003-11-14","78","H,,S","86",",,S","71",",,S"
"DRM00078458","PUERTO PLATA, DR","19.75","-70.55","5.0","2003-11-15","79","H,,S","87",",,S","71",",,S"
"DRM00078458","PUERTO PLATA, DR","19.75","-70.55","5.0","2003-11-16","80","H,,S","87",",,S","72",",,S"
"DRM00078458","PUERTO PLATA, DR","19.75","-70.55","5.0","2003-11-17","79","H,,S","86",",,S","72",",,S"
"DRM00078458","PUERTO PLATA, DR","19.75","-70.55","5.0","2003-11-18","77","H,,S","85",",,S","72",",,S"
"DRM00078458","PUERTO PLATA, DR","19.75","-70.55","5.0","2003-11-19","80","H,,S","88",",,S","72",",,S"
"DRM00078458","PUERTO PLATA, DR","19.75","-70.55","5.0","2003-11-20","80","H,,S","91",",,S","69",",,S"
"DRM00078458","PUERTO PLATA, DR","19.75","-70.55","5.0","2003-11-21","80","H,,S","91",",,S","72",",,S"
"DRM00078458","PUERTO PLATA, DR","19.75","-70.55","5.0","2003-11-22","77","H,,S","88",",,S","70",",,S"
"DRM00078458","PUERTO PLATA, DR","19.75","-70.55","5.0","2003-11-23","79","H,,S","91",",,S","71",",,S"
"DRM00078458","PUERTO PLATA, DR","19.75","-70.55","5.0","2003-11-24","78","H,,S","87",",,S","71",",,S"
"DRM00078458","PUERTO PLATA, DR","19.75","-70.55","5.0","2003-11-25","76","H,,S",,,,
"DRM00078458","PUERTO PLATA, DR","19.75","-70.55","5.0","2003-11-26","77","H,,S","86",",,S","62",",,S"
"DRM00078458","PUERTO PLATA, DR","19.75","-70.55","5.0","2003-11-27","78","H,,S","86",",,S","68",",,S"
"DRM00078458","PUERTO PLATA, DR","19.75","-70.55","5.0","2003-11-28","80","H,,S","87",",,S","70",",,S"
"DRM00078458","PUERTO PLATA, DR","19.75","-70.55","5.0","2003-11-29","80","H,,S","88",",,S","70",",,S"
"DRM00078458","PUERTO PLATA, DR","19.75","-70.55","5.0","2003-11-30","80","H,,S","88",",,S","71",",,S"
"DRM00078458","PUERTO PLATA, DR","19.75","-70.55","5.0","2003-12-01","79","H,,S","87",",,S","69",",,S"
"DRM00078458","PUERTO PLATA, DR","19.75","-70.55","5.0","2003-12-02","77","H,,S","85",",,S","69",",,S"
"DRM00078458","PUERTO PLATA, DR","19.75","-70.55","5.0","2003-12-03","77","H,,S","83",",,S","69",",,S"
"DRM00078458","PUERTO PLATA, DR","19.75","-70.55","5.0","2003-12-04","75","H,,S","83",",,S","69",",,S"
"DRM00078458","PUERTO PLATA, DR","19.75","-70.55","5.0","2003-12-05","76","H,,S",,,,
"DRM00078458","PUERTO PLATA, DR","19.75","-70.55","5.0","2003-12-06","76","H,,S",,,,
"DRM00078458","PUERTO PLATA, DR","19.75","-70.55","5.0","2003-12-07","77","H,,S",,,,
"DRM00078458","PUERTO PLATA, DR","19.75","-70.55","5.0","2003-12-08","73","H,,S",,,,
"DRM00078458","PUERTO PLATA, DR","19.75","-70.55","5.0","2003-12-09","73","H,,S",,,,
"DRM00078458","PUERTO PLATA, DR","19.75","-70.55","5.0","2003-12-11","76","H,,S",,,,
"DRM00078458","PUERTO PLATA, DR","19.75","-70.55","5.0","2003-12-12","79","H,,S","87",",,S","68",",,S"
"DRM00078458","PUERTO PLATA, DR","19.75","-70.55","5.0","2003-12-13","79","H,,S","88",",,S","68",",,S"
"DRM00078458","PUERTO PLATA, DR","19.75","-70.55","5.0","2003-12-14","80","H,,S","88",",,S","68",",,S"
"DRM00078458","PUERTO PLATA, DR","19.75","-70.55","5.0","2003-12-15","80","H,,S","87",",,S","69",",,S"
"DRM00078458","PUERTO PLATA, DR","19.75","-70.55","5.0","2003-12-16","78","H,,S","88",",,S","68",",,S"
"DRM00078458","PUERTO PLATA, DR","19.75","-70.55","5.0","2003-12-17","81","H,,S","89",",,S","69",",,S"
"DRM00078458","PUERTO PLATA, DR","19.75","-70.55","5.0","2003-12-18","80","H,,S","89",",,S","68",",,S"
"DRM00078458","PUERTO PLATA, DR","19.75","-70.55","5.0","2003-12-19","80","H,,S","88",",,S","68",",,S"
"DRM00078458","PUERTO PLATA, DR","19.75","-70.55","5.0","2003-12-20","80","H,,S",,,,
"DRM00078458","PUERTO PLATA, DR","19.75","-70.55","5.0","2003-12-21","77","H,,S","87",",,S","68",",,S"
"DRM00078458","PUERTO PLATA, DR","19.75","-70.55","5.0","2003-12-22","75","H,,S","83",",,S","66",",,S"
"DRM00078458","PUERTO PLATA, DR","19.75","-70.55","5.0","2003-12-23","78","H,,S",,,,
"DRM00078458","PUERTO PLATA, DR","19.75","-70.55","5.0","2003-12-24","78","H,,S","85",",,S","67",",,S"
"DRM00078458","PUERTO PLATA, DR","19.75","-70.55","5.0","2003-12-25","78","H,,S","88",",,S","67",",,S"
"DRM00078458","PUERTO PLATA, DR","19.75","-70.55","5.0","2003-12-26","79","H,,S","88",",,S","67",",,S"
"DRM00078458","PUERTO PLATA, DR","19.75","-70.55","5.0","2003-12-27","78","H,,S","85",",,S","67",",,S"
"DRM00078458","PUERTO PLATA, DR","19.75","-70.55","5.0","2003-12-28","78","H,,S","84",",,S","67",",,S"
"DRM00078458","PUERTO PLATA, DR","19.75","-70.55","5.0","2004-01-02","78","H,,S","81",",,S","64",",,S"
"DRM00078458","PUERTO PLATA, DR","19.75","-70.55","5.0","2004-01-03","76","H,,S","82",",,S","64",",,S"
"DRM00078458","PUERTO PLATA, DR","19.75","-70.55","5.0","2004-01-04","75","H,,S","82",",,S","64",",,S"
"DRM00078458","PUERTO PLATA, DR","19.75","-70.55","5.0","2004-01-05","77","H,,S","83",",,S","64",",,S"
"DRM00078458","PUERTO PLATA, DR","19.75","-70.55","5.0","2004-01-06","77","H,,S","83",",,S","67",",,S"
"DRM00078458","PUERTO PLATA, DR","19.75","-70.55","5.0","2004-01-07","76","H,,S","83",",,S","66",",,S"
"DRM00078458","PUERTO PLATA, DR","19.75","-70.55","5.0","2004-01-08","77","H,,S","83",",,S","66",",,S"
"DRM00078458","PUERTO PLATA, DR","19.75","-70.55","5.0","2004-01-09","77","H,,S","83",",,S","67",",,S"
"DRM00078458","PUERTO PLATA, DR","19.75","-70.55","5.0","2004-01-10","78","H,,S","83",",,S","66",",,S"
"DRM00078458","PUERTO PLATA, DR","19.75","-70.55","5.0","2004-01-11","78","H,,S","83",",,S","66",",,S"
"DRM00078458","PUERTO PLATA, DR","19.75","-70.55","5.0","2004-01-12","75","H,,S","83",",,S","67",",,S"
"DRM00078458","PUERTO PLATA, DR","19.75","-70.55","5.0","2004-01-13","74","H,,S","82",",,S","66",",,S"
"DRM00078458","PUERTO PLATA, DR","19.75","-70.55","5.0","2004-01-14","73","H,,S","82",",,S","65",",,S"
"DRM00078458","PUERTO PLATA, DR","19.75","-70.55","5.0","2004-01-15","74","H,,S","83",",,S","64",",,S"
"DRM00078458","PUERTO PLATA, DR","19.75","-70.55","5.0","2004-01-16","75","H,,S","83",",,S","64",",,S"
"DRM00078458","PUERTO PLATA, DR","19.75","-70.55","5.0","2004-01-17","74","H,,S",,,,
"DRM00078458","PUERTO PLATA, DR","19.75","-70.55","5.0","2004-01-18","75","H,,S",,,,
"DRM00078458","PUERTO PLATA, DR","19.75","-70.55","5.0","2004-01-19","77","H,,S",,,,
"DRM00078458","PUERTO PLATA, DR","19.75","-70.55","5.0","2004-01-20","78","H,,S",,,,
"DRM00078458","PUERTO PLATA, DR","19.75","-70.55","5.0","2004-01-21","75","H,,S",,,,
"DRM00078458","PUERTO PLATA, DR","19.75","-70.55","5.0","2004-01-22","74","H,,S",,,,
"DRM00078458","PUERTO PLATA, DR","19.75","-70.55","5.0","2004-01-23","76","H,,S",,,,
"DRM00078458","PUERTO PLATA, DR","19.75","-70.55","5.0","2004-01-24","75","H,,S",,,,
"DRM00078458","PUERTO PLATA, DR","19.75","-70.55","5.0","2004-01-25","76","H,,S","86",",,S","65",",,S"
"DRM00078458","PUERTO PLATA, DR","19.75","-70.55","5.0","2004-01-26","75","H,,S",,,,
"DRM00078458","PUERTO PLATA, DR","19.75","-70.55","5.0","2004-01-27","77","H,,S",,,,
"DRM00078458","PUERTO PLATA, DR","19.75","-70.55","5.0","2004-01-28","76","H,,S",,,,
"DRM00078458","PUERTO PLATA, DR","19.75","-70.55","5.0","2004-01-29","76","H,,S",,,,
"DRM00078458","PUERTO PLATA, DR","19.75","-70.55","5.0","2004-01-30","76","H,,S",,,,
"DRM00078458","PUERTO PLATA, DR","19.75","-70.55","5.0","2004-01-31","78","H,,S","87",",,S","64",",,S"
"DRM00078458","PUERTO PLATA, DR","19.75","-70.55","5.0","2004-02-01","78","H,,S",,,,
"DRM00078458","PUERTO PLATA, DR","19.75","-70.55","5.0","2004-02-02","78","H,,S",,,,
"DRM00078458","PUERTO PLATA, DR","19.75","-70.55","5.0","2004-02-03","76","H,,S",,,,
"DRM00078458","PUERTO PLATA, DR","19.75","-70.55","5.0","2004-02-04","78","H,,S",,,,
"DRM00078458","PUERTO PLATA, DR","19.75","-70.55","5.0","2004-02-05","78","H,,S",,,,
"DRM00078458","PUERTO PLATA, DR","19.75","-70.55","5.0","2004-02-06","75","H,,S",,,,
"DRM00078458","PUERTO PLATA, DR","19.75","-70.55","5.0","2004-02-07","76","H,,S",,,,
"DRM00078458","PUERTO PLATA, DR","19.75","-70.55","5.0","2004-02-08","78","H,,S",,,,
"DRM00078458","PUERTO PLATA, DR","19.75","-70.55","5.0","2004-02-09","77","H,,S",,,,
"DRM00078458","PUERTO PLATA, DR","19.75","-70.55","5.0","2004-02-10","76","H,,S","86",",,S","65",",,S"
"DRM00078458","PUERTO PLATA, DR","19.75","-70.55","5.0","2004-02-11","76","H,,S",,,,
"DRM00078458","PUERTO PLATA, DR","19.75","-70.55","5.0","2004-02-12","77","H,,S",,,,
"DRM00078458","PUERTO PLATA, DR","19.75","-70.55","5.0","2004-02-13","77","H,,S",,,,
"DRM00078458","PUERTO PLATA, DR","19.75","-70.55","5.0","2004-02-14","77","H,,S",,,,
"DRM00078458","PUERTO PLATA, DR","19.75","-70.55","5.0","2004-02-15","77","H,,S",,,,
"DRM00078458","PUERTO PLATA, DR","19.75","-70.55","5.0","2004-02-16","78","H,,S",,,,
"DRM00078458","PUERTO PLATA, DR","19.75","-70.55","5.0","2004-02-17","78","H,,S",,,,
"DRM00078458","PUERTO PLATA, DR","19.75","-70.55","5.0","2004-02-18","75","H,,S",,,,
"DRM00078458","PUERTO PLATA, DR","19.75","-70.55","5.0","2004-02-19","73","H,,S",,,,
"DRM00078458","PUERTO PLATA, DR","19.75","-70.55","5.0","2004-02-20","74","H,,S",,,,
"DRM00078458","PUERTO PLATA, DR","19.75","-70.55","5.0","2004-02-21","74","H,,S",,,,
"DRM00078458","PUERTO PLATA, DR","19.75","-70.55","5.0","2004-02-22","77","H,,S",,,,
"DRM00078458","PUERTO PLATA, DR","19.75","-70.55","5.0","2004-02-23","74","H,,S",,,,
"DRM00078458","PUERTO PLATA, DR","19.75","-70.55","5.0","2004-02-24","75","H,,S",,,,
"DRM00078458","PUERTO PLATA, DR","19.75","-70.55","5.0","2004-02-25","76","H,,S",,,,
"DRM00078458","PUERTO PLATA, DR","19.75","-70.55","5.0","2004-02-26","77","H,,S",,,,
"DRM00078458","PUERTO PLATA, DR","19.75","-70.55","5.0","2004-02-27","78","H,,S",,,,
"DRM00078458","PUERTO PLATA, DR","19.75","-70.55","5.0","2004-02-28","75","H,,S",,,,
"DRM00078458","PUERTO PLATA, DR","19.75","-70.55","5.0","2004-02-29","72","H,,S",,,,
"DRM00078458","PUERTO PLATA, DR","19.75","-70.55","5.0","2004-03-01","74","H,,S",,,,
"DRM00078458","PUERTO PLATA, DR","19.75","-70.55","5.0","2004-03-02","76","H,,S",,,,
"DRM00078458","PUERTO PLATA, DR","19.75","-70.55","5.0","2004-03-03","75","H,,S",,,,
"DRM00078458","PUERTO PLATA, DR","19.75","-70.55","5.0","2004-03-04","77","H,,S",,,,
"DRM00078458","PUERTO PLATA, DR","19.75","-70.55","5.0","2004-03-05","78","H,,S",,,,
"DRM00078458","PUERTO PLATA, DR","19.75","-70.55","5.0","2004-03-06","76","H,,S",,,,
"DRM00078458","PUERTO PLATA, DR","19.75","-70.55","5.0","2004-03-07","78","H,,S",,,,
"DRM00078458","PUERTO PLATA, DR","19.75","-70.55","5.0","2004-03-08","77","H,,S",,,,
"DRM00078458","PUERTO PLATA, DR","19.75","-70.55","5.0","2004-03-09","78","H,,S",,,,
"DRM00078458","PUERTO PLATA, DR","19.75","-70.55","5.0","2004-03-10","78","H,,S",,,,
"DRM00078458","PUERTO PLATA, DR","19.75","-70.55","5.0","2004-03-11","78","H,,S",,,,
"DRM00078458","PUERTO PLATA, DR","19.75","-70.55","5.0","2004-03-12","79","H,,S",,,,
"DRM00078458","PUERTO PLATA, DR","19.75","-70.55","5.0","2004-03-13","78","H,,S",,,,
"DRM00078458","PUERTO PLATA, DR","19.75","-70.55","5.0","2004-03-14","78","H,,S",,,,
"DRM00078458","PUERTO PLATA, DR","19.75","-70.55","5.0","2004-03-15","78","H,,S",,,,
"DRM00078458","PUERTO PLATA, DR","19.75","-70.55","5.0","2004-03-16","79","H,,S",,,,
"DRM00078458","PUERTO PLATA, DR","19.75","-70.55","5.0","2004-03-17","78","H,,S",,,,
"DRM00078458","PUERTO PLATA, DR","19.75","-70.55","5.0","2004-03-18","78","H,,S","86",",,S","69",",,S"
"DRM00078458","PUERTO PLATA, DR","19.75","-70.55","5.0","2004-03-19","78","H,,S","85",",,S","68",",,S"
"DRM00078458","PUERTO PLATA, DR","19.75","-70.55","5.0","2004-03-20","78","H,,S","90",",,S","68",",,S"
"DRM00078458","PUERTO PLATA, DR","19.75","-70.55","5.0","2004-03-21","76","H,,S",,,,
"DRM00078458","PUERTO PLATA, DR","19.75","-70.55","5.0","2004-03-22","80","H,,S","86",",,S","68",",,S"
"DRM00078458","PUERTO PLATA, DR","19.75","-70.55","5.0","2004-03-23","79","H,,S","87",",,S","68",",,S"
"DRM00078458","PUERTO PLATA, DR","19.75","-70.55","5.0","2004-03-24","76","H,,S","87",",,S","68",",,S"
"DRM00078458","PUERTO PLATA, DR","19.75","-70.55","5.0","2004-03-25","74","H,,S","82",",,S","68",",,S"
"DRM00078458","PUERTO PLATA, DR","19.75","-70.55","5.0","2004-03-26","74","H,,S","81",",,S","66",",,S"
"DRM00078458","PUERTO PLATA, DR","19.75","-70.55","5.0","2004-03-27","72","H,,S","81",",,S","67",",,S"
"DRM00078458","PUERTO PLATA, DR","19.75","-70.55","5.0","2004-03-28","74","H,,S","77",",,S","66",",,S"
"DRM00078458","PUERTO PLATA, DR","19.75","-70.55","5.0","2004-03-29","73","H,,S","82",",,S","65",",,S"
"DRM00078458","PUERTO PLATA, DR","19.75","-70.55","5.0","2004-03-30","76","H,,S","82",",,S","65",",,S"
"DRM00078458","PUERTO PLATA, DR","19.75","-70.55","5.0","2004-03-31","75","H,,S","80",",,S","66",",,S"
"DRM00078458","PUERTO PLATA, DR","19.75","-70.55","5.0","2004-04-01","77","H,,S","86",",,S","65",",,S"
"DRM00078458","PUERTO PLATA, DR","19.75","-70.55","5.0","2004-04-02","77","H,,S","82",",,S","65",",,S"
"DRM00078458","PUERTO PLATA, DR","19.75","-70.55","5.0","2004-04-03","77","H,,S","83",",,S","65",",,S"
"DRM00078458","PUERTO PLATA, DR","19.75","-70.55","5.0","2004-04-04","78","H,,S","82",",,S","65",",,S"
"DRM00078458","PUERTO PLATA, DR","19.75","-70.55","5.0","2004-04-05","78","H,,S",,,,
"DRM00078458","PUERTO PLATA, DR","19.75","-70.55","5.0","2004-04-06","78","H,,S","82",",,S","66",",,S"
"DRM00078458","PUERTO PLATA, DR","19.75","-70.55","5.0","2004-04-07","77","H,,S","83",",,S","66",",,S"
"DRM00078458","PUERTO PLATA, DR","19.75","-70.55","5.0","2004-04-08","77","H,,S","84",",,S","68",",,S"
"DRM00078458","PUERTO PLATA, DR","19.75","-70.55","5.0","2004-04-09","80","H,,S","85",",,S","68",",,S"
"DRM00078458","PUERTO PLATA, DR","19.75","-70.55","5.0","2004-04-11","78","H,,S","85",",,S","68",",,S"
"DRM00078458","PUERTO PLATA, DR","19.75","-70.55","5.0","2004-04-12","80","H,,S","86",",,S","67",",,S"
"DRM00078458","PUERTO PLATA, DR","19.75","-70.55","5.0","2004-04-13","80","H,,S","86",",,S","67",",,S"
"DRM00078458","PUERTO PLATA, DR","19.75","-70.55","5.0","2004-04-14","79","H,,S","88",",,S","66",",,S"
"DRM00078458","PUERTO PLATA, DR","19.75","-70.55","5.0","2004-04-15","79","H,,S","88",",,S","67",",,S"
"DRM00078458","PUERTO PLATA, DR","19.75","-70.55","5.0","2004-04-16","75","H,,S","87",",,S","65",",,S"
"DRM00078458","PUERTO PLATA, DR","19.75","-70.55","5.0","2004-04-17","72","H,,S","75",",,S","65",",,S"
"DRM00078458","PUERTO PLATA, DR","19.75","-70.55","5.0","2004-04-18","73","H,,S","78",",,S","65",",,S"
"DRM00078458","PUERTO PLATA, DR","19.75","-70.55","5.0","2004-04-19","74","H,,S",,,,
"DRM00078458","PUERTO PLATA, DR","19.75","-70.55","5.0","2004-04-20","74","H,,S","81",",,S","64",",,S"
"DRM00078458","PUERTO PLATA, DR","19.75","-70.55","5.0","2004-04-21","75","H,,S",,,,
"DRM00078458","PUERTO PLATA, DR","19.75","-70.55","5.0","2004-04-22","78","H,,S","88",",,S","64",",,S"
"DRM00078458","PUERTO PLATA, DR","19.75","-70.55","5.0","2004-04-23","80","H,,S","88",",,S","65",",,S"
"DRM00078458","PUERTO PLATA, DR","19.75","-70.55","5.0","2004-04-24","78","H,,S","83",",,S","64",",,S"
"DRM00078458","PUERTO PLATA, DR","19.75","-70.55","5.0","2004-04-25","79","H,,S","83",",,S","65",",,S"
"DRM00078458","PUERTO PLATA, DR","19.75","-70.55","5.0","2004-04-26","79","H,,S","86",",,S","65",",,S"
"DRM00078458","PUERTO PLATA, DR","19.75","-70.55","5.0","2004-04-27","80","H,,S","88",",,S","65",",,S"
"DRM00078458","PUERTO PLATA, DR","19.75","-70.55","5.0","2004-04-28","80","H,,S","88",",,S","65",",,S"
"DRM00078458","PUERTO PLATA, DR","19.75","-70.55","5.0","2004-04-29","80","H,,S","87",",,S","70",",,S"
"DRM00078458","PUERTO PLATA, DR","19.75","-70.55","5.0","2004-04-30","78","H,,S","86",",,S","69",",,S"
"DRM00078458","PUERTO PLATA, DR","19.75","-70.55","5.0","2004-05-01","76","H,,S","85",",,S","67",",,S"
"DRM00078458","PUERTO PLATA, DR","19.75","-70.55","5.0","2004-05-02","78","H,,S","85",",,S","70",",,S"
"DRM00078458","PUERTO PLATA, DR","19.75","-70.55","5.0","2004-05-03","80","H,,S","86",",,S","69",",,S"
"DRM00078458","PUERTO PLATA, DR","19.75","-70.55","5.0","2004-05-04","78","H,,S","86",",,S","68",",,S"
"DRM00078458","PUERTO PLATA, DR","19.75","-70.55","5.0","2004-05-05","81","H,,S","89",",,S","68",",,S"
"DRM00078458","PUERTO PLATA, DR","19.75","-70.55","5.0","2004-05-06","80","H,,S","89",",,S","71",",,S"
"DRM00078458","PUERTO PLATA, DR","19.75","-70.55","5.0","2004-05-07","80","H,,S","85",",,S","71",",,S"
"DRM00078458","PUERTO PLATA, DR","19.75","-70.55","5.0","2004-05-08","77","H,,S","85",",,S","70",",,S"
"DRM00078458","PUERTO PLATA, DR","19.75","-70.55","5.0","2004-05-09","78","H,,S","83",",,S","71",",,S"
"DRM00078458","PUERTO PLATA, DR","19.75","-70.55","5.0","2004-05-10","78","H,,S","84",",,S","69",",,S"
"DRM00078458","PUERTO PLATA, DR","19.75","-70.55","5.0","2004-05-11","78","H,,S","84",",,S","69",",,S"
"DRM00078458","PUERTO PLATA, DR","19.75","-70.55","5.0","2004-05-12","78","H,,S","84",",,S","68",",,S"
"DRM00078458","PUERTO PLATA, DR","19.75","-70.55","5.0","2004-05-13","76","H,,S","83",",,S","69",",,S"
"DRM00078458","PUERTO PLATA, DR","19.75","-70.55","5.0","2004-05-14","79","H,,S","83",",,S","68",",,S"
"DRM00078458","PUERTO PLATA, DR","19.75","-70.55","5.0","2004-05-15","78","H,,S","84",",,S","71",",,S"
"DRM00078458","PUERTO PLATA, DR","19.75","-70.55","5.0","2004-05-16","78","H,,S","84",",,S","70",",,S"
"DRM00078458","PUERTO PLATA, DR","19.75","-70.55","5.0","2004-05-17","79","H,,S","84",",,S","70",",,S"
"DRM00078458","PUERTO PLATA, DR","19.75","-70.55","5.0","2004-05-18","80","H,,S","85",",,S","70",",,S"
"DRM00078458","PUERTO PLATA, DR","19.75","-70.55","5.0","2004-05-19","80","H,,S",,,,
"DRM00078458","PUERTO PLATA, DR","19.75","-70.55","5.0","2004-05-20","79","H,,S","84",",,S","69",",,S"
"DRM00078458","PUERTO PLATA, DR","19.75","-70.55","5.0","2004-05-21","77","H,,S","84",",,S","71",",,S"
"DRM00078458","PUERTO PLATA, DR","19.75","-70.55","5.0","2004-05-22","77","H,,S","82",",,S","70",",,S"
"DRM00078458","PUERTO PLATA, DR","19.75","-70.55","5.0","2004-05-23","76","H,,S","83",",,S","70",",,S"
"DRM00078458","PUERTO PLATA, DR","19.75","-70.55","5.0","2004-05-24","77","H,,S","82",",,S","70",",,S"
"DRM00078458","PUERTO PLATA, DR","19.75","-70.55","5.0","2004-05-25","82","H,,S","89",",,S","70",",,S"
"DRM00078458","PUERTO PLATA, DR","19.75","-70.55","5.0","2004-05-26","80","H,,S","89",",,S","74",",,S"
"DRM00078458","PUERTO PLATA, DR","19.75","-70.55","5.0","2004-05-28","78","H,,S","89",",,S","73",",,S"
"DRM00078458","PUERTO PLATA, DR","19.75","-70.55","5.0","2004-05-29","81","H,,S","90",",,S","72",",,S"
"DRM00078458","PUERTO PLATA, DR","19.75","-70.55","5.0","2004-05-30","81","H,,S","90",",,S","73",",,S"
"DRM00078458","PUERTO PLATA, DR","19.75","-70.55","5.0","2004-06-02","85","H,,S","92",",,S","73",",,S"
"DRM00078458","PUERTO PLATA, DR","19.75","-70.55","5.0","2004-06-03","83","H,,S","89",",,S","73",",,S"
"DRM00078458","PUERTO PLATA, DR","19.75","-70.55","5.0","2004-06-04","83","H,,S",,,,
"DRM00078458","PUERTO PLATA, DR","19.75","-70.55","5.0","2004-06-05","81","H,,S","90",",,S","73",",,S"
"DRM00078458","PUERTO PLATA, DR","19.75","-70.55","5.0","2004-06-06","82","H,,S","89",",,S","73",",,S"
"DRM00078458","PUERTO PLATA, DR","19.75","-70.55","5.0","2004-06-07","81","H,,S","88",",,S","72",",,S"
"DRM00078458","PUERTO PLATA, DR","19.75","-70.55","5.0","2004-06-08","80","H,,S","89",",,S","72",",,S"
"DRM00078458","PUERTO PLATA, DR","19.75","-70.55","5.0","2004-06-09","81","H,,S","89",",,S","72",",,S"
"DRM00078458","PUERTO PLATA, DR","19.75","-70.55","5.0","2004-06-10","80","H,,S","92",",,S","72",",,S"
"DRM00078458","PUERTO PLATA, DR","19.75","-70.55","5.0","2004-06-11","83","H,,S","89",",,S","73",",,S"
"DRM00078458","PUERTO PLATA, DR","19.75","-70.55","5.0","2004-06-12","85","H,,S",,,,
"DRM00078458","PUERTO PLATA, DR","19.75","-70.55","5.0","2004-06-13","85","H,,S","93",",,S","70",",,S"
"DRM00078458","PUERTO PLATA, DR","19.75","-70.55","5.0","2004-06-14","83","H,,S","93",",,S","74",",,S"
"DRM00078458","PUERTO PLATA, DR","19.75","-70.55","5.0","2004-06-15","83","H,,S","90",",,S","74",",,S"
"DRM00078458","PUERTO PLATA, DR","19.75","-70.55","5.0","2004-06-16","83","H,,S","90",",,S","72",",,S"
"DRM00078458","PUERTO PLATA, DR","19.75","-70.55","5.0","2004-06-18","85","H,,S","92",",,S","73",",,S"
"DRM00078458","PUERTO PLATA, DR","19.75","-70.55","5.0","2004-06-19","81","H,,S","92",",,S","73",",,S"
"DRM00078458","PUERTO PLATA, DR","19.75","-70.55","5.0","2004-06-20","86","H,,S","92",",,S","74",",,S"
"DRM00078458","PUERTO PLATA, DR","19.75","-70.55","5.0","2004-06-21","83","H,,S","92",",,S","72",",,S"
"DRM00078458","PUERTO PLATA, DR","19.75","-70.55","5.0","2004-06-22","81","H,,S","91",",,S","72",",,S"
"DRM00078458","PUERTO PLATA, DR","19.75","-70.55","5.0","2004-06-23","82","H,,S","91",",,S","72",",,S"
"DRM00078458","PUERTO PLATA, DR","19.75","-70.55","5.0","2004-06-24","82","H,,S","88",",,S","74",",,S"
"DRM00078458","PUERTO PLATA, DR","19.75","-70.55","5.0","2004-06-25","82","H,,S","92",",,S","74",",,S"
"DRM00078458","PUERTO PLATA, DR","19.75","-70.55","5.0","2004-06-26","82","H,,S","90",",,S","73",",,S"
"DRM00078458","PUERTO PLATA, DR","19.75","-70.55","5.0","2004-06-27","83","H,,S","89",",,S","72",",,S"
"DRM00078458","PUERTO PLATA, DR","19.75","-70.55","5.0","2004-06-28","80","H,,S","89",",,S","72",",,S"
"DRM00078458","PUERTO PLATA, DR","19.75","-70.55","5.0","2004-06-29","79","H,,S","87",",,S","72",",,S"
"DRM00078458","PUERTO PLATA, DR","19.75","-70.55","5.0","2004-06-30","83","H,,S","89",",,S","71",",,S"
"DRM00078458","PUERTO PLATA, DR","19.75","-70.55","5.0","2004-07-01","83","H,,S","88",",,S","71",",,S"
"DRM00078458","PUERTO PLATA, DR","19.75","-70.55","5.0","2004-07-03","81","H,,S","88",",,S","72",",,S"
"DRM00078458","PUERTO PLATA, DR","19.75","-70.55","5.0","2004-07-04","80","H,,S","88",",,S","71",",,S"
"DRM00078458","PUERTO PLATA, DR","19.75","-70.55","5.0","2004-07-05","82","H,,S","89",",,S","72",",,S"
"DRM00078458","PUERTO PLATA, DR","19.75","-70.55","5.0","2004-07-06","82","H,,S","89",",,S","72",",,S"
"DRM00078458","PUERTO PLATA, DR","19.75","-70.55","5.0","2004-07-07","82","H,,S","90",",,S","72",",,S"
"DRM00078458","PUERTO PLATA, DR","19.75","-70.55","5.0","2004-07-09","83","H,,S","90",",,S","72",",,S"
"DRM00078458","PUERTO PLATA, DR","19.75","-70.55","5.0","2004-07-10","81","H,,S","90",",,S","72",",,S"
"DRM00078458","PUERTO PLATA, DR","19.75","-70.55","5.0","2004-07-11","84","H,,S","90",",,S","72",",,S"
"DRM00078458","PUERTO PLATA, DR","19.75","-70.55","5.0","2004-07-12","80","H,,S","90",",,S","72",",,S"
"DRM00078458","PUERTO PLATA, DR","19.75","-70.55","5.0","2004-07-13","80","H,,S","90",",,S","72",",,S"
"DRM00078458","PUERTO PLATA, DR","19.75","-70.55","5.0","2004-07-14","82","H,,S","90",",,S","72",",,S"
"DRM00078458","PUERTO PLATA, DR","19.75","-70.55","5.0","2004-07-15","83","H,,S","91",",,S","72",",,S"
"DRM00078458","PUERTO PLATA, DR","19.75","-70.55","5.0","2004-07-17","82","H,,S","91",",,S","72",",,S"
"DRM00078458","PUERTO PLATA, DR","19.75","-70.55","5.0","2004-07-18","84","H,,S","95",",,S","72",",,S"
"DRM00078458","PUERTO PLATA, DR","19.75","-70.55","5.0","2004-07-19","83","H,,S","92",",,S","72",",,S"
"DRM00078458","PUERTO PLATA, DR","19.75","-70.55","5.0","2004-07-20","84","H,,S","92",",,S","72",",,S"
"DRM00078458","PUERTO PLATA, DR","19.75","-70.55","5.0","2004-07-21","84","H,,S","92",",,S","72",",,S"
"DRM00078458","PUERTO PLATA, DR","19.75","-70.55","5.0","2004-07-22","83","H,,S",,,,
"DRM00078458","PUERTO PLATA, DR","19.75","-70.55","5.0","2004-07-23","83","H,,S","97",",,S","72",",,S"
"DRM00078458","PUERTO PLATA, DR","19.75","-70.55","5.0","2004-07-24","85","H,,S","93",",,S","71",",,S"
"DRM00078458","PUERTO PLATA, DR","19.75","-70.55","5.0","2004-07-25","81","H,,S","92",",,S","72",",,S"
"DRM00078458","PUERTO PLATA, DR","19.75","-70.55","5.0","2004-07-26","82","H,,S","92",",,S","72",",,S"
"DRM00078458","PUERTO PLATA, DR","19.75","-70.55","5.0","2004-07-27","83","H,,S","91",",,S","72",",,S"
"DRM00078458","PUERTO PLATA, DR","19.75","-70.55","5.0","2004-07-28","85","H,,S","90",",,S","72",",,S"
"DRM00078458","PUERTO PLATA, DR","19.75","-70.55","5.0","2004-07-29","82","H,,S","93",",,S","72",",,S"
"DRM00078458","PUERTO PLATA, DR","19.75","-70.55","5.0","2004-07-30","82","H,,S","95",",,S","72",",,S"
"DRM00078458","PUERTO PLATA, DR","19.75","-70.55","5.0","2004-07-31","81","H,,S","95",",,S","72",",,S"
"DRM00078458","PUERTO PLATA, DR","19.75","-70.55","5.0","2004-08-01","84","H,,S","95",",,S","72",",,S"
"DRM00078458","PUERTO PLATA, DR","19.75","-70.55","5.0","2004-08-03","86","H,,S","93",",,S","72",",,S"
"DRM00078458","PUERTO PLATA, DR","19.75","-70.55","5.0","2004-08-04","84","H,,S","93",",,S","72",",,S"
"DRM00078458","PUERTO PLATA, DR","19.75","-70.55","5.0","2004-08-05","79","H,,S","92",",,S","72",",,S"
"DRM00078458","PUERTO PLATA, DR","19.75","-70.55","5.0","2004-08-06","87","H,,S",,,,
"DRM00078458","PUERTO PLATA, DR","19.75","-70.55","5.0","2004-08-07","87","H,,S","96",",,S","72",",,S"
"DRM00078458","PUERTO PLATA, DR","19.75","-70.55","5.0","2004-08-08","88","H,,S","93",",,S","73",",,S"
"DRM00078458","PUERTO PLATA, DR","19.75","-70.55","5.0","2004-08-09","82","H,,S","93",",,S","72",",,S"
"DRM00078458","PUERTO PLATA, DR","19.75","-70.55","5.0","2004-08-10","83","H,,S","95",",,S","72",",,S"
"DRM00078458","PUERTO PLATA, DR","19.75","-70.55","5.0","2004-08-11","84","H,,S","94",",,S","72",",,S"
"DRM00078458","PUERTO PLATA, DR","19.75","-70.55","5.0","2004-08-12","87","H,,S","94",",,S","72",",,S"
"DRM00078458","PUERTO PLATA, DR","19.75","-70.55","5.0","2004-08-13","86","H,,S","92",",,S","75",",,S"
"DRM00078458","PUERTO PLATA, DR","19.75","-70.55","5.0","2004-08-14","85","H,,S","92",",,S","72",",,S"
"DRM00078458","PUERTO PLATA, DR","19.75","-70.55","5.0","2004-08-15","85","H,,S","92",",,S","72",",,S"
"DRM00078458","PUERTO PLATA, DR","19.75","-70.55","5.0","2004-08-16","84","H,,S","92",",,S","74",",,S"
"DRM00078458","PUERTO PLATA, DR","19.75","-70.55","5.0","2004-08-17","88","H,,S","92",",,S","75",",,S"
"DRM00078458","PUERTO PLATA, DR","19.75","-70.55","5.0","2004-08-18","84","H,,S","92",",,S","73",",,S"
"DRM00078458","PUERTO PLATA, DR","19.75","-70.55","5.0","2004-08-20","85","H,,S","92",",,S","72",",,S"
"DRM00078458","PUERTO PLATA, DR","19.75","-70.55","5.0","2004-08-21","87","H,,S","94",",,S","72",",,S"
"DRM00078458","PUERTO PLATA, DR","19.75","-70.55","5.0","2004-08-22","87","H,,S","93",",,S","72",",,S"
"DRM00078458","PUERTO PLATA, DR","19.75","-70.55","5.0","2004-08-23","86","H,,S","93",",,S","73",",,S"
"DRM00078458","PUERTO PLATA, DR","19.75","-70.55","5.0","2004-08-24","85","H,,S","93",",,S","73",",,S"
"DRM00078458","PUERTO PLATA, DR","19.75","-70.55","5.0","2004-08-26","85","H,,S","92",",,S","74",",,S"
"DRM00078458","PUERTO PLATA, DR","19.75","-70.55","5.0","2004-08-27","83","H,,S","92",",,S","72",",,S"
"DRM00078458","PUERTO PLATA, DR","19.75","-70.55","5.0","2004-08-28","84","H,,S","92",",,S","72",",,S"
"DRM00078458","PUERTO PLATA, DR","19.75","-70.55","5.0","2004-08-29","85","H,,S","91",",,S","72",",,S"
"DRM00078458","PUERTO PLATA, DR","19.75","-70.55","5.0","2004-08-30","86","H,,S","94",",,S","72",",,S"
"DRM00078458","PUERTO PLATA, DR","19.75","-70.55","5.0","2004-08-31","84","H,,S","91",",,S","72",",,S"
"DRM00078458","PUERTO PLATA, DR","19.75","-70.55","5.0","2004-09-01","78","H,,S",,,,
"DRM00078458","PUERTO PLATA, DR","19.75","-70.55","5.0","2004-09-03","88","H,,S","97",",,S","73",",,S"
"DRM00078458","PUERTO PLATA, DR","19.75","-70.55","5.0","2004-09-04","87","H,,S","97",",,S","75",",,S"
"DRM00078458","PUERTO PLATA, DR","19.75","-70.55","5.0","2004-09-05","87","H,,S","97",",,S","75",",,S"
"DRM00078458","PUERTO PLATA, DR","19.75","-70.55","5.0","2004-09-06","85","H,,S","97",",,S","72",",,S"
"DRM00078458","PUERTO PLATA, DR","19.75","-70.55","5.0","2004-09-07","80","H,,S","93",",,S","72",",,S"
"DRM00078458","PUERTO PLATA, DR","19.75","-70.55","5.0","2004-09-08","81","H,,S","89",",,S","73",",,S"
"DRM00078458","PUERTO PLATA, DR","19.75","-70.55","5.0","2004-09-09","82","H,,S","90",",,S","73",",,S"
"DRM00078458","PUERTO PLATA, DR","19.75","-70.55","5.0","2004-09-10","85","H,,S","90",",,S","73",",,S"
"DRM00078458","PUERTO PLATA, DR","19.75","-70.55","5.0","2004-09-11","83","H,,S","90",",,S","73",",,S"
"DRM00078458","PUERTO PLATA, DR","19.75","-70.55","5.0","2004-09-12","84","H,,S","92",",,S","73",",,S"
"DRM00078458","PUERTO PLATA, DR","19.75","-70.55","5.0","2004-09-13","81","H,,S",,,,
"DRM00078458","PUERTO PLATA, DR","19.75","-70.55","5.0","2004-09-14","85","H,,S","90",",,S","73",",,S"
"DRM00078458","PUERTO PLATA, DR","19.75","-70.55","5.0","2004-09-16","80","H,,S","89",",,S","73",",,S"
"DRM00078458","PUERTO PLATA, DR","19.75","-70.55","5.0","2004-09-17","76","H,,S","84",",,S","72",",,S"
"DRM00078458","PUERTO PLATA, DR","19.75","-70.55","5.0","2004-09-18","81","H,,S","87",",,S","72",",,S"
"DRM00078458","PUERTO PLATA, DR","19.75","-70.55","5.0","2004-09-19","83","H,,S","90",",,S","72",",,S"
"DRM00078458","PUERTO PLATA, DR","19.75","-70.55","5.0","2004-09-20","82","H,,S","90",",,S","72",",,S"
"DRM00078458","PUERTO PLATA, DR","19.75","-70.55","5.0","2004-09-21","82","H,,S","89",",,S","72",",,S"
"DRM00078458","PUERTO PLATA, DR","19.75","-70.55","5.0","2004-09-23","83","H,,S","90",",,S","72",",,S"
"DRM00078458","PUERTO PLATA, DR","19.75","-70.55","5.0","2004-09-24","81","H,,S",,,,
"DRM00078458","PUERTO PLATA, DR","19.75","-70.55","5.0","2004-09-25","84","H,,S","91",",,S","72",",,S"
"DRM00078458","PUERTO PLATA, DR","19.75","-70.55","5.0","2004-09-28","83","H,,S","90",",,S","72",",,S"
"DRM00078458","PUERTO PLATA, DR","19.75","-70.55","5.0","2004-09-29","82","H,,S","88",",,S","72",",,S"
"DRM00078458","PUERTO PLATA, DR","19.75","-70.55","5.0","2004-09-30","83","H,,S","89",",,S","71",",,S"
"DRM00078458","PUERTO PLATA, DR","19.75","-70.55","5.0","2004-10-01","81","H,,S","90",",,S","71",",,S"
"DRM00078458","PUERTO PLATA, DR","19.75","-70.55","5.0","2004-10-02","83","H,,S","90",",,S","72",",,S"
"DRM00078458","PUERTO PLATA, DR","19.75","-70.55","5.0","2004-10-04","83","H,,S","90",",,S","72",",,S"
"DRM00078458","PUERTO PLATA, DR","19.75","-70.55","5.0","2004-10-05","83","H,,S","90",",,S","72",",,S"
"DRM00078458","PUERTO PLATA, DR","19.75","-70.55","5.0","2004-10-06","80","H,,S","90",",,S","72",",,S"
"DRM00078458","PUERTO PLATA, DR","19.75","-70.55","5.0","2004-10-08","83","H,,S","87",",,S","72",",,S"
"DRM00078458","PUERTO PLATA, DR","19.75","-70.55","5.0","2004-10-09","82","H,,S","88",",,S","70",",,S"
"DRM00078458","PUERTO PLATA, DR","19.75","-70.55","5.0","2004-10-10","81","H,,S","88",",,S","70",",,S"
"DRM00078458","PUERTO PLATA, DR","19.75","-70.55","5.0","2004-10-11","83","H,,S","89",",,S","70",",,S"
"DRM00078458","PUERTO PLATA, DR","19.75","-70.55","5.0","2004-10-12","82","H,,S","89",",,S","72",",,S"
"DRM00078458","PUERTO PLATA, DR","19.75","-70.55","5.0","2004-10-13","81","H,,S","89",",,S","72",",,S"
"DRM00078458","PUERTO PLATA, DR","19.75","-70.55","5.0","2004-10-14","81","H,,S","88",",,S","72",",,S"
"DRM00078458","PUERTO PLATA, DR","19.75","-70.55","5.0","2004-10-15","84","H,,S","90",",,S","72",",,S"
"DRM00078458","PUERTO PLATA, DR","19.75","-70.55","5.0","2004-10-16","84","H,,S","90",",,S","72",",,S"
"DRM00078458","PUERTO PLATA, DR","19.75","-70.55","5.0","2004-10-17","83","H,,S","90",",,S","72",",,S"
"DRM00078458","PUERTO PLATA, DR","19.75","-70.55","5.0","2004-10-18","83","H,,S","89",",,S","72",",,S"
"DRM00078458","PUERTO PLATA, DR","19.75","-70.55","5.0","2004-10-19","82","H,,S","89",",,S","70",",,S"
"DRM00078458","PUERTO PLATA, DR","19.75","-70.55","5.0","2004-10-20","81","H,,S","90",",,S","70",",,S"
"DRM00078458","PUERTO PLATA, DR","19.75","-70.55","5.0","2004-10-22","82","H,,S","89",",,S","72",",,S"
"DRM00078458","PUERTO PLATA, DR","19.75","-70.55","5.0","2004-10-23","80","H,,S","86",",,S","69",",,S"
"DRM00078458","PUERTO PLATA, DR","19.75","-70.55","5.0","2004-10-25","81","H,,S","86",",,S","71",",,S"
"DRM00078458","PUERTO PLATA, DR","19.75","-70.55","5.0","2004-10-26","81","H,,S","86",",,S","71",",,S"
"DRM00078458","PUERTO PLATA, DR","19.75","-70.55","5.0","2004-10-27","79","H,,S","85",",,S","70",",,S"
"DRM00078458","PUERTO PLATA, DR","19.75","-70.55","5.0","2004-10-28","81","H,,S","88",",,S","70",",,S"
"DRM00078458","PUERTO PLATA, DR","19.75","-70.55","5.0","2004-10-29","80","H,,S","88",",,S","67",",,S"
"DRM00078458","PUERTO PLATA, DR","19.75","-70.55","5.0","2004-10-30","81","H,,S","87",",,S","67",",,S"
"DRM00078458","PUERTO PLATA, DR","19.75","-70.55","5.0","2004-10-31","80","H,,S","87",",,S","68",",,S"
"DRM00078458","PUERTO PLATA, DR","19.75","-70.55","5.0","2004-11-01","81","H,,S","88",",,S","69",",,S"
"DRM00078458","PUERTO PLATA, DR","19.75","-70.55","5.0","2004-11-02","81","H,,S","88",",,S","69",",,S"
"DRM00078458","PUERTO PLATA, DR","19.75","-70.55","5.0","2004-11-03","83","H,,S","87",",,S","71",",,S"
"DRM00078458","PUERTO PLATA, DR","19.75","-70.55","5.0","2004-11-04","79","H,,S","86",",,S","70",",,S"
"DRM00078458","PUERTO PLATA, DR","19.75","-70.55","5.0","2004-11-05","81","H,,S","86",",,S","70",",,S"
"DRM00078458","PUERTO PLATA, DR","19.75","-70.55","5.0","2004-11-06","82","H,,S","87",",,S","69",",,S"
"DRM00078458","PUERTO PLATA, DR","19.75","-70.55","5.0","2004-11-07","82","H,,S","90",",,S","68",",,S"
"DRM00078458","PUERTO PLATA, DR","19.75","-70.55","5.0","2004-11-08","78","H,,S","90",",,S","70",",,S"
"DRM00078458","PUERTO PLATA, DR","19.75","-70.55","5.0","2004-11-09","78","H,,S","82",",,S","71",",,S"
"DRM00078458","PUERTO PLATA, DR","19.75","-70.55","5.0","2004-11-10","80","H,,S","86",",,S","71",",,S"
"DRM00078458","PUERTO PLATA, DR","19.75","-70.55","5.0","2004-11-11","75","H,,S","86",",,S","70",",,S"
"DRM00078458","PUERTO PLATA, DR","19.75","-70.55","5.0","2004-11-12","78","H,,S","85",",,S","69",",,S"
"DRM00078458","PUERTO PLATA, DR","19.75","-70.55","5.0","2004-11-14","78","H,,S","85",",,S","67",",,S"
"DRM00078458","PUERTO PLATA, DR","19.75","-70.55","5.0","2004-11-15","77","H,,S","84",",,S","67",",,S"
"DRM00078458","PUERTO PLATA, DR","19.75","-70.55","5.0","2004-11-16","75","H,,S",,,,
"DRM00078458","PUERTO PLATA, DR","19.75","-70.55","5.0","2004-11-19","76","H,,S","82",",,S","65",",,S"
"DRM00078458","PUERTO PLATA, DR","19.75","-70.55","5.0","2004-11-20","77","H,,S","86",",,S","66",",,S"
"DRM00078458","PUERTO PLATA, DR","19.75","-70.55","5.0","2004-11-21","78","H,,S","86",",,S","66",",,S"
"DRM00078458","PUERTO PLATA, DR","19.75","-70.55","5.0","2004-11-22","77","H,,S","83",",,S","67",",,S"
"DRM00078458","PUERTO PLATA, DR","19.75","-70.55","5.0","2004-11-24","77","H,,S","86",",,S","66",",,S"
"DRM00078458","PUERTO PLATA, DR","19.75","-70.55","5.0","2004-11-25","78","H,,S","86",",,S","66",",,S"
"DRM00078458","PUERTO PLATA, DR","19.75","-70.55","5.0","2004-11-26","79","H,,S","86",",,S","66",",,S"
"DRM00078458","PUERTO PLATA, DR","19.75","-70.55","5.0","2004-11-27","79","H,,S","87",",,S","65",",,S"
"DRM00078458","PUERTO PLATA, DR","19.75","-70.55","5.0","2004-11-28","80","H,,S","86",",,S","61",",,S"
"DRM00078458","PUERTO PLATA, DR","19.75","-70.55","5.0","2004-11-30","81","H,,S","84",",,S","69",",,S"
"DRM00078458","PUERTO PLATA, DR","19.75","-70.55","5.0","2004-12-01","77","H,,S","85",",,S","67",",,S"
"DRM00078458","PUERTO PLATA, DR","19.75","-70.55","5.0","2004-12-02","78","H,,S","85",",,S","66",",,S"
"DRM00078458","PUERTO PLATA, DR","19.75","-70.55","5.0","2004-12-03","78","H,,S","85",",,S","66",",,S"
"DRM00078458","PUERTO PLATA, DR","19.75","-70.55","5.0","2004-12-05","76","H,,S","85",",,S","68",",,S"
"DRM00078458","PUERTO PLATA, DR","19.75","-70.55","5.0","2004-12-06","67","H,,S",,,,
"DRM00078458","PUERTO PLATA, DR","19.75","-70.55","5.0","2004-12-08","78","H,,S","85",",,S","67",",,S"
"DRM00078458","PUERTO PLATA, DR","19.75","-70.55","5.0","2004-12-09","78","H,,S","85",",,S","67",",,S"
"DRM00078458","PUERTO PLATA, DR","19.75","-70.55","5.0","2004-12-11","78","H,,S","87",",,S","66",",,S"
"DRM00078458","PUERTO PLATA, DR","19.75","-70.55","5.0","2004-12-13","78","H,,S","85",",,S","67",",,S"
"DRM00078458","PUERTO PLATA, DR","19.75","-70.55","5.0","2004-12-14","79","H,,S","85",",,S","67",",,S"
"DRM00078458","PUERTO PLATA, DR","19.75","-70.55","5.0","2004-12-15","74","H,,S","84",",,S","67",",,S"
"DRM00078458","PUERTO PLATA, DR","19.75","-70.55","5.0","2004-12-16","77","H,,S","84",",,S","67",",,S"
"DRM00078458","PUERTO PLATA, DR","19.75","-70.55","5.0","2004-12-17","77","H,,S","82",",,S","68",",,S"
"DRM00078458","PUERTO PLATA, DR","19.75","-70.55","5.0","2004-12-18","79","H,,S","87",",,S","68",",,S"
"DRM00078458","PUERTO PLATA, DR","19.75","-70.55","5.0","2004-12-19","79","H,,S","87",",,S","67",",,S"
"DRM00078458","PUERTO PLATA, DR","19.75","-70.55","5.0","2004-12-20","77","H,,S","86",",,S","67",",,S"
"DRM00078458","PUERTO PLATA, DR","19.75","-70.55","5.0","2004-12-21","77","H,,S","83",",,S","65",",,S"
"DRM00078458","PUERTO PLATA, DR","19.75","-70.55","5.0","2004-12-22","78","H,,S","82",",,S","70",",,S"
"DRM00078458","PUERTO PLATA, DR","19.75","-70.55","5.0","2004-12-23","78","H,,S","84",",,S","67",",,S"
"DRM00078458","PUERTO PLATA, DR","19.75","-70.55","5.0","2004-12-24","78","H,,S","85",",,S","67",",,S"
"DRM00078458","PUERTO PLATA, DR","19.75","-70.55","5.0","2004-12-25","78","H,,S","85",",,S","67",",,S"
"DRM00078458","PUERTO PLATA, DR","19.75","-70.55","5.0","2004-12-26","76","H,,S","85",",,S","66",",,S"
"DRM00078458","PUERTO PLATA, DR","19.75","-70.55","5.0","2004-12-27","76","H,,S","85",",,S","66",",,S"
"DRM00078458","PUERTO PLATA, DR","19.75","-70.55","5.0","2004-12-28","76","H,,S",,,,
"DRM00078458","PUERTO PLATA, DR","19.75","-70.55","5.0","2004-12-29","76","H,,S","83",",,S","66",",,S"
"DRM00078458","PUERTO PLATA, DR","19.75","-70.55","5.0","2004-12-30","76","H,,S","82",",,S","66",",,S"
"DRM00078458","PUERTO PLATA, DR","19.75","-70.55","5.0","2004-12-31","77","H,,S","82",",,S","66",",,S"
"DRM00078458","PUERTO PLATA, DR","19.75","-70.55","5.0","2005-01-01","76","H,,S","81",",,S","66",",,S"
"DRM00078458","PUERTO PLATA, DR","19.75","-70.55","5.0","2005-01-02","76","H,,S","83",",,S","67",",,S"
"DRM00078458","PUERTO PLATA, DR","19.75","-70.55","5.0","2005-01-03","76","H,,S","83",",,S","67",",,S"
"DRM00078458","PUERTO PLATA, DR","19.75","-70.55","5.0","2005-01-04","71","H,,S","80",",,S","66",",,S"
"DRM00078458","PUERTO PLATA, DR","19.75","-70.55","5.0","2005-01-05","75","H,,S","81",",,S","66",",,S"
"DRM00078458","PUERTO PLATA, DR","19.75","-70.55","5.0","2005-01-06","76","H,,S","81",",,S","67",",,S"
"DRM00078458","PUERTO PLATA, DR","19.75","-70.55","5.0","2005-01-07","75","H,,S","82",",,S","67",",,S"
"DRM00078458","PUERTO PLATA, DR","19.75","-70.55","5.0","2005-01-08","77","H,,S","82",",,S","68",",,S"
"DRM00078458","PUERTO PLATA, DR","19.75","-70.55","5.0","2005-01-09","78","H,,S","81",",,S","67",",,S"
"DRM00078458","PUERTO PLATA, DR","19.75","-70.55","5.0","2005-01-10","76","H,,S","82",",,S","65",",,S"
"DRM00078458","PUERTO PLATA, DR","19.75","-70.55","5.0","2005-01-11","76","H,,S","82",",,S","65",",,S"
"DRM00078458","PUERTO PLATA, DR","19.75","-70.55","5.0","2005-01-12","76","H,,S","81",",,S","67",",,S"
"DRM00078458","PUERTO PLATA, DR","19.75","-70.55","5.0","2005-01-13","77","H,,S","82",",,S","67",",,S"
"DRM00078458","PUERTO PLATA, DR","19.75","-70.55","5.0","2005-01-14","78","H,,S","82",",,S","71",",,S"
"DRM00078458","PUERTO PLATA, DR","19.75","-70.55","5.0","2005-01-15","76","H,,S","83",",,S","67",",,S"
"DRM00078458","PUERTO PLATA, DR","19.75","-70.55","5.0","2005-01-16","76","H,,S","83",",,S","67",",,S"
"DRM00078458","PUERTO PLATA, DR","19.75","-70.55","5.0","2005-01-17","77","H,,S","83",",,S","66",",,S"
"DRM00078458","PUERTO PLATA, DR","19.75","-70.55","5.0","2005-01-18","75","H,,S","83",",,S","66",",,S"
"DRM00078458","PUERTO PLATA, DR","19.75","-70.55","5.0","2005-01-19","72","H,,S","83",",,S","66",",,S"
"DRM00078458","PUERTO PLATA, DR","19.75","-70.55","5.0","2005-01-20","72","H,,S","79",",,S","65",",,S"
"DRM00078458","PUERTO PLATA, DR","19.75","-70.55","5.0","2005-01-21","72","H,,S","79",",,S","63",",,S"
"DRM00078458","PUERTO PLATA, DR","19.75","-70.55","5.0","2005-01-22","73","H,,S","80",",,S","62",",,S"
"DRM00078458","PUERTO PLATA, DR","19.75","-70.55","5.0","2005-01-23","74","H,,S","80",",,S","61",",,S"
"DRM00078458","PUERTO PLATA, DR","19.75","-70.55","5.0","2005-01-24","76","H,,S","81",",,S","67",",,S"
"DRM00078458","PUERTO PLATA, DR","19.75","-70.55","5.0","2005-01-25","75","H,,S",,,,
"DRM00078458","PUERTO PLATA, DR","19.75","-70.55","5.0","2005-01-26","73","H,,S","80",",,S","64",",,S"
"DRM00078458","PUERTO PLATA, DR","19.75","-70.55","5.0","2005-01-27","76","H,,S",,,,
"DRM00078458","PUERTO PLATA, DR","19.75","-70.55","5.0","2005-01-28","76","H,,S","85",",,S","67",",,S"
"DRM00078458","PUERTO PLATA, DR","19.75","-70.55","5.0","2005-01-29","74","H,,S","81",",,S","66",",,S"
"DRM00078458","PUERTO PLATA, DR","19.75","-70.55","5.0","2005-01-30","71","H,,S","80",",,S","65",",,S"
"DRM00078458","PUERTO PLATA, DR","19.75","-70.55","5.0","2005-01-31","74","H,,S","79",",,S","63",",,S"
"DRM00078458","PUERTO PLATA, DR","19.75","-70.55","5.0","2005-02-01","74","H,,S","80",",,S","64",",,S"
"DRM00078458","PUERTO PLATA, DR","19.75","-70.55","5.0","2005-02-02","73","H,,S","81",",,S","64",",,S"
"DRM00078458","PUERTO PLATA, DR","19.75","-70.55","5.0","2005-02-03","73","H,,S","81",",,S","64",",,S"
"DRM00078458","PUERTO PLATA, DR","19.75","-70.55","5.0","2005-02-04","73","H,,S","79",",,S","64",",,S"
"DRM00078458","PUERTO PLATA, DR","19.75","-70.55","5.0","2005-02-05","77","H,,S",,,,
"DRM00078458","PUERTO PLATA, DR","19.75","-70.55","5.0","2005-02-06","74","H,,S","82",",,S","63",",,S"
"DRM00078458","PUERTO PLATA, DR","19.75","-70.55","5.0","2005-02-07","74","H,,S","79",",,S","65",",,S"
"DRM00078458","PUERTO PLATA, DR","19.75","-70.55","5.0","2005-02-10","74","H,,S","80",",,S","64",",,S"
"DRM00078458","PUERTO PLATA, DR","19.75","-70.55","5.0","2005-02-12","71","H,,S","80",",,S","63",",,S"
"DRM00078458","PUERTO PLATA, DR","19.75","-70.55","5.0","2005-02-13","73","H,,S","78",",,S","63",",,S"
"DRM00078458","PUERTO PLATA, DR","19.75","-70.55","5.0","2005-02-14","74","H,,S","80",",,S","64",",,S"
"DRM00078458","PUERTO PLATA, DR","19.75","-70.55","5.0","2005-02-15","72","H,,S","81",",,S","62",",,S"
"DRM00078458","PUERTO PLATA, DR","19.75","-70.55","5.0","2005-02-16","76","H,,S","80",",,S","63",",,S"
"DRM00078458","PUERTO PLATA, DR","19.75","-70.55","5.0","2005-02-17","73","H,,S","80",",,S","63",",,S"
"DRM00078458","PUERTO PLATA, DR","19.75","-70.55","5.0","2005-02-18","73","H,,S","80",",,S","62",",,S"
"DRM00078458","PUERTO PLATA, DR","19.75","-70.55","5.0","2005-02-19","75","H,,S","80",",,S","62",",,S"
"DRM00078458","PUERTO PLATA, DR","19.75","-70.55","5.0","2005-02-20","74","H,,S","79",",,S","62",",,S"
"DRM00078458","PUERTO PLATA, DR","19.75","-70.55","5.0","2005-02-21","74","H,,S","80",",,S","61",",,S"
"DRM00078458","PUERTO PLATA, DR","19.75","-70.55","5.0","2005-02-22","76","H,,S","82",",,S","61",",,S"
"DRM00078458","PUERTO PLATA, DR","19.75","-70.55","5.0","2005-02-23","75","H,,S","85",",,S","63",",,S"
"DRM00078458","PUERTO PLATA, DR","19.75","-70.55","5.0","2005-02-25","76","H,,S","85",",,S","63",",,S"
"DRM00078458","PUERTO PLATA, DR","19.75","-70.55","5.0","2005-02-26","79","H,,S","86",",,S","63",",,S"
"DRM00078458","PUERTO PLATA, DR","19.75","-70.55","5.0","2005-02-27","81","H,,S","88",",,S","63",",,S"
"DRM00078458","PUERTO PLATA, DR","19.75","-70.55","5.0","2005-02-28","83","H,,S","91",",,S","64",",,S"
"DRM00078458","PUERTO PLATA, DR","19.75","-70.55","5.0","2005-03-01","79","H,,S","91",",,S","64",",,S"
"DRM00078458","PUERTO PLATA, DR","19.75","-70.55","5.0","2005-03-02","79","H,,S","88",",,S","64",",,S"
"DRM00078458","PUERTO PLATA, DR","19.75","-70.55","5.0","2005-03-03","74","H,,S","84",",,S","68",",,S"
"DRM00078458","PUERTO PLATA, DR","19.75","-70.55","5.0","2005-03-04","76","H,,S","85",",,S","68",",,S"
"DRM00078458","PUERTO PLATA, DR","19.75","-70.55","5.0","2005-03-05","78","H,,S","86",",,S","68",",,S"
"DRM00078458","PUERTO PLATA, DR","19.75","-70.55","5.0","2005-03-06","74","H,,S","82",",,S","68",",,S"
"DRM00078458","PUERTO PLATA, DR","19.75","-70.55","5.0","2005-03-07","73","H,,S",,,,
"DRM00078458","PUERTO PLATA, DR","19.75","-70.55","5.0","2005-03-08","78","H,,S","85",",,S","65",",,S"
"DRM00078458","PUERTO PLATA, DR","19.75","-70.55","5.0","2005-03-09","81","H,,S","88",",,S","65",",,S"
"DRM00078458","PUERTO PLATA, DR","19.75","-70.55","5.0","2005-03-10","80","H,,S","88",",,S","64",",,S"
"DRM00078458","PUERTO PLATA, DR","19.75","-70.55","5.0","2005-03-11","80","H,,S","89",",,S","64",",,S"
"DRM00078458","PUERTO PLATA, DR","19.75","-70.55","5.0","2005-03-12","81","H,,S","86",",,S","62",",,S"
"DRM00078458","PUERTO PLATA, DR","19.75","-70.55","5.0","2005-03-13","78","H,,S","82",",,S","62",",,S"
"DRM00078458","PUERTO PLATA, DR","19.75","-70.55","5.0","2005-03-14","80","H,,S","87",",,S","62",",,S"
"DRM00078458","PUERTO PLATA, DR","19.75","-70.55","5.0","2005-03-15","78","H,,S","83",",,S","66",",,S"
"DRM00078458","PUERTO PLATA, DR","19.75","-70.55","5.0","2005-03-16","79","H,,S","85",",,S","66",",,S"
"DRM00078458","PUERTO PLATA, DR","19.75","-70.55","5.0","2005-03-18","78","H,,S","82",",,S","61",",,S"
"DRM00078458","PUERTO PLATA, DR","19.75","-70.55","5.0","2005-03-19","80","H,,S","87",",,S","63",",,S"
"DRM00078458","PUERTO PLATA, DR","19.75","-70.55","5.0","2005-03-20","80","H,,S","87",",,S","65",",,S"
"DRM00078458","PUERTO PLATA, DR","19.75","-70.55","5.0","2005-03-21","79","H,,S","87",",,S","65",",,S"
"DRM00078458","PUERTO PLATA, DR","19.75","-70.55","5.0","2005-03-22","81","H,,S","87",",,S","66",",,S"
"DRM00078458","PUERTO PLATA, DR","19.75","-70.55","5.0","2005-03-23","83","H,,S","88",",,S","65",",,S"
"DRM00078458","PUERTO PLATA, DR","19.75","-70.55","5.0","2005-03-24","82","H,,S","87",",,S","65",",,S"
"DRM00078458","PUERTO PLATA, DR","19.75","-70.55","5.0","2005-03-25","80","H,,S","87",",,S","66",",,S"
"DRM00078458","PUERTO PLATA, DR","19.75","-70.55","5.0","2005-03-26","79","H,,S","87",",,S","66",",,S"
"DRM00078458","PUERTO PLATA, DR","19.75","-70.55","5.0","2005-03-28","81","H,,S","90",",,S","67",",,S"
"DRM00078458","PUERTO PLATA, DR","19.75","-70.55","5.0","2005-03-29","79","H,,S","87",",,S","67",",,S"
"DRM00078458","PUERTO PLATA, DR","19.75","-70.55","5.0","2005-03-30","80","H,,S","92",",,S","67",",,S"
"DRM00078458","PUERTO PLATA, DR","19.75","-70.55","5.0","2005-03-31","80","H,,S","88",",,S","67",",,S"
"DRM00078458","PUERTO PLATA, DR","19.75","-70.55","5.0","2005-04-01","80","H,,S","88",",,S","66",",,S"
"DRM00078458","PUERTO PLATA, DR","19.75","-70.55","5.0","2005-04-02","82","H,,S","91",",,S","66",",,S"
"DRM00078458","PUERTO PLATA, DR","19.75","-70.55","5.0","2005-04-03","81","H,,S","86",",,S","68",",,S"
"DRM00078458","PUERTO PLATA, DR","19.75","-70.55","5.0","2005-04-04","81","H,,S",,,,
"DRM00078458","PUERTO PLATA, DR","19.75","-70.55","5.0","2005-04-05","81","H,,S","85",",,S","70",",,S"
"DRM00078458","PUERTO PLATA, DR","19.75","-70.55","5.0","2005-04-07","78","H,,S","85",",,S","69",",,S"
"DRM00078458","PUERTO PLATA, DR","19.75","-70.55","5.0","2005-04-08","81","H,,S","89",",,S","69",",,S"
"DRM00078458","PUERTO PLATA, DR","19.75","-70.55","5.0","2005-04-09","83","H,,S","89",",,S","68",",,S"
"DRM00078458","PUERTO PLATA, DR","19.75","-70.55","5.0","2005-04-10","81","H,,S","87",",,S","68",",,S"
"DRM00078458","PUERTO PLATA, DR","19.75","-70.55","5.0","2005-04-11","76","H,,S","85",",,S","72",",,S"
"DRM00078458","PUERTO PLATA, DR","19.75","-70.55","5.0","2005-04-12","79","H,,S","85",",,S","72",",,S"
"DRM00078458","PUERTO PLATA, DR","19.75","-70.55","5.0","2005-04-13","82","H,,S","87",",,S","72",",,S"
"DRM00078458","PUERTO PLATA, DR","19.75","-70.55","5.0","2005-04-14","86","H,,S","95",",,S","72",",,S"
"DRM00078458","PUERTO PLATA, DR","19.75","-70.55","5.0","2005-04-15","84","H,,S","91",",,S","72",",,S"
"DRM00078458","PUERTO PLATA, DR","19.75","-70.55","5.0","2005-04-16","77","H,,S","85",",,S","74",",,S"
"DRM00078458","PUERTO PLATA, DR","19.75","-70.55","5.0","2005-04-18","75","H,,S",,,,
"DRM00078458","PUERTO PLATA, DR","19.75","-70.55","5.0","2005-04-19","76","H,,S",,,,
"DRM00078458","PUERTO PLATA, DR","19.75","-70.55","5.0","2005-04-20","76","H,,S","81",",,S","69",",,S"
"DRM00078458","PUERTO PLATA, DR","19.75","-70.55","5.0","2005-04-21","78","H,,S","85",",,S","69",",,S"
"DRM00078458","PUERTO PLATA, DR","19.75","-70.55","5.0","2005-04-22","77","H,,S","85",",,S","67",",,S"
"DRM00078458","PUERTO PLATA, DR","19.75","-70.55","5.0","2005-04-23","78","H,,S","83",",,S","67",",,S"
"DRM00078458","PUERTO PLATA, DR","19.75","-70.55","5.0","2005-04-25","81","H,,S","87",",,S","70",",,S"
"DRM00078458","PUERTO PLATA, DR","19.75","-70.55","5.0","2005-04-26","81","H,,S","87",",,S","70",",,S"
"DRM00078458","PUERTO PLATA, DR","19.75","-70.55","5.0","2005-04-27","83","H,,S","87",",,S","73",",,S"
"DRM00078458","PUERTO PLATA, DR","19.75","-70.55","5.0","2005-04-28","82","H,,S","89",",,S","74",",,S"
"DRM00078458","PUERTO PLATA, DR","19.75","-70.55","5.0","2005-04-29","80","H,,S","88",",,S","71",",,S"
"DRM00078458","PUERTO PLATA, DR","19.75","-70.55","5.0","2005-04-30","78","H,,S","84",",,S","70",",,S"
"DRM00078458","PUERTO PLATA, DR","19.75","-70.55","5.0","2005-05-01","81","H,,S","85",",,S","71",",,S"
"DRM00078458","PUERTO PLATA, DR","19.75","-70.55","5.0","2005-05-02","82","H,,S","87",",,S","71",",,S"
"DRM00078458","PUERTO PLATA, DR","19.75","-70.55","5.0","2005-05-03","82","H,,S","87",",,S","68",",,S"
"DRM00078458","PUERTO PLATA, DR","19.75","-70.55","5.0","2005-05-04","81","H,,S","87",",,S","68",",,S"
"DRM00078458","PUERTO PLATA, DR","19.75","-70.55","5.0","2005-05-05","82","H,,S","87",",,S","71",",,S"
"DRM00078458","PUERTO PLATA, DR","19.75","-70.55","5.0","2005-05-06","82","H,,S","88",",,S","71",",,S"
"DRM00078458","PUERTO PLATA, DR","19.75","-70.55","5.0","2005-05-07","79","H,,S","89",",,S","70",",,S"
"DRM00078458","PUERTO PLATA, DR","19.75","-70.55","5.0","2005-05-08","80","H,,S","90",",,S","70",",,S"
"DRM00078458","PUERTO PLATA, DR","19.75","-70.55","5.0","2005-05-09","79","H,,S","84",",,S","71",",,S"
"DRM00078458","PUERTO PLATA, DR","19.75","-70.55","5.0","2005-05-10","80","H,,S","86",",,S","71",",,S"
"DRM00078458","PUERTO PLATA, DR","19.75","-70.55","5.0","2005-05-11","75","H,,S","86",",,S","71",",,S"
"DRM00078458","PUERTO PLATA, DR","19.75","-70.55","5.0","2005-05-12","79","H,,S","85",",,S","70",",,S"
"DRM00078458","PUERTO PLATA, DR","19.75","-70.55","5.0","2005-05-13","74","H,,S","79",",,S","70",",,S"
"DRM00078458","PUERTO PLATA, DR","19.75","-70.55","5.0","2005-05-14","79","H,,S","83",",,S","70",",,S"
"DRM00078458","PUERTO PLATA, DR","19.75","-70.55","5.0","2005-05-15","80","H,,S","86",",,S","70",",,S"
"DRM00078458","PUERTO PLATA, DR","19.75","-70.55","5.0","2005-05-16","80","H,,S","85",",,S","71",",,S"
"DRM00078458","PUERTO PLATA, DR","19.75","-70.55","5.0","2005-05-17","82","H,,S","87",",,S","71",",,S"
"DRM00078458","PUERTO PLATA, DR","19.75","-70.55","5.0","2005-05-18","82","H,,S","87",",,S","75",",,S"
"DRM00078458","PUERTO PLATA, DR","19.75","-70.55","5.0","2005-05-19","82","H,,S","87",",,S","72",",,S"
"DRM00078458","PUERTO PLATA, DR","19.75","-70.55","5.0","2005-05-20","82","H,,S","88",",,S","72",",,S"
"DRM00078458","PUERTO PLATA, DR","19.75","-70.55","5.0","2005-05-21","80","H,,S","88",",,S","72",",,S"
"DRM00078458","PUERTO PLATA, DR","19.75","-70.55","5.0","2005-05-23","82","H,,S","85",",,S","72",",,S"
"DRM00078458","PUERTO PLATA, DR","19.75","-70.55","5.0","2005-05-24","82","H,,S","87",",,S","72",",,S"
"DRM00078458","PUERTO PLATA, DR","19.75","-70.55","5.0","2005-05-25","81","H,,S","87",",,S","72",",,S"
"DRM00078458","PUERTO PLATA, DR","19.75","-70.55","5.0","2005-05-26","83","H,,S","89",",,S","72",",,S"
"DRM00078458","PUERTO PLATA, DR","19.75","-70.55","5.0","2005-05-27","83","H,,S","88",",,S","72",",,S"
"DRM00078458","PUERTO PLATA, DR","19.75","-70.55","5.0","2005-05-28","84","H,,S","92",",,S","73",",,S"
"DRM00078458","PUERTO PLATA, DR","19.75","-70.55","5.0","2005-05-29","85","H,,S","90",",,S","73",",,S"
"DRM00078458","PUERTO PLATA, DR","19.75","-70.55","5.0","2005-05-30","85","H,,S","90",",,S","76",",,S"
"DRM00078458","PUERTO PLATA, DR","19.75","-70.55","5.0","2005-05-31","84","H,,S","90",",,S","74",",,S"
"DRM00078458","PUERTO PLATA, DR","19.75","-70.55","5.0","2005-06-01","86","H,,S","92",",,S","75",",,S"
"DRM00078458","PUERTO PLATA, DR","19.75","-70.55","5.0","2005-06-02","84","H,,S","90",",,S","76",",,S"
"DRM00078458","PUERTO PLATA, DR","19.75","-70.55","5.0","2005-06-03","84","H,,S","90",",,S","75",",,S"
"DRM00078458","PUERTO PLATA, DR","19.75","-70.55","5.0","2005-06-04","85","H,,S","88",",,S","75",",,S"
"DRM00078458","PUERTO PLATA, DR","19.75","-70.55","5.0","2005-06-05","86","H,,S","90",",,S","72",",,S"
"DRM00078458","PUERTO PLATA, DR","19.75","-70.55","5.0","2005-06-06","82","H,,S","87",",,S","72",",,S"
"DRM00078458","PUERTO PLATA, DR","19.75","-70.55","5.0","2005-06-07","83","H,,S","89",",,S","71",",,S"
"DRM00078458","PUERTO PLATA, DR","19.75","-70.55","5.0","2005-06-08","82","H,,S","89",",,S","71",",,S"
"DRM00078458","PUERTO PLATA, DR","19.75","-70.55","5.0","2005-06-09","84","H,,S","87",",,S","71",",,S"
"DRM00078458","PUERTO PLATA, DR","19.75","-70.55","5.0","2005-06-10","83","H,,S","87",",,S","71",",,S"
"DRM00078458","PUERTO PLATA, DR","19.75","-70.55","5.0","2005-06-11","81","H,,S","86",",,S","72",",,S"
"DRM00078458","PUERTO PLATA, DR","19.75","-70.55","5.0","2005-06-12","85","H,,S","90",",,S","72",",,S"
"DRM00078458","PUERTO PLATA, DR","19.75","-70.55","5.0","2005-06-13","82","H,,S","90",",,S","72",",,S"
"DRM00078458","PUERTO PLATA, DR","19.75","-70.55","5.0","2005-06-14","81","H,,S","85",",,S","71",",,S"
"DRM00078458","PUERTO PLATA, DR","19.75","-70.55","5.0","2005-06-15","83","H,,S",,,,
"DRM00078458","PUERTO PLATA, DR","19.75","-70.55","5.0","2005-06-16","85","H,,S","92",",,S","71",",,S"
"DRM00078458","PUERTO PLATA, DR","19.75","-70.55","5.0","2005-06-17","84","H,,S","89",",,S","72",",,S"
"DRM00078458","PUERTO PLATA, DR","19.75","-70.55","5.0","2005-06-18","86","H,,S","93",",,S","72",",,S"
"DRM00078458","PUERTO PLATA, DR","19.75","-70.55","5.0","2005-06-19","87","H,,S","94",",,S","72",",,S"
"DRM00078458","PUERTO PLATA, DR","19.75","-70.55","5.0","2005-06-20","85","H,,S","94",",,S","72",",,S"
"DRM00078458","PUERTO PLATA, DR","19.75","-70.55","5.0","2005-06-21","84","H,,S","91",",,S","73",",,S"
"DRM00078458","PUERTO PLATA, DR","19.75","-70.55","5.0","2005-06-22","84","H,,S","91",",,S","74",",,S"
"DRM00078458","PUERTO PLATA, DR","19.75","-70.55","5.0","2005-06-23","81","H,,S","90",",,S","74",",,S"
"DRM00078458","PUERTO PLATA, DR","19.75","-70.55","5.0","2005-06-25","85","H,,S","93",",,S","74",",,S"
"DRM00078458","PUERTO PLATA, DR","19.75","-70.55","5.0","2005-06-26","87","H,,S","93",",,S","74",",,S"
"DRM00078458","PUERTO PLATA, DR","19.75","-70.55","5.0","2005-06-27","84","H,,S","89",",,S","73",",,S"
"DRM00078458","PUERTO PLATA, DR","19.75","-70.55","5.0","2005-06-28","81","H,,S","85",",,S","72",",,S"
"DRM00078458","PUERTO PLATA, DR","19.75","-70.55","5.0","2005-06-29","84","H,,S","90",",,S","72",",,S"
"DRM00078458","PUERTO PLATA, DR","19.75","-70.55","5.0","2005-06-30","83","H,,S","90",",,S","72",",,S"
"DRM00078458","PUERTO PLATA, DR","19.75","-70.55","5.0","2005-07-01","82","H,,S","87",",,S","72",",,S"
"DRM00078458","PUERTO PLATA, DR","19.75","-70.55","5.0","2005-07-02","84","H,,S",,,,
"DRM00078458","PUERTO PLATA, DR","19.75","-70.55","5.0","2005-07-03","87","H,,S","94",",,S","72",",,S"
"DRM00078458","PUERTO PLATA, DR","19.75","-70.55","5.0","2005-07-04","84","H,,S","90",",,S","74",",,S"
"DRM00078458","PUERTO PLATA, DR","19.75","-70.55","5.0","2005-07-05","83","H,,S","90",",,S","74",",,S"
"DRM00078458","PUERTO PLATA, DR","19.75","-70.55","5.0","2005-07-06","81","H,,S","88",",,S","74",",,S"
"DRM00078458","PUERTO PLATA, DR","19.75","-70.55","5.0","2005-07-07","84","H,,S",,,,
"DRM00078458","PUERTO PLATA, DR","19.75","-70.55","5.0","2005-07-08","83","H,,S","90",",,S","73",",,S"
"DRM00078458","PUERTO PLATA, DR","19.75","-70.55","5.0","2005-07-10","86","H,,S","90",",,S","74",",,S"
"DRM00078458","PUERTO PLATA, DR","19.75","-70.55","5.0","2005-07-11","83","H,,S","91",",,S","73",",,S"
"DRM00078458","PUERTO PLATA, DR","19.75","-70.55","5.0","2005-07-12","84","H,,S","90",",,S","73",",,S"
"DRM00078458","PUERTO PLATA, DR","19.75","-70.55","5.0","2005-07-13","83","H,,S","89",",,S","73",",,S"
"DRM00078458","PUERTO PLATA, DR","19.75","-70.55","5.0","2005-07-14","82","H,,S","87",",,S","72",",,S"
"DRM00078458","PUERTO PLATA, DR","19.75","-70.55","5.0","2005-07-15","81","H,,S","85",",,S","72",",,S"
"DRM00078458","PUERTO PLATA, DR","19.75","-70.55","5.0","2005-07-17","84","H,,S","90",",,S","72",",,S"
"DRM00078458","PUERTO PLATA, DR","19.75","-70.55","5.0","2005-07-18","83","H,,S","89",",,S","72",",,S"
"DRM00078458","PUERTO PLATA, DR","19.75","-70.55","5.0","2005-07-19","81","H,,S","89",",,S","72",",,S"
"DRM00078458","PUERTO PLATA, DR","19.75","-70.55","5.0","2005-07-20","81","H,,S","89",",,S","73",",,S"
"DRM00078458","PUERTO PLATA, DR","19.75","-70.55","5.0","2005-07-21","82","H,,S","87",",,S","73",",,S"
"DRM00078458","PUERTO PLATA, DR","19.75","-70.55","5.0","2005-07-22","85","H,,S","89",",,S","73",",,S"
"DRM00078458","PUERTO PLATA, DR","19.75","-70.55","5.0","2005-07-23","84","H,,S","90",",,S","74",",,S"
"DRM00078458","PUERTO PLATA, DR","19.75","-70.55","5.0","2005-07-24","87","H,,S","91",",,S","74",",,S"
"DRM00078458","PUERTO PLATA, DR","19.75","-70.55","5.0","2005-07-25","85","H,,S",,,,
"DRM00078458","PUERTO PLATA, DR","19.75","-70.55","5.0","2005-07-26","84","H,,S","89",",,S","75",",,S"
"DRM00078458","PUERTO PLATA, DR","19.75","-70.55","5.0","2005-07-27","84","H,,S","90",",,S","73",",,S"
"DRM00078458","PUERTO PLATA, DR","19.75","-70.55","5.0","2005-07-28","86","H,,S","94",",,S","73",",,S"
"DRM00078458","PUERTO PLATA, DR","19.75","-70.55","5.0","2005-07-30","79","H,,S","92",",,S","72",",,S"
"DRM00078458","PUERTO PLATA, DR","19.75","-70.55","5.0","2005-07-31","83","H,,S","90",",,S","68",",,S"
"DRM00078458","PUERTO PLATA, DR","19.75","-70.55","5.0","2005-08-01","82","H,,S","90",",,S","72",",,S"
"DRM00078458","PUERTO PLATA, DR","19.75","-70.55","5.0","2005-08-02","83","H,,S","90",",,S","72",",,S"
"DRM00078458","PUERTO PLATA, DR","19.75","-70.55","5.0","2005-08-03","87","H,,S","96",",,S","73",",,S"
"DRM00078458","PUERTO PLATA, DR","19.75","-70.55","5.0","2005-08-04","88","H,,S","96",",,S","73",",,S"
"DRM00078458","PUERTO PLATA, DR","19.75","-70.55","5.0","2005-08-05","86","H,,S","95",",,S","73",",,S"
"DRM00078458","PUERTO PLATA, DR","19.75","-70.55","5.0","2005-08-06","86","H,,S","92",",,S","74",",,S"
"DRM00078458","PUERTO PLATA, DR","19.75","-70.55","5.0","2005-08-07","86","H,,S","91",",,S","72",",,S"
"DRM00078458","PUERTO PLATA, DR","19.75","-70.55","5.0","2005-08-08","84","H,,S","90",",,S","72",",,S"
"DRM00078458","PUERTO PLATA, DR","19.75","-70.55","5.0","2005-08-09","83","H,,S","91",",,S","72",",,S"
"DRM00078458","PUERTO PLATA, DR","19.75","-70.55","5.0","2005-08-10","84","H,,S",,,,
"DRM00078458","PUERTO PLATA, DR","19.75","-70.55","5.0","2005-08-11","84","H,,S","91",",,S","73",",,S"
"DRM00078458","PUERTO PLATA, DR","19.75","-70.55","5.0","2005-08-12","84","H,,S","89",",,S","73",",,S"
"DRM00078458","PUERTO PLATA, DR","19.75","-70.55","5.0","2005-08-14","86","H,,S","91",",,S","73",",,S"
"DRM00078458","PUERTO PLATA, DR","19.75","-70.55","5.0","2005-08-15","85","H,,S","91",",,S","73",",,S"
"DRM00078458","PUERTO PLATA, DR","19.75","-70.55","5.0","2005-08-16","84","H,,S","89",",,S","74",",,S"
"DRM00078458","PUERTO PLATA, DR","19.75","-70.55","5.0","2005-08-17","83","H,,S","89",",,S","73",",,S"
"DRM00078458","PUERTO PLATA, DR","19.75","-70.55","5.0","2005-08-18","83","H,,S","90",",,S","73",",,S"
"DRM00078458","PUERTO PLATA, DR","19.75","-70.55","5.0","2005-08-19","83","H,,S","90",",,S","72",",,S"
"DRM00078458","PUERTO PLATA, DR","19.75","-70.55","5.0","2005-08-20","86","H,,S","91",",,S","72",",,S"
"DRM00078458","PUERTO PLATA, DR","19.75","-70.55","5.0","2005-08-21","84","H,,S","92",",,S","72",",,S"
"DRM00078458","PUERTO PLATA, DR","19.75","-70.55","5.0","2005-08-22","79","H,,S","95",",,S","70",",,S"
"DRM00078458","PUERTO PLATA, DR","19.75","-70.55","5.0","2005-08-23","83","H,,S","88",",,S","72",",,S"
"DRM00078458","PUERTO PLATA, DR","19.75","-70.55","5.0","2005-08-25","85","H,,S","91",",,S","73",",,S"
"DRM00078458","PUERTO PLATA, DR","19.75","-70.55","5.0","2005-08-26","82","H,,S","90",",,S","73",",,S"
"DRM00078458","PUERTO PLATA, DR","19.75","-70.55","5.0","2005-08-27","84","H,,S","91",",,S","72",",,S"
"DRM00078458","PUERTO PLATA, DR","19.75","-70.55","5.0","2005-08-28","86","H,,S","93",",,S","72",",,S"
"DRM00078458","PUERTO PLATA, DR","19.75","-70.55","5.0","2005-08-29","83","H,,S","90",",,S","72",",,S"
"DRM00078458","PUERTO PLATA, DR","19.75","-70.55","5.0","2005-08-30","83","H,,S","90",",,S","72",",,S"
"DRM00078458","PUERTO PLATA, DR","19.75","-70.55","5.0","2005-09-01","84","H,,S","91",",,S","74",",,S"
"DRM00078458","PUERTO PLATA, DR","19.75","-70.55","5.0","2005-09-02","85","H,,S","94",",,S","74",",,S"
"DRM00078458","PUERTO PLATA, DR","19.75","-70.55","5.0","2005-09-03","83","H,,S","91",",,S","74",",,S"
"DRM00078458","PUERTO PLATA, DR","19.75","-70.55","5.0","2005-09-04","86","H,,S","91",",,S","74",",,S"
"DRM00078458","PUERTO PLATA, DR","19.75","-70.55","5.0","2005-09-05","85","H,,S","90",",,S","72",",,S"
"DRM00078458","PUERTO PLATA, DR","19.75","-70.55","5.0","2005-09-06","83","H,,S","91",",,S","73",",,S"
"DRM00078458","PUERTO PLATA, DR","19.75","-70.55","5.0","2005-09-07","83","H,,S","91",",,S","72",",,S"
"DRM00078458","PUERTO PLATA, DR","19.75","-70.55","5.0","2005-09-08","84","H,,S",,,,
"DRM00078458","PUERTO PLATA, DR","19.75","-70.55","5.0","2005-09-09","84","H,,S","92",",,S","72",",,S"
"DRM00078458","PUERTO PLATA, DR","19.75","-70.55","5.0","2005-09-10","87","H,,S","92",",,S","73",",,S"
"DRM00078458","PUERTO PLATA, DR","19.75","-70.55","5.0","2005-09-11","83","H,,S","91",",,S","73",",,S"
"DRM00078458","PUERTO PLATA, DR","19.75","-70.55","5.0","2005-09-12","83","H,,S","93",",,S","73",",,S"
"DRM00078458","PUERTO PLATA, DR","19.75","-70.55","5.0","2005-09-13","84","H,,S","90",",,S","74",",,S"
"DRM00078458","PUERTO PLATA, DR","19.75","-70.55","5.0","2005-09-14","85","H,,S","92",",,S","73",",,S"
"DRM00078458","PUERTO PLATA, DR","19.75","-70.55","5.0","2005-09-15","84","H,,S","92",",,S","73",",,S"
"DRM00078458","PUERTO PLATA, DR","19.75","-70.55","5.0","2005-09-16","85","H,,S","91",",,S","74",",,S"
"DRM00078458","PUERTO PLATA, DR","19.75","-70.55","5.0","2005-09-18","82","H,,S","90",",,S","73",",,S"
"DRM00078458","PUERTO PLATA, DR","19.75","-70.55","5.0","2005-09-19","84","H,,S","90",",,S","72",",,S"
"DRM00078458","PUERTO PLATA, DR","19.75","-70.55","5.0","2005-09-20","85","H,,S","90",",,S","73",",,S"
"DRM00078458","PUERTO PLATA, DR","19.75","-70.55","5.0","2005-09-21","84","H,,S","90",",,S","72",",,S"
"DRM00078458","PUERTO PLATA, DR","19.75","-70.55","5.0","2005-09-22","84","H,,S","90",",,S","72",",,S"
"DRM00078458","PUERTO PLATA, DR","19.75","-70.55","5.0","2005-09-23","84","H,,S","90",",,S","73",",,S"
"DRM00078458","PUERTO PLATA, DR","19.75","-70.55","5.0","2005-09-25","82","H,,S","88",",,S","71",",,S"
"DRM00078458","PUERTO PLATA, DR","19.75","-70.55","5.0","2005-09-27","84","H,,S","90",",,S","73",",,S"
"DRM00078458","PUERTO PLATA, DR","19.75","-70.55","5.0","2005-09-28","84","H,,S","90",",,S","72",",,S"
"DRM00078458","PUERTO PLATA, DR","19.75","-70.55","5.0","2005-09-29","85","H,,S","90",",,S","72",",,S"
"DRM00078458","PUERTO PLATA, DR","19.75","-70.55","5.0","2005-09-30","85","H,,S","91",",,S","72",",,S"
"DRM00078458","PUERTO PLATA, DR","19.75","-70.55","5.0","2005-10-01","84","H,,S","91",",,S","72",",,S"
"DRM00078458","PUERTO PLATA, DR","19.75","-70.55","5.0","2005-10-02","84","H,,S","90",",,S","74",",,S"
"DRM00078458","PUERTO PLATA, DR","19.75","-70.55","5.0","2005-10-03","80","H,,S","90",",,S","74",",,S"
"DRM00078458","PUERTO PLATA, DR","19.75","-70.55","5.0","2005-10-04","83","H,,S","90",",,S","73",",,S"
"DRM00078458","PUERTO PLATA, DR","19.75","-70.55","5.0","2005-10-05","84","H,,S","92",",,S","73",",,S"
"DRM00078458","PUERTO PLATA, DR","19.75","-70.55","5.0","2005-10-06","84","H,,S","92",",,S","72",",,S"
"DRM00078458","PUERTO PLATA, DR","19.75","-70.55","5.0","2005-10-07","83","H,,S","91",",,S","72",",,S"
"DRM00078458","PUERTO PLATA, DR","19.75","-70.55","5.0","2005-10-08","82","H,,S","90",",,S","72",",,S"
"DRM00078458","PUERTO PLATA, DR","19.75","-70.55","5.0","2005-10-09","78","H,,S","90",",,S","72",",,S"
"DRM00078458","PUERTO PLATA, DR","19.75","-70.55","5.0","2005-10-10","77","H,,S","83",",,S","72",",,S"
"DRM00078458","PUERTO PLATA, DR","19.75","-70.55","5.0","2005-10-11","81","H,,S","87",",,S","72",",,S"
"DRM00078458","PUERTO PLATA, DR","19.75","-70.55","5.0","2005-10-12","80","H,,S","86",",,S","72",",,S"
"DRM00078458","PUERTO PLATA, DR","19.75","-70.55","5.0","2005-10-14","80","H,,S","88",",,S","72",",,S"
"DRM00078458","PUERTO PLATA, DR","19.75","-70.55","5.0","2005-10-15","82","H,,S","89",",,S","72",",,S"
"DRM00078458","PUERTO PLATA, DR","19.75","-70.55","5.0","2005-10-17","83","H,,S",,,,
"DRM00078458","PUERTO PLATA, DR","19.75","-70.55","5.0","2005-10-18","81","H,,S","88",",,S","72",",,S"
"DRM00078458","PUERTO PLATA, DR","19.75","-70.55","5.0","2005-10-19","84","H,,S","90",",,S","72",",,S"
"DRM00078458","PUERTO PLATA, DR","19.75","-70.55","5.0","2005-10-20","83","H,,S","91",",,S","73",",,S"
"DRM00078458","PUERTO PLATA, DR","19.75","-70.55","5.0","2005-10-21","81","H,,S","86",",,S","74",",,S"
"DRM00078458","PUERTO PLATA, DR","19.75","-70.55","5.0","2005-10-22","84","H,,S","90",",,S","74",",,S"
"DRM00078458","PUERTO PLATA, DR","19.75","-70.55","5.0","2005-10-23","78","H,,S","90",",,S","72",",,S"
"DRM00078458","PUERTO PLATA, DR","19.75","-70.55","5.0","2005-10-25","83","H,,S","94",",,S","72",",,S"
"DRM00078458","PUERTO PLATA, DR","19.75","-70.55","5.0","2005-10-26","83","H,,S","87",",,S","72",",,S"
"DRM00078458","PUERTO PLATA, DR","19.75","-70.55","5.0","2005-10-27","84","H,,S","90",",,S","72",",,S"
"DRM00078458","PUERTO PLATA, DR","19.75","-70.55","5.0","2005-10-28","81","H,,S","87",",,S","71",",,S"
"DRM00078458","PUERTO PLATA, DR","19.75","-70.55","5.0","2005-10-29","85","H,,S","92",",,S","71",",,S"
"DRM00078458","PUERTO PLATA, DR","19.75","-70.55","5.0","2005-10-30","83","H,,S","92",",,S","70",",,S"
"DRM00078458","PUERTO PLATA, DR","19.75","-70.55","5.0","2005-10-31","85","H,,S","90",",,S","71",",,S"
"DRM00078458","PUERTO PLATA, DR","19.75","-70.55","5.0","2005-11-01","84","H,,S","91",",,S","71",",,S"
"DRM00078458","PUERTO PLATA, DR","19.75","-70.55","5.0","2005-11-02","85","H,,S","91",",,S","73",",,S"
"DRM00078458","PUERTO PLATA, DR","19.75","-70.55","5.0","2005-11-03","83","H,,S","90",",,S","70",",,S"
"DRM00078458","PUERTO PLATA, DR","19.75","-70.55","5.0","2005-11-04","83","H,,S","91",",,S","70",",,S"
"DRM00078458","PUERTO PLATA, DR","19.75","-70.55","5.0","2005-11-05","85","H,,S","91",",,S","72",",,S"
"DRM00078458","PUERTO PLATA, DR","19.75","-70.55","5.0","2005-11-06","83","H,,S","90",",,S","71",",,S"
"DRM00078458","PUERTO PLATA, DR","19.75","-70.55","5.0","2005-11-08","82","H,,S","89",",,S","72",",,S"
"DRM00078458","PUERTO PLATA, DR","19.75","-70.55","5.0","2005-11-09","81","H,,S","90",",,S","71",",,S"
"DRM00078458","PUERTO PLATA, DR","19.75","-70.55","5.0","2005-11-10","83","H,,S","90",",,S","71",",,S"
"DRM00078458","PUERTO PLATA, DR","19.75","-70.55","5.0","2005-11-11","82","H,,S","89",",,S","69",",,S"
"DRM00078458","PUERTO PLATA, DR","19.75","-70.55","5.0","2005-11-12","83","H,,S","88",",,S","69",",,S"
"DRM00078458","PUERTO PLATA, DR","19.75","-70.55","5.0","2005-11-13","83","H,,S","88",",,S","71",",,S"
"DRM00078458","PUERTO PLATA, DR","19.75","-70.55","5.0","2005-11-14","79","H,,S","88",",,S","71",",,S"
"DRM00078458","PUERTO PLATA, DR","19.75","-70.55","5.0","2005-11-15","79","H,,S","85",",,S","70",",,S"
"DRM00078458","PUERTO PLATA, DR","19.75","-70.55","5.0","2005-11-16","80","H,,S","85",",,S","72",",,S"
"DRM00078458","PUERTO PLATA, DR","19.75","-70.55","5.0","2005-11-17","80","H,,S","87",",,S","72",",,S"
"DRM00078458","PUERTO PLATA, DR","19.75","-70.55","5.0","2005-11-19","80","H,,S","85",",,S","70",",,S"
"DRM00078458","PUERTO PLATA, DR","19.75","-70.55","5.0","2005-11-20","80","H,,S","85",",,S","68",",,S"
"DRM00078458","PUERTO PLATA, DR","19.75","-70.55","5.0","2005-11-21","78","H,,S","85",",,S","68",",,S"
"DRM00078458","PUERTO PLATA, DR","19.75","-70.55","5.0","2005-11-22","81","H,,S","85",",,S","68",",,S"
"DRM00078458","PUERTO PLATA, DR","19.75","-70.55","5.0","2005-11-23","74","H,,S","85",",,S","66",",,S"
"DRM00078458","PUERTO PLATA, DR","19.75","-70.55","5.0","2005-11-24","74","H,,S",,,,
"DRM00078458","PUERTO PLATA, DR","19.75","-70.55","5.0","2005-11-25","75","H,,S","78",",,S","68",",,S"
"DRM00078458","PUERTO PLATA, DR","19.75","-70.55","5.0","2005-11-26","78","H,,S","85",",,S","68",",,S"
"DRM00078458","PUERTO PLATA, DR","19.75","-70.55","5.0","2005-11-27","77","H,,S","85",",,S","68",",,S"
"DRM00078458","PUERTO PLATA, DR","19.75","-70.55","5.0","2005-11-28","76","H,,S","82",",,S","68",",,S"
"DRM00078458","PUERTO PLATA, DR","19.75","-70.55","5.0","2005-11-29","78","H,,S","86",",,S","68",",,S"
"DRM00078458","PUERTO PLATA, DR","19.75","-70.55","5.0","2005-11-30","78","H,,S","86",",,S","68",",,S"
"DRM00078458","PUERTO PLATA, DR","19.75","-70.55","5.0","2005-12-02","79","H,,S","86",",,S","69",",,S"
"DRM00078458","PUERTO PLATA, DR","19.75","-70.55","5.0","2005-12-03","77","H,,S","86",",,S","65",",,S"
"DRM00078458","PUERTO PLATA, DR","19.75","-70.55","5.0","2005-12-04","76","H,,S","84",",,S","65",",,S"
"DRM00078458","PUERTO PLATA, DR","19.75","-70.55","5.0","2005-12-05","78","H,,S","84",",,S","65",",,S"
"DRM00078458","PUERTO PLATA, DR","19.75","-70.55","5.0","2005-12-06","82","H,,S","85",",,S","68",",,S"
"DRM00078458","PUERTO PLATA, DR","19.75","-70.55","5.0","2005-12-08","78","H,,S","85",",,S","69",",,S"
"DRM00078458","PUERTO PLATA, DR","19.75","-70.55","5.0","2005-12-09","79","H,,S","85",",,S","70",",,S"
"DRM00078458","PUERTO PLATA, DR","19.75","-70.55","5.0","2005-12-10","79","H,,S","87",",,S","70",",,S"
"DRM00078458","PUERTO PLATA, DR","19.75","-70.55","5.0","2005-12-11","78","H,,S","87",",,S","67",",,S"
"DRM00078458","PUERTO PLATA, DR","19.75","-70.55","5.0","2005-12-12","78","H,,S","87",",,S","67",",,S"
"DRM00078458","PUERTO PLATA, DR","19.75","-70.55","5.0","2005-12-13","78","H,,S","87",",,S","69",",,S"
"DRM00078458","PUERTO PLATA, DR","19.75","-70.55","5.0","2005-12-14","74","H,,S","78",",,S","71",",,S"
"DRM00078458","PUERTO PLATA, DR","19.75","-70.55","5.0","2005-12-16","76","H,,S","83",",,S","70",",,S"
"DRM00078458","PUERTO PLATA, DR","19.75","-70.55","5.0","2005-12-18","77","H,,S","85",",,S","67",",,S"
"DRM00078458","PUERTO PLATA, DR","19.75","-70.55","5.0","2005-12-20","80","H,,S","84",",,S","66",",,S"
"DRM00078458","PUERTO PLATA, DR","19.75","-70.55","5.0","2005-12-21","77","H,,S","84",",,S","67",",,S"
"DRM00078458","PUERTO PLATA, DR","19.75","-70.55","5.0","2005-12-22","77","H,,S","84",",,S","65",",,S"
"DRM00078458","PUERTO PLATA, DR","19.75","-70.55","5.0","2005-12-23","77","H,,S","84",",,S","68",",,S"
"DRM00078458","PUERTO PLATA, DR","19.75","-70.55","5.0","2005-12-24","79","H,,S","87",",,S","67",",,S"
"DRM00078458","PUERTO PLATA, DR","19.75","-70.55","5.0","2005-12-26","78","H,,S","85",",,S","68",",,S"
"DRM00078458","PUERTO PLATA, DR","19.75","-70.55","5.0","2005-12-27","78","H,,S","84",",,S","67",",,S"
"DRM00078458","PUERTO PLATA, DR","19.75","-70.55","5.0","2005-12-29","78","H,,S","82",",,S","66",",,S"
"DRM00078458","PUERTO PLATA, DR","19.75","-70.55","5.0","2005-12-30","78","H,,S","84",",,S","65",",,S"
"DRM00078458","PUERTO PLATA, DR","19.75","-70.55","5.0","2005-12-31","79","H,,S","86",",,S","64",",,S"
"DRM00078458","PUERTO PLATA, DR","19.75","-70.55","5.0","2006-01-02","77","H,,S","83",",,S","63",",,S"
"DRM00078458","PUERTO PLATA, DR","19.75","-70.55","5.0","2006-01-03","76","H,,S","85",",,S","63",",,S"
"DRM00078458","PUERTO PLATA, DR","19.75","-70.55","5.0","2006-01-04","78","H,,S","85",",,S","64",",,S"
"DRM00078458","PUERTO PLATA, DR","19.75","-70.55","5.0","2006-01-05","78","H,,S","83",",,S","64",",,S"
"DRM00078458","PUERTO PLATA, DR","19.75","-70.55","5.0","2006-01-07","77","H,,S","87",",,S","64",",,S"
"DRM00078458","PUERTO PLATA, DR","19.75","-70.55","5.0","2006-01-08","75","H,,S","87",",,S","64",",,S"
"DRM00078458","PUERTO PLATA, DR","19.75","-70.55","5.0","2006-01-09","79","H,,S","86",",,S","67",",,S"
"DRM00078458","PUERTO PLATA, DR","19.75","-70.55","5.0","2006-01-11","78","H,,S",,,,
"DRM00078458","PUERTO PLATA, DR","19.75","-70.55","5.0","2006-01-12","79","H,,S","86",",,S","68",",,S"
"DRM00078458","PUERTO PLATA, DR","19.75","-70.55","5.0","2006-01-13","80","H,,S","86",",,S","68",",,S"
"DRM00078458","PUERTO PLATA, DR","19.75","-70.55","5.0","2006-01-14","80","H,,S","89",",,S","68",",,S"
"DRM00078458","PUERTO PLATA, DR","19.75","-70.55","5.0","2006-01-15","77","H,,S","81",",,S","70",",,S"
"DRM00078458","PUERTO PLATA, DR","19.75","-70.55","5.0","2006-01-17","77","H,,S","82",",,S","66",",,S"
"DRM00078458","PUERTO PLATA, DR","19.75","-70.55","5.0","2006-01-18","75","H,,S","83",",,S","66",",,S"
"DRM00078458","PUERTO PLATA, DR","19.75","-70.55","5.0","2006-01-19","78","H,,S","83",",,S","66",",,S"
"DRM00078458","PUERTO PLATA, DR","19.75","-70.55","5.0","2006-01-20","76","H,,S","83",",,S","69",",,S"
"DRM00078458","PUERTO PLATA, DR","19.75","-70.55","5.0","2006-01-21","78","H,,S","85",",,S","68",",,S"
"DRM00078458","PUERTO PLATA, DR","19.75","-70.55","5.0","2006-01-22","79","H,,S","86",",,S","66",",,S"
"DRM00078458","PUERTO PLATA, DR","19.75","-70.55","5.0","2006-01-23","78","H,,S","86",",,S","66",",,S"
"DRM00078458","PUERTO PLATA, DR","19.75","-70.55","5.0","2006-01-25","76","H,,S","87",",,S","64",",,S"
"DRM00078458","PUERTO PLATA, DR","19.75","-70.55","5.0","2006-01-26","77","H,,S","88",",,S","64",",,S"
"DRM00078458","PUERTO PLATA, DR","19.75","-70.55","5.0","2006-01-27","75","H,,S","88",",,S","65",",,S"
"DRM00078458","PUERTO PLATA, DR","19.75","-70.55","5.0","2006-02-04","82","H,,S","88",",,S","64",",,S"
"DRM00078458","PUERTO PLATA, DR","19.75","-70.55","5.0","2006-02-05","80","H,,S","88",",,S","66",",,S"
"DRM00078458","PUERTO PLATA, DR","19.75","-70.55","5.0","2006-02-06","78","H,,S","87",",,S","65",",,S"
"DRM00078458","PUERTO PLATA, DR","19.75","-70.55","5.0","2006-02-07","74","H,,S","87",",,S","65",",,S"
"DRM00078458","PUERTO PLATA, DR","19.75","-70.55","5.0","2006-02-08","78","H,,S","87",",,S","65",",,S"
"DRM00078458","PUERTO PLATA, DR","19.75","-70.55","5.0","2006-02-09","78","H,,S","86",",,S","66",",,S"
"DRM00078458","PUERTO PLATA, DR","19.75","-70.55","5.0","2006-02-10","77","H,,S","84",",,S","68",",,S"
"DRM00078458","PUERTO PLATA, DR","19.75","-70.55","5.0","2006-02-11","76","H,,S","83",",,S","64",",,S"
"DRM00078458","PUERTO PLATA, DR","19.75","-70.55","5.0","2006-02-12","80","H,,S","89",",,S","64",",,S"
"DRM00078458","PUERTO PLATA, DR","19.75","-70.55","5.0","2006-02-13","78","H,,S","90",",,S","68",",,S"
"DRM00078458","PUERTO PLATA, DR","19.75","-70.55","5.0","2006-02-14","72","H,,S","84",",,S","64",",,S"
"DRM00078458","PUERTO PLATA, DR","19.75","-70.55","5.0","2006-02-15","77","H,,S","84",",,S","64",",,S"
"DRM00078458","PUERTO PLATA, DR","19.75","-70.55","5.0","2006-02-16","75","H,,S","84",",,S","61",",,S"
"DRM00078458","PUERTO PLATA, DR","19.75","-70.55","5.0","2006-02-17","78","H,,S","82",",,S","61",",,S"
"DRM00078458","PUERTO PLATA, DR","19.75","-70.55","5.0","2006-02-18","76","H,,S","82",",,S","61",",,S"
"DRM00078458","PUERTO PLATA, DR","19.75","-70.55","5.0","2006-02-19","76","H,,S","82",",,S","61",",,S"
"DRM00078458","PUERTO PLATA, DR","19.75","-70.55","5.0","2006-02-20","77","H,,S","83",",,S","63",",,S"
"DRM00078458","PUERTO PLATA, DR","19.75","-70.55","5.0","2006-02-21","77","H,,S","83",",,S","67",",,S"
"DRM00078458","PUERTO PLATA, DR","19.75","-70.55","5.0","2006-02-22","78","H,,S","83",",,S","67",",,S"
"DRM00078458","PUERTO PLATA, DR","19.75","-70.55","5.0","2006-02-23","80","H,,S","88",",,S","65",",,S"
"DRM00078458","PUERTO PLATA, DR","19.75","-70.55","5.0","2006-02-24","79","H,,S","88",",,S","65",",,S"
"DRM00078458","PUERTO PLATA, DR","19.75","-70.55","5.0","2006-02-25","78","H,,S","87",",,S","66",",,S"
"DRM00078458","PUERTO PLATA, DR","19.75","-70.55","5.0","2006-02-27","77","H,,S","90",",,S","65",",,S"
"DRM00078458","PUERTO PLATA, DR","19.75","-70.55","5.0","2006-02-28","72","H,,S","78",",,S","66",",,S"
"DRM00078458","PUERTO PLATA, DR","19.75","-70.55","5.0","2006-03-01","77","H,,S","84",",,S","66",",,S"
"DRM00078458","PUERTO PLATA, DR","19.75","-70.55","5.0","2006-03-02","78","H,,S","87",",,S","66",",,S"
"DRM00078458","PUERTO PLATA, DR","19.75","-70.55","5.0","2006-03-03","79","H,,S","88",",,S","65",",,S"
"DRM00078458","PUERTO PLATA, DR","19.75","-70.55","5.0","2006-03-04","78","H,,S","88",",,S","65",",,S"
"DRM00078458","PUERTO PLATA, DR","19.75","-70.55","5.0","2006-03-05","78","H,,S","86",",,S","69",",,S"
"DRM00078458","PUERTO PLATA, DR","19.75","-70.55","5.0","2006-03-06","74","H,,S","84",",,S","67",",,S"
"DRM00078458","PUERTO PLATA, DR","19.75","-70.55","5.0","2006-03-07","76","H,,S","83",",,S","64",",,S"
"DRM00078458","PUERTO PLATA, DR","19.75","-70.55","5.0","2006-03-09","74","H,,S","82",",,S","63",",,S"
"DRM00078458","PUERTO PLATA, DR","19.75","-70.55","5.0","2006-03-10","73","H,,S",,,,
"DRM00078458","PUERTO PLATA, DR","19.75","-70.55","5.0","2006-03-11","75","H,,S","83",",,S","61",",,S"
"DRM00078458","PUERTO PLATA, DR","19.75","-70.55","5.0","2006-03-12","77","H,,S","85",",,S","61",",,S"
"DRM00078458","PUERTO PLATA, DR","19.75","-70.55","5.0","2006-03-13","78","H,,S",,,,
"DRM00078458","PUERTO PLATA, DR","19.75","-70.55","5.0","2006-03-14","78","H,,S","84",",,S","63",",,S"
"DRM00078458","PUERTO PLATA, DR","19.75","-70.55","5.0","2006-03-15","79","H,,S","84",",,S","63",",,S"
"DRM00078458","PUERTO PLATA, DR","19.75","-70.55","5.0","2006-03-16","79","H,,S","87",",,S","64",",,S"
"DRM00078458","PUERTO PLATA, DR","19.75","-70.55","5.0","2006-03-17","79","H,,S",,,,
"DRM00078458","PUERTO PLATA, DR","19.75","-70.55","5.0","2006-03-18","78","H,,S",,,,
"DRM00078458","PUERTO PLATA, DR","19.75","-70.55","5.0","2006-03-19","77","H,,S","84",",,S","70",",,S"
"DRM00078458","PUERTO PLATA, DR","19.75","-70.55","5.0","2006-03-20","79","H,,S",,,,
"DRM00078458","PUERTO PLATA, DR","19.75","-70.55","5.0","2006-03-21","79","H,,S",,,,
"DRM00078458","PUERTO PLATA, DR","19.75","-70.55","5.0","2006-03-23","80","H,,S",,,,
"DRM00078458","PUERTO PLATA, DR","19.75","-70.55","5.0","2006-03-24","81","H,,S",,,,
"DRM00078458","PUERTO PLATA, DR","19.75","-70.55","5.0","2006-03-25","79","H,,S","90",",,S","64",",,S"
"DRM00078458","PUERTO PLATA, DR","19.75","-70.55","5.0","2006-03-26","78","H,,S","87",",,S","64",",,S"
"DRM00078458","PUERTO PLATA, DR","19.75","-70.55","5.0","2006-03-27","79","H,,S","87",",,S","66",",,S"
"DRM00078458","PUERTO PLATA, DR","19.75","-70.55","5.0","2006-03-28","78","H,,S","87",",,S","72",",,S"
"DRM00078458","PUERTO PLATA, DR","19.75","-70.55","5.0","2006-03-29","77","H,,S","80",",,S","74",",,S"
"DRM00078458","PUERTO PLATA, DR","19.75","-70.55","5.0","2006-03-30","78","H,,S","82",",,S","74",",,S"
"DRM00078458","PUERTO PLATA, DR","19.75","-70.55","5.0","2006-03-31","76","H,,S","83",",,S","64",",,S"
"DRM00078458","PUERTO PLATA, DR","19.75","-70.55","5.0","2006-04-01","77","H,,S","83",",,S","63",",,S"
"DRM00078458","PUERTO PLATA, DR","19.75","-70.55","5.0","2006-04-02","78","H,,S","83",",,S","63",",,S"
"DRM00078458","PUERTO PLATA, DR","19.75","-70.55","5.0","2006-04-03","79","H,,S","84",",,S","65",",,S"
"DRM00078458","PUERTO PLATA, DR","19.75","-70.55","5.0","2006-04-04","80","H,,S","87",",,S","66",",,S"
"DRM00078458","PUERTO PLATA, DR","19.75","-70.55","5.0","2006-04-05","79","H,,S","87",",,S","68",",,S"
"DRM00078458","PUERTO PLATA, DR","19.75","-70.55","5.0","2006-04-06","77","H,,S","86",",,S","65",",,S"
"DRM00078458","PUERTO PLATA, DR","19.75","-70.55","5.0","2006-04-07","79","H,,S","86",",,S","65",",,S"
"DRM00078458","PUERTO PLATA, DR","19.75","-70.55","5.0","2006-04-08","80","H,,S","90",",,S","66",",,S"
"DRM00078458","PUERTO PLATA, DR","19.75","-70.55","5.0","2006-04-09","80","H,,S","88",",,S","66",",,S"
"DRM00078458","PUERTO PLATA, DR","19.75","-70.55","5.0","2006-04-10","79","H,,S","88",",,S","69",",,S"
"DRM00078458","PUERTO PLATA, DR","19.75","-70.55","5.0","2006-04-11","80","H,,S","87",",,S","68",",,S"
"DRM00078458","PUERTO PLATA, DR","19.75","-70.55","5.0","2006-04-12","76","H,,S","90",",,S","68",",,S"
"DRM00078458","PUERTO PLATA, DR","19.75","-70.55","5.0","2006-04-14","79","H,,S","85",",,S","64",",,S"
"DRM00078458","PUERTO PLATA, DR","19.75","-70.55","5.0","2006-04-15","78","H,,S","82",",,S","68",",,S"
"DRM00078458","PUERTO PLATA, DR","19.75","-70.55","5.0","2006-04-16","79","H,,S","85",",,S","67",",,S"
"DRM00078458","PUERTO PLATA, DR","19.75","-70.55","5.0","2006-04-17","75","H,,S","87",",,S","59",",,S"
"DRM00078458","PUERTO PLATA, DR","19.75","-70.55","5.0","2006-04-18","80","H,,S",,,,
"DRM00078458","PUERTO PLATA, DR","19.75","-70.55","5.0","2006-04-19","79","H,,S","87",",,S","63",",,S"
"DRM00078458","PUERTO PLATA, DR","19.75","-70.55","5.0","2006-04-20","77","H,,S","87",",,S","63",",,S"
"DRM00078458","PUERTO PLATA, DR","19.75","-70.55","5.0","2006-04-21","77","H,,S","90",",,S","65",",,S"
"DRM00078458","PUERTO PLATA, DR","19.75","-70.55","5.0","2006-04-22","76","H,,S","85",",,S","72",",,S"
"DRM00078458","PUERTO PLATA, DR","19.75","-70.55","5.0","2006-04-23","76","H,,S","84",",,S","68",",,S"
"DRM00078458","PUERTO PLATA, DR","19.75","-70.55","5.0","2006-04-24","81","H,,S","87",",,S","68",",,S"
"DRM00078458","PUERTO PLATA, DR","19.75","-70.55","5.0","2006-04-25","81","H,,S","87",",,S","67",",,S"
"DRM00078458","PUERTO PLATA, DR","19.75","-70.55","5.0","2006-04-26","81","H,,S","87",",,S","68",",,S"
"DRM00078458","PUERTO PLATA, DR","19.75","-70.55","5.0","2006-04-27","81","H,,S","87",",,S","68",",,S"
"DRM00078458","PUERTO PLATA, DR","19.75","-70.55","5.0","2006-04-28","82","H,,S","88",",,S","69",",,S"
"DRM00078458","PUERTO PLATA, DR","19.75","-70.55","5.0","2006-04-29","81","H,,S","88",",,S","68",",,S"
"DRM00078458","PUERTO PLATA, DR","19.75","-70.55","5.0","2006-04-30","77","H,,S","87",",,S","68",",,S"
"DRM00078458","PUERTO PLATA, DR","19.75","-70.55","5.0","2006-05-01","78","H,,S",,,,
"DRM00078458","PUERTO PLATA, DR","19.75","-70.55","5.0","2006-05-02","77","H,,S","83",",,S","68",",,S"
"DRM00078458","PUERTO PLATA, DR","19.75","-70.55","5.0","2006-05-03","78","H,,S","83",",,S","68",",,S"
"DRM00078458","PUERTO PLATA, DR","19.75","-70.55","5.0","2006-05-05","79","H,,S","84",",,S","63",",,S"
"DRM00078458","PUERTO PLATA, DR","19.75","-70.55","5.0","2006-05-06","80","H,,S","85",",,S","63",",,S"
"DRM00078458","PUERTO PLATA, DR","19.75","-70.55","5.0","2006-05-08","80","H,,S","87",",,S","64",",,S"
"DRM00078458","PUERTO PLATA, DR","19.75","-70.55","5.0","2006-05-09","81","H,,S","88",",,S","66",",,S"
"DRM00078458","PUERTO PLATA, DR","19.75","-70.55","5.0","2006-05-10","82","H,,S","87",",,S","66",",,S"
"DRM00078458","PUERTO PLATA, DR","19.75","-70.55","5.0","2006-05-11","83","H,,S","90",",,S","66",",,S"
"DRM00078458","PUERTO PLATA, DR","19.75","-70.55","5.0","2006-05-12","80","H,,S","86",",,S","65",",,S"
"DRM00078458","PUERTO PLATA, DR","19.75","-70.55","5.0","2006-05-14","82","H,,S","89",",,S","66",",,S"
"DRM00078458","PUERTO PLATA, DR","19.75","-70.55","5.0","2006-05-16","87","H,,S","95",",,S","72",",,S"
"DRM00078458","PUERTO PLATA, DR","19.75","-70.55","5.0","2006-05-17","84","H,,S","95",",,S","72",",,S"
"DRM00078458","PUERTO PLATA, DR","19.75","-70.55","5.0","2006-05-20","86","H,,S","98",",,S","71",",,S"
"DRM00078458","PUERTO PLATA, DR","19.75","-70.55","5.0","2006-05-21","84","H,,S","90",",,S","72",",,S"
"DRM00078458","PUERTO PLATA, DR","19.75","-70.55","5.0","2006-05-22","85","H,,S","89",",,S","72",",,S"
"DRM00078458","PUERTO PLATA, DR","19.75","-70.55","5.0","2006-05-23","84","H,,S","92",",,S","70",",,S"
"DRM00078458","PUERTO PLATA, DR","19.75","-70.55","5.0","2006-05-24","82","H,,S","90",",,S","71",",,S"
"DRM00078458","PUERTO PLATA, DR","19.75","-70.55","5.0","2006-05-26","85","H,,S","90",",,S","70",",,S"
"DRM00078458","PUERTO PLATA, DR","19.75","-70.55","5.0","2006-05-27","82","H,,S","94",",,S","70",",,S"
"DRM00078458","PUERTO PLATA, DR","19.75","-70.55","5.0","2006-05-28","81","H,,S","94",",,S","70",",,S"
"DRM00078458","PUERTO PLATA, DR","19.75","-70.55","5.0","2006-05-29","81","H,,S","90",",,S","71",",,S"
"DRM00078458","PUERTO PLATA, DR","19.75","-70.55","5.0","2006-05-30","79","H,,S","89",",,S","68",",,S"
"DRM00078458","PUERTO PLATA, DR","19.75","-70.55","5.0","2006-05-31","77","H,,S","90",",,S","68",",,S"
"DRM00078458","PUERTO PLATA, DR","19.75","-70.55","5.0","2006-06-01","82","H,,S",,,,
"DRM00078458","PUERTO PLATA, DR","19.75","-70.55","5.0","2006-06-02","82","H,,S","92",",,S","70",",,S"
"DRM00078458","PUERTO PLATA, DR","19.75","-70.55","5.0","2006-06-03","80","H,,S","92",",,S","67",",,S"
"DRM00078458","PUERTO PLATA, DR","19.75","-70.55","5.0","2006-06-04","81","H,,S","89",",,S","71",",,S"
"DRM00078458","PUERTO PLATA, DR","19.75","-70.55","5.0","2006-06-05","82","H,,S","90",",,S","71",",,S"
"DRM00078458","PUERTO PLATA, DR","19.75","-70.55","5.0","2006-06-06","85","H,,S",,,,
"DRM00078458","PUERTO PLATA, DR","19.75","-70.55","5.0","2006-06-07","84","H,,S","95",",,S","71",",,S"
"DRM00078458","PUERTO PLATA, DR","19.75","-70.55","5.0","2006-06-08","84","H,,S","91",",,S","72",",,S"
"DRM00078458","PUERTO PLATA, DR","19.75","-70.55","5.0","2006-06-09","83","H,,S","94",",,S","72",",,S"
"DRM00078458","PUERTO PLATA, DR","19.75","-70.55","5.0","2006-06-10","85","H,,S","96",",,S","72",",,S"
"DRM00078458","PUERTO PLATA, DR","19.75","-70.55","5.0","2006-06-11","83","H,,S","94",",,S","72",",,S"
"DRM00078458","PUERTO PLATA, DR","19.75","-70.55","5.0","2006-06-12","84","H,,S","94",",,S","71",",,S"
"DRM00078458","PUERTO PLATA, DR","19.75","-70.55","5.0","2006-06-13","83","H,,S","94",",,S","71",",,S"
"DRM00078458","PUERTO PLATA, DR","19.75","-70.55","5.0","2006-06-14","81","H,,S","94",",,S","72",",,S"
"DRM00078458","PUERTO PLATA, DR","19.75","-70.55","5.0","2006-06-15","83","H,,S","92",",,S","72",",,S"
"DRM00078458","PUERTO PLATA, DR","19.75","-70.55","5.0","2006-06-16","81","H,,S","94",",,S","71",",,S"
"DRM00078458","PUERTO PLATA, DR","19.75","-70.55","5.0","2006-06-17","82","H,,S","98",",,S","70",",,S"
"DRM00078458","PUERTO PLATA, DR","19.75","-70.55","5.0","2006-06-18","82","H,,S","91",",,S","70",",,S"
"DRM00078458","PUERTO PLATA, DR","19.75","-70.55","5.0","2006-06-19","85","H,,S","91",",,S","71",",,S"
"DRM00078458","PUERTO PLATA, DR","19.75","-70.55","5.0","2006-06-20","82","H,,S","92",",,S","70",",,S"
"DRM00078458","PUERTO PLATA, DR","19.75","-70.55","5.0","2006-06-21","83","H,,S","94",",,S","70",",,S"
"DRM00078458","PUERTO PLATA, DR","19.75","-70.55","5.0","2006-06-22","81","H,,S","96",",,S","72",",,S"
"DRM00078458","PUERTO PLATA, DR","19.75","-70.55","5.0","2006-06-23","79","H,,S","93",",,S","70",",,S"
"DRM00078458","PUERTO PLATA, DR","19.75","-70.55","5.0","2006-06-24","80","H,,S","90",",,S","71",",,S"
"DRM00078458","PUERTO PLATA, DR","19.75","-70.55","5.0","2006-06-25","80","H,,S","91",",,S","71",",,S"
"DRM00078458","PUERTO PLATA, DR","19.75","-70.55","5.0","2006-06-26","81","H,,S","91",",,S","71",",,S"
"DRM00078458","PUERTO PLATA, DR","19.75","-70.55","5.0","2006-06-27","83","H,,S","92",",,S","72",",,S"
"DRM00078458","PUERTO PLATA, DR","19.75","-70.55","5.0","2006-06-28","82","H,,S","91",",,S","72",",,S"
"DRM00078458","PUERTO PLATA, DR","19.75","-70.55","5.0","2006-06-29","81","H,,S","90",",,S","68",",,S"
"DRM00078458","PUERTO PLATA, DR","19.75","-70.55","5.0","2006-06-30","82","H,,S","92",",,S","72",",,S"
"DRM00078458","PUERTO PLATA, DR","19.75","-70.55","5.0","2006-07-01","85","H,,S","91",",,S","71",",,S"
"DRM00078458","PUERTO PLATA, DR","19.75","-70.55","5.0","2006-07-02","82","H,,S","91",",,S","71",",,S"
"DRM00078458","PUERTO PLATA, DR","19.75","-70.55","5.0","2006-07-03","82","H,,S","90",",,S","71",",,S"
"DRM00078458","PUERTO PLATA, DR","19.75","-70.55","5.0","2006-07-04","79","H,,S","89",",,S","71",",,S"
"DRM00078458","PUERTO PLATA, DR","19.75","-70.55","5.0","2006-07-05","83","H,,S","94",",,S","72",",,S"
"DRM00078458","PUERTO PLATA, DR","19.75","-70.55","5.0","2006-07-06","83","H,,S","94",",,S","70",",,S"
"DRM00078458","PUERTO PLATA, DR","19.75","-70.55","5.0","2006-07-07","84","H,,S","92",",,S","72",",,S"
"DRM00078458","PUERTO PLATA, DR","19.75","-70.55","5.0","2006-07-08","82","H,,S","90",",,S","73",",,S"
"DRM00078458","PUERTO PLATA, DR","19.75","-70.55","5.0","2006-07-09","82","H,,S","90",",,S","72",",,S"
"DRM00078458","PUERTO PLATA, DR","19.75","-70.55","5.0","2006-07-10","81","H,,S","90",",,S","71",",,S"
"DRM00078458","PUERTO PLATA, DR","19.75","-70.55","5.0","2006-07-11","82","H,,S","91",",,S","70",",,S"
"DRM00078458","PUERTO PLATA, DR","19.75","-70.55","5.0","2006-07-12","82","H,,S","92",",,S","73",",,S"
"DRM00078458","PUERTO PLATA, DR","19.75","-70.55","5.0","2006-07-13","80","H,,S","92",",,S","71",",,S"
"DRM00078458","PUERTO PLATA, DR","19.75","-70.55","5.0","2006-07-14","81","H,,S","90",",,S","70",",,S"
"DRM00078458","PUERTO PLATA, DR","19.75","-70.55","5.0","2006-07-15","81","H,,S","91",",,S","72",",,S"
"DRM00078458","PUERTO PLATA, DR","19.75","-70.55","5.0","2006-07-16","82","H,,S","90",",,S","72",",,S"
"DRM00078458","PUERTO PLATA, DR","19.75","-70.55","5.0","2006-07-17","82","H,,S","91",",,S","72",",,S"
"DRM00078458","PUERTO PLATA, DR","19.75","-70.55","5.0","2006-07-18","80","H,,S","90",",,S","72",",,S"
"DRM00078458","PUERTO PLATA, DR","19.75","-70.55","5.0","2006-07-19","81","H,,S","91",",,S","70",",,S"
"DRM00078458","PUERTO PLATA, DR","19.75","-70.55","5.0","2006-07-20","85","H,,S","91",",,S","72",",,S"
"DRM00078458","PUERTO PLATA, DR","19.75","-70.55","5.0","2006-07-21","83","H,,S","94",",,S","71",",,S"
"DRM00078458","PUERTO PLATA, DR","19.75","-70.55","5.0","2006-07-22","83","H,,S","93",",,S","71",",,S"
"DRM00078458","PUERTO PLATA, DR","19.75","-70.55","5.0","2006-07-23","83","H,,S","95",",,S","71",",,S"
"DRM00078458","PUERTO PLATA, DR","19.75","-70.55","5.0","2006-07-24","83","H,,S","95",",,S","74",",,S"
"DRM00078458","PUERTO PLATA, DR","19.75","-70.55","5.0","2006-07-25","80","H,,S","93",",,S","72",",,S"
"DRM00078458","PUERTO PLATA, DR","19.75","-70.55","5.0","2006-07-26","83","H,,S","92",",,S","71",",,S"
"DRM00078458","PUERTO PLATA, DR","19.75","-70.55","5.0","2006-07-27","79","H,,S","92",",,S","70",",,S"
"DRM00078458","PUERTO PLATA, DR","19.75","-70.55","5.0","2006-07-28","82","H,,S","90",",,S","71",",,S"
"DRM00078458","PUERTO PLATA, DR","19.75","-70.55","5.0","2006-07-29","83","H,,S","90",",,S","71",",,S"
"DRM00078458","PUERTO PLATA, DR","19.75","-70.55","5.0","2006-07-30","80","H,,S","90",",,S","72",",,S"
"DRM00078458","PUERTO PLATA, DR","19.75","-70.55","5.0","2006-07-31","78","H,,S","89",",,S","69",",,S"
"DRM00078458","PUERTO PLATA, DR","19.75","-70.55","5.0","2006-08-01","83","H,,S","92",",,S","69",",,S"
"DRM00078458","PUERTO PLATA, DR","19.75","-70.55","5.0","2006-08-02","82","H,,S","91",",,S","71",",,S"
"DRM00078458","PUERTO PLATA, DR","19.75","-70.55","5.0","2006-08-03","82","H,,S","90",",,S","71",",,S"
"DRM00078458","PUERTO PLATA, DR","19.75","-70.55","5.0","2006-08-04","80","H,,S","90",",,S","72",",,S"
"DRM00078458","PUERTO PLATA, DR","19.75","-70.55","5.0","2006-08-05","82","H,,S","90",",,S","72",",,S"
"DRM00078458","PUERTO PLATA, DR","19.75","-70.55","5.0","2006-08-06","81","H,,S","90",",,S","72",",,S"
"DRM00078458","PUERTO PLATA, DR","19.75","-70.55","5.0","2006-08-07","77","H,,S","88",",,S","71",",,S"
"DRM00078458","PUERTO PLATA, DR","19.75","-70.55","5.0","2006-08-08","82","H,,S",,,,
"DRM00078458","PUERTO PLATA, DR","19.75","-70.55","5.0","2006-08-09","81","H,,S","90",",,S","71",",,S"
"DRM00078458","PUERTO PLATA, DR","19.75","-70.55","5.0","2006-08-10","81","H,,S","90",",,S","71",",,S"
"DRM00078458","PUERTO PLATA, DR","19.75","-70.55","5.0","2006-08-11","82","H,,S","89",",,S","71",",,S"
"DRM00078458","PUERTO PLATA, DR","19.75","-70.55","5.0","2006-08-12","86","H,,S","92",",,S","71",",,S"
"DRM00078458","PUERTO PLATA, DR","19.75","-70.55","5.0","2006-08-13","82","H,,S","91",",,S","69",",,S"
"DRM00078458","PUERTO PLATA, DR","19.75","-70.55","5.0","2006-08-14","81","H,,S","91",",,S","69",",,S"
"DRM00078458","PUERTO PLATA, DR","19.75","-70.55","5.0","2006-08-15","83","H,,S","93",",,S","72",",,S"
"DRM00078458","PUERTO PLATA, DR","19.75","-70.55","5.0","2006-08-16","83","H,,S","93",",,S","73",",,S"
"DRM00078458","PUERTO PLATA, DR","19.75","-70.55","5.0","2006-08-17","82","H,,S","91",",,S","66",",,S"
"DRM00078458","PUERTO PLATA, DR","19.75","-70.55","5.0","2006-08-18","80","H,,S","91",",,S","66",",,S"
"DRM00078458","PUERTO PLATA, DR","19.75","-70.55","5.0","2006-08-19","85","H,,S","90",",,S","63",",O,S"
"DRM00078458","PUERTO PLATA, DR","19.75","-70.55","5.0","2006-08-20","81","H,,S","90",",,S","63",",O,S"
"DRM00078458","PUERTO PLATA, DR","19.75","-70.55","5.0","2006-08-21","83","H,,S","91",",,S","64",",,S"
"DRM00078458","PUERTO PLATA, DR","19.75","-70.55","5.0","2006-08-22","84","H,,S",,,,
"DRM00078458","PUERTO PLATA, DR","19.75","-70.55","5.0","2006-08-23","83","H,,S","93",",,S","73",",,S"
"DRM00078458","PUERTO PLATA, DR","19.75","-70.55","5.0","2006-08-24","79","H,,S","92",",,S","72",",,S"
"DRM00078458","PUERTO PLATA, DR","19.75","-70.55","5.0","2006-08-25","81","H,,S","91",",,S","72",",,S"
"DRM00078458","PUERTO PLATA, DR","19.75","-70.55","5.0","2006-08-26","79","H,,S","89",",,S","71",",,S"
"DRM00078458","PUERTO PLATA, DR","19.75","-70.55","5.0","2006-08-27","77","H,,S","89",",,S","71",",,S"
"DRM00078458","PUERTO PLATA, DR","19.75","-70.55","5.0","2006-08-28","80","H,,S","88",",,S","69",",,S"
"DRM00078458","PUERTO PLATA, DR","19.75","-70.55","5.0","2006-08-29","84","H,,S","92",",,S","77",",,S"
"DRM00078458","PUERTO PLATA, DR","19.75","-70.55","5.0","2006-08-30","83","H,,S","92",",,S","70",",,S"
"DRM00078458","PUERTO PLATA, DR","19.75","-70.55","5.0","2006-08-31","81","H,,S","91",",,S","70",",,S"
"DRM00078458","PUERTO PLATA, DR","19.75","-70.55","5.0","2006-09-01","80","H,,S","89",",,S","68",",,S"
"DRM00078458","PUERTO PLATA, DR","19.75","-70.55","5.0","2006-09-02","82","H,,S","90",",,S","68",",,S"
"DRM00078458","PUERTO PLATA, DR","19.75","-70.55","5.0","2006-09-03","82","H,,S","90",",,S","71",",,S"
"DRM00078458","PUERTO PLATA, DR","19.75","-70.55","5.0","2006-09-04","80","H,,S","94",",,S","72",",,S"
"DRM00078458","PUERTO PLATA, DR","19.75","-70.55","5.0","2006-09-05","82","H,,S","91",",,S","71",",,S"
"DRM00078458","PUERTO PLATA, DR","19.75","-70.55","5.0","2006-09-06","83","H,,S","91",",,S","71",",,S"
"DRM00078458","PUERTO PLATA, DR","19.75","-70.55","5.0","2006-09-07","82","H,,S","93",",,S","71",",,S"
"DRM00078458","PUERTO PLATA, DR","19.75","-70.55","5.0","2006-09-08","83","H,,S","93",",,S","70",",,S"
"DRM00078458","PUERTO PLATA, DR","19.75","-70.55","5.0","2006-09-09","80","H,,S","90",",,S","71",",,S"
"DRM00078458","PUERTO PLATA, DR","19.75","-70.55","5.0","2006-09-10","81","H,,S","90",",,S","72",",,S"
"DRM00078458","PUERTO PLATA, DR","19.75","-70.55","5.0","2006-09-11","81","H,,S","90",",,S","71",",,S"
"DRM00078458","PUERTO PLATA, DR","19.75","-70.55","5.0","2006-09-12","80","H,,S","90",",,S","71",",,S"
"DRM00078458","PUERTO PLATA, DR","19.75","-70.55","5.0","2006-09-13","84","H,,S","92",",,S","71",",,S"
"DRM00078458","PUERTO PLATA, DR","19.75","-70.55","5.0","2006-09-14","83","H,,S","95",",,S","71",",,S"
"DRM00078458","PUERTO PLATA, DR","19.75","-70.55","5.0","2006-09-15","82","H,,S","95",",,S","70",",,S"
"DRM00078458","PUERTO PLATA, DR","19.75","-70.55","5.0","2006-09-16","87","H,,S","97",",,S","70",",,S"
"DRM00078458","PUERTO PLATA, DR","19.75","-70.55","5.0","2006-09-17","82","H,,S","97",",,S","68",",,S"
"DRM00078458","PUERTO PLATA, DR","19.75","-70.55","5.0","2006-09-18","80","H,,S","91",",,S","67",",,S"
"DRM00078458","PUERTO PLATA, DR","19.75","-70.55","5.0","2006-09-19","82","H,,S","94",",,S","67",",,S"
"DRM00078458","PUERTO PLATA, DR","19.75","-70.55","5.0","2006-09-20","81","H,,S","94",",,S","69",",,S"
"DRM00078458","PUERTO PLATA, DR","19.75","-70.55","5.0","2006-09-21","82","H,,S","91",",,S","68",",,S"
"DRM00078458","PUERTO PLATA, DR","19.75","-70.55","5.0","2006-09-22","84","H,,S","92",",,S","69",",,S"
"DRM00078458","PUERTO PLATA, DR","19.75","-70.55","5.0","2006-09-23","80","H,,S","92",",,S","69",",,S"
"DRM00078458","PUERTO PLATA, DR","19.75","-70.55","5.0","2006-09-24","83","H,,S",,,,
"DRM00078458","PUERTO PLATA, DR","19.75","-70.55","5.0","2006-09-25","82","H,,S","93",",,S","69",",,S"
"DRM00078458","PUERTO PLATA, DR","19.75","-70.55","5.0","2006-09-26","82","H,,S","92",",,S","70",",,S"
"DRM00078458","PUERTO PLATA, DR","19.75","-70.55","5.0","2006-09-27","82","H,,S","94",",,S","70",",,S"
"DRM00078458","PUERTO PLATA, DR","19.75","-70.55","5.0","2006-09-28","81","H,,S","93",",,S","69",",,S"
"DRM00078458","PUERTO PLATA, DR","19.75","-70.55","5.0","2006-09-29","82","H,,S","92",",,S","68",",,S"
"DRM00078458","PUERTO PLATA, DR","19.75","-70.55","5.0","2006-09-30","83","H,,S","92",",,S","71",",,S"
"DRM00078458","PUERTO PLATA, DR","19.75","-70.55","5.0","2006-10-01","83","H,,S","92",",,S","71",",,S"
"DRM00078458","PUERTO PLATA, DR","19.75","-70.55","5.0","2006-10-02","85","H,,S",,,,
"DRM00078458","PUERTO PLATA, DR","19.75","-70.55","5.0","2006-10-03","81","H,,S","94",",,S","70",",,S"
"DRM00078458","PUERTO PLATA, DR","19.75","-70.55","5.0","2006-10-04","84","H,,S","94",",,S","71",",,S"
"DRM00078458","PUERTO PLATA, DR","19.75","-70.55","5.0","2006-10-05","81","H,,S",,,,
"DRM00078458","PUERTO PLATA, DR","19.75","-70.55","5.0","2006-10-06","82","H,,S","92",",,S","72",",,S"
"DRM00078458","PUERTO PLATA, DR","19.75","-70.55","5.0","2006-10-07","85","H,,S",,,,
"DRM00078458","PUERTO PLATA, DR","19.75","-70.55","5.0","2006-10-08","82","H,,S",,,,
"DRM00078458","PUERTO PLATA, DR","19.75","-70.55","5.0","2006-10-09","81","H,,S",,,,
"DRM00078458","PUERTO PLATA, DR","19.75","-70.55","5.0","2006-10-10","85","H,,S",,,,
"DRM00078458","PUERTO PLATA, DR","19.75","-70.55","5.0","2006-10-11","79","H,,S",,,,
"DRM00078458","PUERTO PLATA, DR","19.75","-70.55","5.0","2006-10-12","80","H,,S","93",",,S","72",",,S"
"DRM00078458","PUERTO PLATA, DR","19.75","-70.55","5.0","2006-10-13","80","H,,S","90",",,S","72",",,S"
"DRM00078458","PUERTO PLATA, DR","19.75","-70.55","5.0","2006-10-14","80","H,,S","89",",,S","72",",,S"
"DRM00078458","PUERTO PLATA, DR","19.75","-70.55","5.0","2006-10-15","81","H,,S","89",",,S","72",",,S"
"DRM00078458","PUERTO PLATA, DR","19.75","-70.55","5.0","2006-10-16","79","H,,S",,,,
"DRM00078458","PUERTO PLATA, DR","19.75","-70.55","5.0","2006-10-17","77","H,,S",,,,
"DRM00078458","PUERTO PLATA, DR","19.75","-70.55","5.0","2006-10-18","80","H,,S","90",",,S","72",",,S"
"DRM00078458","PUERTO PLATA, DR","19.75","-70.55","5.0","2006-10-19","80","H,,S","88",",,S","75",",,S"
"DRM00078458","PUERTO PLATA, DR","19.75","-70.55","5.0","2006-10-20","80","H,,S","88",",,S","74",",,S"
"DRM00078458","PUERTO PLATA, DR","19.75","-70.55","5.0","2006-10-21","80","H,,S","89",",,S","74",",,S"
"DRM00078458","PUERTO PLATA, DR","19.75","-70.55","5.0","2006-10-22","81","H,,S","89",",,S","74",",,S"
"DRM00078458","PUERTO PLATA, DR","19.75","-70.55","5.0","2006-10-23","81","H,,S","90",",,S","73",",,S"
"DRM00078458","PUERTO PLATA, DR","19.75","-70.55","5.0","2006-10-24","81","H,,S","90",",,S","73",",,S"
"DRM00078458","PUERTO PLATA, DR","19.75","-70.55","5.0","2006-10-25","82","H,,S","88",",,S","76",",,S"
"DRM00078458","PUERTO PLATA, DR","19.75","-70.55","5.0","2006-10-26","81","H,,S","89",",,S","73",",,S"
"DRM00078458","PUERTO PLATA, DR","19.75","-70.55","5.0","2006-10-28","80","H,,S","89",",,S","72",",,S"
"DRM00078458","PUERTO PLATA, DR","19.75","-70.55","5.0","2006-10-29","85","H,,S",,,,
"DRM00078458","PUERTO PLATA, DR","19.75","-70.55","5.0","2006-10-30","82","H,,S","93",",,S","75",",,S"
"DRM00078458","PUERTO PLATA, DR","19.75","-70.55","5.0","2006-10-31","81","H,,S","92",",,S","75",",,S"
"DRM00078458","PUERTO PLATA, DR","19.75","-70.55","5.0","2006-11-01","81","H,,S","91",",,S","72",",,S"
"DRM00078458","PUERTO PLATA, DR","19.75","-70.55","5.0","2006-11-02","81","H,,S","90",",,S","73",",,S"
"DRM00078458","PUERTO PLATA, DR","19.75","-70.55","5.0","2006-11-03","80","H,,S","90",",,S","72",",,S"
"DRM00078458","PUERTO PLATA, DR","19.75","-70.55","5.0","2006-11-04","81","H,,S","90",",,S","72",",,S"
"DRM00078458","PUERTO PLATA, DR","19.75","-70.55","5.0","2006-11-05","80","H,,S","91",",,S","72",",,S"
"DRM00078458","PUERTO PLATA, DR","19.75","-70.55","5.0","2006-11-06","79","H,,S","87",",,S","73",",,S"
"DRM00078458","PUERTO PLATA, DR","19.75","-70.55","5.0","2006-11-07","79","H,,S","88",",,S","71",",,S"
"DRM00078458","PUERTO PLATA, DR","19.75","-70.55","5.0","2006-11-08","81","H,,S",,,,
"DRM00078458","PUERTO PLATA, DR","19.75","-70.55","5.0","2006-11-09","77","H,,S","93",",,S","71",",,S"
"DRM00078458","PUERTO PLATA, DR","19.75","-70.55","5.0","2006-11-10","82","H,,S","90",",,S","72",",,S"
"DRM00078458","PUERTO PLATA, DR","19.75","-70.55","5.0","2006-11-11","80","H,,S",,,,
"DRM00078458","PUERTO PLATA, DR","19.75","-70.55","5.0","2006-11-12","79","H,,S","88",",,S","72",",,S"
"DRM00078458","PUERTO PLATA, DR","19.75","-70.55","5.0","2006-11-13","79","H,,S","87",",,S","72",",,S"
"DRM00078458","PUERTO PLATA, DR","19.75","-70.55","5.0","2006-11-14","80","H,,S","88",",,S","72",",,S"
"DRM00078458","PUERTO PLATA, DR","19.75","-70.55","5.0","2006-11-15","79","H,,S",,,,
"DRM00078458","PUERTO PLATA, DR","19.75","-70.55","5.0","2006-11-16","77","H,,S",,,,
"DRM00078458","PUERTO PLATA, DR","19.75","-70.55","5.0","2006-11-19","78","H,,S",,,,
"DRM00078458","PUERTO PLATA, DR","19.75","-70.55","5.0","2006-11-20","80","H,,S",,,,
"DRM00078458","PUERTO PLATA, DR","19.75","-70.55","5.0","2006-11-21","81","H,,S",,,,
"DRM00078458","PUERTO PLATA, DR","19.75","-70.55","5.0","2006-11-22","78","H,,S","90",",,S","72",",,S"
"DRM00078458","PUERTO PLATA, DR","19.75","-70.55","5.0","2006-11-23","79","H,,S",,,,
"DRM00078458","PUERTO PLATA, DR","19.75","-70.55","5.0","2006-11-24","78","H,,S","91",",,S","72",",,S"
"DRM00078458","PUERTO PLATA, DR","19.75","-70.55","5.0","2006-11-25","80","H,,S","91",",,S","71",",,S"
"DRM00078458","PUERTO PLATA, DR","19.75","-70.55","5.0","2006-11-26","78","H,,S","90",",,S","72",",,S"
"DRM00078458","PUERTO PLATA, DR","19.75","-70.55","5.0","2006-11-27","76","H,,S","90",",,S","72",",,S"
"DRM00078458","PUERTO PLATA, DR","19.75","-70.55","5.0","2006-11-28","71","H,,S","87",",,S","68",",,S"
"DRM00078458","PUERTO PLATA, DR","19.75","-70.55","5.0","2006-11-29","78","H,,S","88",",,S","68",",,S"
"DRM00078458","PUERTO PLATA, DR","19.75","-70.55","5.0","2006-11-30","79","H,,S","90",",,S","71",",,S"
"DRM00078458","PUERTO PLATA, DR","19.75","-70.55","5.0","2006-12-01","77","H,,S","86",",,S","68",",,S"
"DRM00078458","PUERTO PLATA, DR","19.75","-70.55","5.0","2006-12-02","77","H,,S","86",",,S","68",",,S"
"DRM00078458","PUERTO PLATA, DR","19.75","-70.55","5.0","2006-12-03","75","H,,S","87",",,S","69",",,S"
"DRM00078458","PUERTO PLATA, DR","19.75","-70.55","5.0","2006-12-04","76","H,,S","87",",,S","69",",,S"
"DRM00078458","PUERTO PLATA, DR","19.75","-70.55","5.0","2006-12-05","75","H,,S","86",",,S","69",",,S"
"DRM00078458","PUERTO PLATA, DR","19.75","-70.55","5.0","2006-12-06","77","H,,S","86",",,S","69",",,S"
"DRM00078458","PUERTO PLATA, DR","19.75","-70.55","5.0","2006-12-07","78","H,,S","88",",,S","68",",,S"
"DRM00078458","PUERTO PLATA, DR","19.75","-70.55","5.0","2006-12-08","78","H,,S","87",",,S","69",",,S"
"DRM00078458","PUERTO PLATA, DR","19.75","-70.55","5.0","2006-12-09","77","H,,S","90",",,S","68",",,S"
"DRM00078458","PUERTO PLATA, DR","19.75","-70.55","5.0","2006-12-10","79","H,,S","88",",,S","70",",,S"
"DRM00078458","PUERTO PLATA, DR","19.75","-70.55","5.0","2006-12-11","78","H,,S","88",",,S","70",",,S"
"DRM00078458","PUERTO PLATA, DR","19.75","-70.55","5.0","2006-12-12","75","H,,S","87",",,S","71",",,S"
"DRM00078458","PUERTO PLATA, DR","19.75","-70.55","5.0","2006-12-13","77","H,,S","87",",,S","70",",,S"
"DRM00078458","PUERTO PLATA, DR","19.75","-70.55","5.0","2006-12-14","77","H,,S","88",",,S","68",",,S"
"DRM00078458","PUERTO PLATA, DR","19.75","-70.55","5.0","2006-12-15","79","H,,S","90",",,S","70",",,S"
"DRM00078458","PUERTO PLATA, DR","19.75","-70.55","5.0","2006-12-16","79","H,,S","90",",,S","68",",,S"
"DRM00078458","PUERTO PLATA, DR","19.75","-70.55","5.0","2006-12-17","78","H,,S","89",",,S","68",",,S"
"DRM00078458","PUERTO PLATA, DR","19.75","-70.55","5.0","2006-12-18","76","H,,S","88",",,S","68",",,S"
"DRM00078458","PUERTO PLATA, DR","19.75","-70.55","5.0","2006-12-19","77","H,,S","87",",,S","69",",,S"
"DRM00078458","PUERTO PLATA, DR","19.75","-70.55","5.0","2006-12-20","79","H,,S","89",",,S","69",",,S"
"DRM00078458","PUERTO PLATA, DR","19.75","-70.55","5.0","2006-12-21","78","H,,S","90",",,S","69",",,S"
"DRM00078458","PUERTO PLATA, DR","19.75","-70.55","5.0","2006-12-22","76","H,,S","88",",,S","72",",,S"
"DRM00078458","PUERTO PLATA, DR","19.75","-70.55","5.0","2006-12-23","79","H,,S","89",",,S","69",",,S"
"DRM00078458","PUERTO PLATA, DR","19.75","-70.55","5.0","2006-12-24","79","H,,S","89",",,S","69",",,S"
"DRM00078458","PUERTO PLATA, DR","19.75","-70.55","5.0","2006-12-27","77","H,,S","87",",,S","67",",,S"
"DRM00078458","PUERTO PLATA, DR","19.75","-70.55","5.0","2006-12-28","77","H,,S","87",",,S","67",",,S"
"DRM00078458","PUERTO PLATA, DR","19.75","-70.55","5.0","2006-12-29","76","H,,S","87",",,S","66",",,S"
"DRM00078458","PUERTO PLATA, DR","19.75","-70.55","5.0","2006-12-31","76","H,,S","87",",,S","67",",,S"
"DRM00078458","PUERTO PLATA, DR","19.75","-70.55","5.0","2007-01-01","77","H,,S","86",",,S","70",",,S"
"DRM00078458","PUERTO PLATA, DR","19.75","-70.55","5.0","2007-01-02","79","H,,S","88",",,S","68",",,S"
"DRM00078458","PUERTO PLATA, DR","19.75","-70.55","5.0","2007-01-03","75","H,,S","89",",,S","68",",,S"
"DRM00078458","PUERTO PLATA, DR","19.75","-70.55","5.0","2007-01-04","76","H,,S","86",",,S","69",",,S"
"DRM00078458","PUERTO PLATA, DR","19.75","-70.55","5.0","2007-01-05","76","H,,S","85",",,S","69",",,S"
"DRM00078458","PUERTO PLATA, DR","19.75","-70.55","5.0","2007-01-06","75","H,,S","85",",,S","67",",,S"
"DRM00078458","PUERTO PLATA, DR","19.75","-70.55","5.0","2007-01-07","75","H,,S","86",",,S","67",",,S"
"DRM00078458","PUERTO PLATA, DR","19.75","-70.55","5.0","2007-01-08","76","H,,S","85",",,S","68",",,S"
"DRM00078458","PUERTO PLATA, DR","19.75","-70.55","5.0","2007-01-09","75","H,,S","82",",,S","68",",,S"
"DRM00078458","PUERTO PLATA, DR","19.75","-70.55","5.0","2007-01-10","76","H,,S",,,,
"DRM00078458","PUERTO PLATA, DR","19.75","-70.55","5.0","2007-01-11","75","H,,S","85",",,S","69",",,S"
"DRM00078458","PUERTO PLATA, DR","19.75","-70.55","5.0","2007-01-12","73","H,,S",,,,
"DRM00078458","PUERTO PLATA, DR","19.75","-70.55","5.0","2007-01-14","74","H,,S","83",",,S","70",",,S"
"DRM00078458","PUERTO PLATA, DR","19.75","-70.55","5.0","2007-01-15","76","H,,S","84",",,S","68",",,S"
"DRM00078458","PUERTO PLATA, DR","19.75","-70.55","5.0","2007-01-16","75","H,,S","84",",,S","69",",,S"
"DRM00078458","PUERTO PLATA, DR","19.75","-70.55","5.0","2007-01-17","74","H,,S","87",",,S","68",",,S"
"DRM00078458","PUERTO PLATA, DR","19.75","-70.55","5.0","2007-01-18","77","H,,S","85",",,S","68",",,S"
"DRM00078458","PUERTO PLATA, DR","19.75","-70.55","5.0","2007-01-19","74","H,,S","82",",,S","68",",,S"
"DRM00078458","PUERTO PLATA, DR","19.75","-70.55","5.0","2007-01-21","75","H,,S","84",",,S","67",",,S"
"DRM00078458","PUERTO PLATA, DR","19.75","-70.55","5.0","2007-01-22","75","H,,S","85",",,S","65",",,S"
"DRM00078458","PUERTO PLATA, DR","19.75","-70.55","5.0","2007-01-23","75","H,,S","84",",,S","65",",,S"
"DRM00078458","PUERTO PLATA, DR","19.75","-70.55","5.0","2007-01-24","74","H,,S","86",",,S","65",",,S"
"DRM00078458","PUERTO PLATA, DR","19.75","-70.55","5.0","2007-01-25","76","H,,S","86",",,S","64",",,S"
"DRM00078458","PUERTO PLATA, DR","19.75","-70.55","5.0","2007-01-26","80","H,,S","88",",,S","67",",,S"
"DRM00078458","PUERTO PLATA, DR","19.75","-70.55","5.0","2007-01-27","80","H,,S","86",",,S","66",",,S"
"DRM00078458","PUERTO PLATA, DR","19.75","-70.55","5.0","2007-01-28","75","H,,S","89",",,S","66",",,S"
"DRM00078458","PUERTO PLATA, DR","19.75","-70.55","5.0","2007-01-29","77","H,,S","90",",,S","66",",,S"
"DRM00078458","PUERTO PLATA, DR","19.75","-70.55","5.0","2007-01-30","77","H,,S","87",",,S","66",",,S"
"DRM00078458","PUERTO PLATA, DR","19.75","-70.55","5.0","2007-01-31","74","H,,S","87",",,S","65",",,S"
"DRM00078458","PUERTO PLATA, DR","19.75","-70.55","5.0","2007-02-01","78","H,,S","85",",,S","65",",,S"
"DRM00078458","PUERTO PLATA, DR","19.75","-70.55","5.0","2007-02-02","81","H,,S","90",",,S","65",",,S"
"DRM00078458","PUERTO PLATA, DR","19.75","-70.55","5.0","2007-02-04","79","H,,S","89",",,S","69",",,S"
"DRM00078458","PUERTO PLATA, DR","19.75","-70.55","5.0","2007-02-05","78","H,,S","85",",,S","66",",,S"
"DRM00078458","PUERTO PLATA, DR","19.75","-70.55","5.0","2007-02-06","78","H,,S","86",",,S","66",",,S"
"DRM00078458","PUERTO PLATA, DR","19.75","-70.55","5.0","2007-02-07","79","H,,S","87",",,S","66",",,S"
"DRM00078458","PUERTO PLATA, DR","19.75","-70.55","5.0","2007-02-09","81","H,,S","88",",,S","67",",,S"
"DRM00078458","PUERTO PLATA, DR","19.75","-70.55","5.0","2007-02-12","78","H,,S","85",",,S","67",",,S"
"DRM00078458","PUERTO PLATA, DR","19.75","-70.55","5.0","2007-02-13","80","H,,S","87",",,S","67",",,S"
"DRM00078458","PUERTO PLATA, DR","19.75","-70.55","5.0","2007-02-14","82","H,,S",,,,
"DRM00078458","PUERTO PLATA, DR","19.75","-70.55","5.0","2007-02-15","79","H,,S","87",",,S","65",",,S"
"DRM00078458","PUERTO PLATA, DR","19.75","-70.55","5.0","2007-02-16","78","H,,S",,,,
"DRM00078458","PUERTO PLATA, DR","19.75","-70.55","5.0","2007-02-19","74","H,,S","87",",,S","68",",,S"
"DRM00078458","PUERTO PLATA, DR","19.75","-70.55","5.0","2007-02-20","71","H,,S","81",",,S","67",",,S"
"DRM00078458","PUERTO PLATA, DR","19.75","-70.55","5.0","2007-02-21","74","H,,S","83",",,S","66",",,S"
"DRM00078458","PUERTO PLATA, DR","19.75","-70.55","5.0","2007-02-22","75","H,,S","85",",,S","64",",,S"
"DRM00078458","PUERTO PLATA, DR","19.75","-70.55","5.0","2007-02-23","75","H,,S","84",",,S","67",",,S"
"DRM00078458","PUERTO PLATA, DR","19.75","-70.55","5.0","2007-02-24","75","H,,S","88",",,S","67",",,S"
"DRM00078458","PUERTO PLATA, DR","19.75","-70.55","5.0","2007-02-25","76","H,,S","84",",,S","70",",,S"
"DRM00078458","PUERTO PLATA, DR","19.75","-70.55","5.0","2007-02-26","81","H,,S","87",",,S","72",",,S"
"DRM00078458","PUERTO PLATA, DR","19.75","-70.55","5.0","2007-02-27","80","H,,S","92",",,S","69",",,S"
"DRM00078458","PUERTO PLATA, DR","19.75","-70.55","5.0","2007-03-05","80","H,,S","91",",,S","73",",,S"
"DRM00078458","PUERTO PLATA, DR","19.75","-70.55","5.0","2007-03-06","78","H,,S","86",",,S","69",",,S"
"DRM00078458","PUERTO PLATA, DR","19.75","-70.55","5.0","2007-03-07","77","H,,S","88",",,S","69",",,S"
"DRM00078458","PUERTO PLATA, DR","19.75","-70.55","5.0","2007-03-08","77","H,,S","91",",,S","68",",,S"
"DRM00078458","PUERTO PLATA, DR","19.75","-70.55","5.0","2007-03-09","78","H,,S","89",",,S","68",",,S"
"DRM00078458","PUERTO PLATA, DR","19.75","-70.55","5.0","2007-03-10","80","H,,S","86",",,S","69",",,S"
"DRM00078458","PUERTO PLATA, DR","19.75","-70.55","5.0","2007-03-11","76","H,,S","87",",,S","69",",,S"
"DRM00078458","PUERTO PLATA, DR","19.75","-70.55","5.0","2007-03-12","75","H,,S","83",",,S","69",",,S"
"DRM00078458","PUERTO PLATA, DR","19.75","-70.55","5.0","2007-03-13","78","H,,S","84",",,S","68",",,S"
"DRM00078458","PUERTO PLATA, DR","19.75","-70.55","5.0","2007-03-14","77","H,,S","83",",,S","70",",,S"
"DRM00078458","PUERTO PLATA, DR","19.75","-70.55","5.0","2007-03-15","76","H,,S","85",",,S","66",",,S"
"DRM00078458","PUERTO PLATA, DR","19.75","-70.55","5.0","2007-03-16","76","H,,S","85",",,S","66",",,S"
"DRM00078458","PUERTO PLATA, DR","19.75","-70.55","5.0","2007-03-17","79","H,,S",,,,
"DRM00078458","PUERTO PLATA, DR","19.75","-70.55","5.0","2007-03-18","75","H,,S",,,,
"DRM00078458","PUERTO PLATA, DR","19.75","-70.55","5.0","2007-03-19","76","H,,S","84",",,S","69",",,S"
"DRM00078458","PUERTO PLATA, DR","19.75","-70.55","5.0","2007-03-20","76","H,,S","85",",,S","69",",,S"
"DRM00078458","PUERTO PLATA, DR","19.75","-70.55","5.0","2007-03-21","76","H,,S","85",",,S","68",",,S"
"DRM00078458","PUERTO PLATA, DR","19.75","-70.55","5.0","2007-03-22","75","H,,S","82",",,S","67",",,S"
"DRM00078458","PUERTO PLATA, DR","19.75","-70.55","5.0","2007-03-23","74","H,,S","85",",,S","67",",,S"
"DRM00078458","PUERTO PLATA, DR","19.75","-70.55","5.0","2007-03-24","74","H,,S","85",",,S","67",",,S"
"DRM00078458","PUERTO PLATA, DR","19.75","-70.55","5.0","2007-03-25","74","H,,S","85",",,S","66",",,S"
"DRM00078458","PUERTO PLATA, DR","19.75","-70.55","5.0","2007-03-26","74","H,,S","83",",,S","67",",,S"
"DRM00078458","PUERTO PLATA, DR","19.75","-70.55","5.0","2007-03-27","73","H,,S","83",",,S","65",",,S"
"DRM00078458","PUERTO PLATA, DR","19.75","-70.55","5.0","2007-03-28","74","H,,S","82",",,S","69",",,S"
"DRM00078458","PUERTO PLATA, DR","19.75","-70.55","5.0","2007-03-29","74","H,,S",,,,
"DRM00078458","PUERTO PLATA, DR","19.75","-70.55","5.0","2007-03-30","77","H,,S","82",",,S","69",",,S"
"DRM00078458","PUERTO PLATA, DR","19.75","-70.55","5.0","2007-03-31","76","H,,S","82",",,S","67",",,S"
"DRM00078458","PUERTO PLATA, DR","19.75","-70.55","5.0","2007-04-01","76","H,,S","82",",,S","67",",,S"
"DRM00078458","PUERTO PLATA, DR","19.75","-70.55","5.0","2007-04-02","73","H,,S","82",",,S","66",",,S"
"DRM00078458","PUERTO PLATA, DR","19.75","-70.55","5.0","2007-04-03","76","H,,S","84",",,S","63",",,S"
"DRM00078458","PUERTO PLATA, DR","19.75","-70.55","5.0","2007-04-04","76","H,,S","84",",,S","68",",,S"
"DRM00078458","PUERTO PLATA, DR","19.75","-70.55","5.0","2007-04-05","79","H,,S","85",",,S","66",",,S"
"DRM00078458","PUERTO PLATA, DR","19.75","-70.55","5.0","2007-04-06","80","H,,S","90",",,S","67",",,S"
"DRM00078458","PUERTO PLATA, DR","19.75","-70.55","5.0","2007-04-07","74","H,,S",,,,
"DRM00078458","PUERTO PLATA, DR","19.75","-70.55","5.0","2007-04-08","78","H,,S","86",",,S","69",",,S"
"DRM00078458","PUERTO PLATA, DR","19.75","-70.55","5.0","2007-04-10","79","H,,S","88",",,S","74",",,S"
"DRM00078458","PUERTO PLATA, DR","19.75","-70.55","5.0","2007-04-11","81","H,,S","88",",,S","72",",,S"
"DRM00078458","PUERTO PLATA, DR","19.75","-70.55","5.0","2007-04-12","80","H,,S","89",",,S","69",",,S"
"DRM00078458","PUERTO PLATA, DR","19.75","-70.55","5.0","2007-04-13","80","H,,S",,,,
"DRM00078458","PUERTO PLATA, DR","19.75","-70.55","5.0","2007-04-14","81","H,,S","87",",,S","68",",,S"
"DRM00078458","PUERTO PLATA, DR","19.75","-70.55","5.0","2007-04-15","79","H,,S","88",",,S","68",",,S"
"DRM00078458","PUERTO PLATA, DR","19.75","-70.55","5.0","2007-04-16","78","H,,S","89",",,S","68",",,S"
"DRM00078458","PUERTO PLATA, DR","19.75","-70.55","5.0","2007-04-17","76","H,,S","80",",,S","73",",,S"
"DRM00078458","PUERTO PLATA, DR","19.75","-70.55","5.0","2007-04-18","78","H,,S","87",",,S","71",",,S"
"DRM00078458","PUERTO PLATA, DR","19.75","-70.55","5.0","2007-04-19","80","H,,S","88",",,S","70",",,S"
"DRM00078458","PUERTO PLATA, DR","19.75","-70.55","5.0","2007-04-20","81","H,,S","88",",,S","70",",,S"
"DRM00078458","PUERTO PLATA, DR","19.75","-70.55","5.0","2007-04-21","78","H,,S","86",",,S","70",",,S"
"DRM00078458","PUERTO PLATA, DR","19.75","-70.55","5.0","2007-04-22","73","H,,S","86",",,S","70",",,S"
"DRM00078458","PUERTO PLATA, DR","19.75","-70.55","5.0","2007-04-23","74","H,,S","79",",,S","68",",,S"
"DRM00078458","PUERTO PLATA, DR","19.75","-70.55","5.0","2007-04-24","72","H,,S","80",",,S","68",",,S"
"DRM00078458","PUERTO PLATA, DR","19.75","-70.55","5.0","2007-04-25","75","H,,S","80",",,S","68",",,S"
"DRM00078458","PUERTO PLATA, DR","19.75","-70.55","5.0","2007-04-26","75","H,,S",,,,
"DRM00078458","PUERTO PLATA, DR","19.75","-70.55","5.0","2007-04-27","79","H,,S","89",",,S","68",",,S"
"DRM00078458","PUERTO PLATA, DR","19.75","-70.55","5.0","2007-04-28","80","H,,S","89",",,S","68",",,S"
"DRM00078458","PUERTO PLATA, DR","19.75","-70.55","5.0","2007-04-29","81","H,,S","87",",,S","70",",,S"
"DRM00078458","PUERTO PLATA, DR","19.75","-70.55","5.0","2007-04-30","80","H,,S","89",",,S","70",",,S"
"DRM00078458","PUERTO PLATA, DR","19.75","-70.55","5.0","2007-05-01","82","H,,S","87",",,S","68",",,S"
"DRM00078458","PUERTO PLATA, DR","19.75","-70.55","5.0","2007-05-02","79","H,,S","88",",,S","72",",,S"
"DRM00078458","PUERTO PLATA, DR","19.75","-70.55","5.0","2007-05-03","80","H,,S","91",",,S","72",",,S"
"DRM00078458","PUERTO PLATA, DR","19.75","-70.55","5.0","2007-05-04","79","H,,S","91",",,S","72",",,S"
"DRM00078458","PUERTO PLATA, DR","19.75","-70.55","5.0","2007-05-06","76","H,,S","86",",,S","71",",,S"
"DRM00078458","PUERTO PLATA, DR","19.75","-70.55","5.0","2007-05-07","78","H,,S","88",",,S","71",",,S"
"DRM00078458","PUERTO PLATA, DR","19.75","-70.55","5.0","2007-05-08","79","H,,S","89",",,S","71",",,S"
"DRM00078458","PUERTO PLATA, DR","19.75","-70.55","5.0","2007-05-09","78","H,,S","89",",,S","71",",,S"
"DRM00078458","PUERTO PLATA, DR","19.75","-70.55","5.0","2007-05-10","78","H,,S","85",",,S","71",",,S"
"DRM00078458","PUERTO PLATA, DR","19.75","-70.55","5.0","2007-05-11","79","H,,S","91",",,S","70",",,S"
"DRM00078458","PUERTO PLATA, DR","19.75","-70.55","5.0","2007-05-12","81","H,,S","91",",,S","70",",,S"
"DRM00078458","PUERTO PLATA, DR","19.75","-70.55","5.0","2007-05-13","77","H,,S",,,,
"DRM00078458","PUERTO PLATA, DR","19.75","-70.55","5.0","2007-05-14","81","H,,S","90",",,S","69",",,S"
"DRM00078458","PUERTO PLATA, DR","19.75","-70.55","5.0","2007-05-15","80","H,,S","90",",,S","72",",,S"
"DRM00078458","PUERTO PLATA, DR","19.75","-70.55","5.0","2007-05-16","80","H,,S","90",",,S","73",",,S"
"DRM00078458","PUERTO PLATA, DR","19.75","-70.55","5.0","2007-05-17","85","H,,S","92",",,S","71",",,S"
"DRM00078458","PUERTO PLATA, DR","19.75","-70.55","5.0","2007-05-18","81","H,,S","92",",,S","71",",,S"
"DRM00078458","PUERTO PLATA, DR","19.75","-70.55","5.0","2007-05-19","83","H,,S","95",",,S","71",",,S"
"DRM00078458","PUERTO PLATA, DR","19.75","-70.55","5.0","2007-05-20","80","H,,S","95",",,S","71",",,S"
"DRM00078458","PUERTO PLATA, DR","19.75","-70.55","5.0","2007-05-21","83","H,,S","91",",,S","73",",,S"
"DRM00078458","PUERTO PLATA, DR","19.75","-70.55","5.0","2007-05-22","80","H,,S","92",",,S","73",",,S"
"DRM00078458","PUERTO PLATA, DR","19.75","-70.55","5.0","2007-05-23","77","H,,S","92",",,S","70",",,S"
"DRM00078458","PUERTO PLATA, DR","19.75","-70.55","5.0","2007-05-24","79","H,,S","91",",,S","70",",,S"
"DRM00078458","PUERTO PLATA, DR","19.75","-70.55","5.0","2007-05-25","81","H,,S","87",",,S","69",",,S"
"DRM00078458","PUERTO PLATA, DR","19.75","-70.55","5.0","2007-05-26","78","H,,S","90",",,S","69",",,S"
"DRM00078458","PUERTO PLATA, DR","19.75","-70.55","5.0","2007-05-27","77","H,,S","90",",,S","70",",,S"
"DRM00078458","PUERTO PLATA, DR","19.75","-70.55","5.0","2007-05-28","77","H,,S","85",",,S","70",",,S"
"DRM00078458","PUERTO PLATA, DR","19.75","-70.55","5.0","2007-05-29","79","H,,S","86",",,S","71",",,S"
"DRM00078458","PUERTO PLATA, DR","19.75","-70.55","5.0","2007-05-30","77","H,,S","87",",,S","71",",,S"
"DRM00078458","PUERTO PLATA, DR","19.75","-70.55","5.0","2007-05-31","79","H,,S","85",",,S","71",",,S"
"DRM00078458","PUERTO PLATA, DR","19.75","-70.55","5.0","2007-06-01","79","H,,S",,,,
"DRM00078458","PUERTO PLATA, DR","19.75","-70.55","5.0","2007-06-02","85","H,,S","92",",,S","74",",,S"
"DRM00078458","PUERTO PLATA, DR","19.75","-70.55","5.0","2007-06-03","83","H,,S","93",",,S","74",",,S"
"DRM00078458","PUERTO PLATA, DR","19.75","-70.55","5.0","2007-06-04","83","H,,S","94",",,S","73",",,S"
"DRM00078458","PUERTO PLATA, DR","19.75","-70.55","5.0","2007-06-05","85","H,,S","93",",,S","69",",,S"
"DRM00078458","PUERTO PLATA, DR","19.75","-70.55","5.0","2007-06-06","84","H,,S","93",",,S","68",",,S"
"DRM00078458","PUERTO PLATA, DR","19.75","-70.55","5.0","2007-06-07","81","H,,S","92",",,S","72",",,S"
"DRM00078458","PUERTO PLATA, DR","19.75","-70.55","5.0","2007-06-08","80","H,,S","91",",,S","72",",,S"
"DRM00078458","PUERTO PLATA, DR","19.75","-70.55","5.0","2007-06-09","83","H,,S","89",",,S","71",",,S"
"DRM00078458","PUERTO PLATA, DR","19.75","-70.55","5.0","2007-06-10","80","H,,S","89",",,S","71",",,S"
"DRM00078458","PUERTO PLATA, DR","19.75","-70.55","5.0","2007-06-11","79","H,,S","90",",,S","71",",,S"
"DRM00078458","PUERTO PLATA, DR","19.75","-70.55","5.0","2007-06-12","79","H,,S","87",",,S","69",",,S"
"DRM00078458","PUERTO PLATA, DR","19.75","-70.55","5.0","2007-06-13","79","H,,S","90",",,S","68",",,S"
"DRM00078458","PUERTO PLATA, DR","19.75","-70.55","5.0","2007-06-14","81","H,,S","90",",,S","68",",,S"
"DRM00078458","PUERTO PLATA, DR","19.75","-70.55","5.0","2007-06-15","79","H,,S","90",",,S","68",",,S"
"DRM00078458","PUERTO PLATA, DR","19.75","-70.55","5.0","2007-06-16","84","H,,S","96",",,S","74",",,S"
"DRM00078458","PUERTO PLATA, DR","19.75","-70.55","5.0","2007-06-17","83","H,,S","94",",,S","74",",,S"
"DRM00078458","PUERTO PLATA, DR","19.75","-70.55","5.0","2007-06-18","84","H,,S","90",",,S","75",",,S"
"DRM00078458","PUERTO PLATA, DR","19.75","-70.55","5.0","2007-06-19","84","H,,S","90",",,S","73",",,S"
"DRM00078458","PUERTO PLATA, DR","19.75","-70.55","5.0","2007-06-20","83","H,,S","90",",,S","73",",,S"
"DRM00078458","PUERTO PLATA, DR","19.75","-70.55","5.0","2007-06-21","83","H,,S","91",",,S","73",",,S"
"DRM00078458","PUERTO PLATA, DR","19.75","-70.55","5.0","2007-06-22","83","H,,S","95",",,S","74",",,S"
"DRM00078458","PUERTO PLATA, DR","19.75","-70.55","5.0","2007-06-23","83","H,,S","95",",,S","74",",,S"
"DRM00078458","PUERTO PLATA, DR","19.75","-70.55","5.0","2007-06-24","84","H,,S","90",",,S","73",",,S"
"DRM00078458","PUERTO PLATA, DR","19.75","-70.55","5.0","2007-06-25","82","H,,S","90",",,S","72",",,S"
"DRM00078458","PUERTO PLATA, DR","19.75","-70.55","5.0","2007-06-26","82","H,,S","90",",,S","73",",,S"
"DRM00078458","PUERTO PLATA, DR","19.75","-70.55","5.0","2007-06-27","81","H,,S","90",",,S","70",",,S"
"DRM00078458","PUERTO PLATA, DR","19.75","-70.55","5.0","2007-06-28","83","H,,S","90",",,S","70",",,S"
"DRM00078458","PUERTO PLATA, DR","19.75","-70.55","5.0","2007-06-29","82","H,,S","91",",,S","73",",,S"
"DRM00078458","PUERTO PLATA, DR","19.75","-70.55","5.0","2007-07-01","83","H,,S","93",",,S","76",",,S"
"DRM00078458","PUERTO PLATA, DR","19.75","-70.55","5.0","2007-07-02","84","H,,S","94",",,S","76",",,S"
"DRM00078458","PUERTO PLATA, DR","19.75","-70.55","5.0","2007-07-03","84","H,,S","91",",,S","74",",,S"
"DRM00078458","PUERTO PLATA, DR","19.75","-70.55","5.0","2007-07-04","84","H,,S","91",",,S","75",",,S"
"DRM00078458","PUERTO PLATA, DR","19.75","-70.55","5.0","2007-07-05","82","H,,S","91",",,S","74",",,S"
"DRM00078458","PUERTO PLATA, DR","19.75","-70.55","5.0","2007-07-06","82","H,,S","93",",,S","74",",,S"
"DRM00078458","PUERTO PLATA, DR","19.75","-70.55","5.0","2007-07-08","81","H,,S","92",",,S","74",",,S"
"DRM00078458","PUERTO PLATA, DR","19.75","-70.55","5.0","2007-07-09","82","H,,S","92",",,S","74",",,S"
"DRM00078458","PUERTO PLATA, DR","19.75","-70.55","5.0","2007-07-10","83","H,,S","91",",,S","73",",,S"
"DRM00078458","PUERTO PLATA, DR","19.75","-70.55","5.0","2007-07-11","81","H,,S","89",",,S","74",",,S"
"DRM00078458","PUERTO PLATA, DR","19.75","-70.55","5.0","2007-07-12","83","H,,S","91",",,S","74",",,S"
"DRM00078458","PUERTO PLATA, DR","19.75","-70.55","5.0","2007-07-13","83","H,,S","93",",,S","74",",,S"
"DRM00078458","PUERTO PLATA, DR","19.75","-70.55","5.0","2007-07-14","82","H,,S","93",",,S","74",",,S"
"DRM00078458","PUERTO PLATA, DR","19.75","-70.55","5.0","2007-07-15","82","H,,S","91",",,S","73",",,S"
"DRM00078458","PUERTO PLATA, DR","19.75","-70.55","5.0","2007-07-16","84","H,,S","90",",,S","74",",,S"
"DRM00078458","PUERTO PLATA, DR","19.75","-70.55","5.0","2007-07-17","81","H,,S","90",",,S","71",",,S"
"DRM00078458","PUERTO PLATA, DR","19.75","-70.55","5.0","2007-07-18","81","H,,S","88",",,S","71",",,S"
"DRM00078458","PUERTO PLATA, DR","19.75","-70.55","5.0","2007-07-19","81","H,,S","90",",,S","72",",,S"
"DRM00078458","PUERTO PLATA, DR","19.75","-70.55","5.0","2007-07-21","81","H,,S","90",",,S","74",",,S"
"DRM00078458","PUERTO PLATA, DR","19.75","-70.55","5.0","2007-07-22","82","H,,S","90",",,S","72",",,S"
"DRM00078458","PUERTO PLATA, DR","19.75","-70.55","5.0","2007-07-23","80","H,,S","90",",,S","72",",,S"
"DRM00078458","PUERTO PLATA, DR","19.75","-70.55","5.0","2007-07-24","82","H,,S","90",",,S","74",",,S"
"DRM00078458","PUERTO PLATA, DR","19.75","-70.55","5.0","2007-07-25","85","H,,S","92",",,S","74",",,S"
"DRM00078458","PUERTO PLATA, DR","19.75","-70.55","5.0","2007-07-26","82","H,,S","92",",,S","73",",,S"
"DRM00078458","PUERTO PLATA, DR","19.75","-70.55","5.0","2007-07-27","82","H,,S","91",",,S","73",",,S"
"DRM00078458","PUERTO PLATA, DR","19.75","-70.55","5.0","2007-07-28","83","H,,S","91",",,S","74",",,S"
"DRM00078458","PUERTO PLATA, DR","19.75","-70.55","5.0","2007-07-29","80","H,,S","92",",,S","68",",,S"
"DRM00078458","PUERTO PLATA, DR","19.75","-70.55","5.0","2007-07-30","80","H,,S","92",",,S","68",",,S"
"DRM00078458","PUERTO PLATA, DR","19.75","-70.55","5.0","2007-07-31","84","H,,S","91",",,S","72",",,S"
"DRM00078458","PUERTO PLATA, DR","19.75","-70.55","5.0","2007-08-01","85","H,,S","90",",,S","75",",,S"
"DRM00078458","PUERTO PLATA, DR","19.75","-70.55","5.0","2007-08-02","83","H,,S","93",",,S","73",",,S"
"DRM00078458","PUERTO PLATA, DR","19.75","-70.55","5.0","2007-08-03","83","H,,S","93",",,S","73",",,S"
"DRM00078458","PUERTO PLATA, DR","19.75","-70.55","5.0","2007-08-04","85","H,,S",,,,
"DRM00078458","PUERTO PLATA, DR","19.75","-70.55","5.0","2007-08-05","80","H,,S","92",",,S","76",",,S"
"DRM00078458","PUERTO PLATA, DR","19.75","-70.55","5.0","2007-08-06","81","H,,S","91",",,S","74",",,S"
"DRM00078458","PUERTO PLATA, DR","19.75","-70.55","5.0","2007-08-07","84","H,,S","91",",,S","71",",,S"
"DRM00078458","PUERTO PLATA, DR","19.75","-70.55","5.0","2007-08-08","83","H,,S","92",",,S","71",",,S"
"DRM00078458","PUERTO PLATA, DR","19.75","-70.55","5.0","2007-08-09","81","H,,S",,,,
"DRM00078458","PUERTO PLATA, DR","19.75","-70.55","5.0","2007-08-10","82","H,,S",,,,
"DRM00078458","PUERTO PLATA, DR","19.75","-70.55","5.0","2007-08-11","80","H,,S",,,,
"DRM00078458","PUERTO PLATA, DR","19.75","-70.55","5.0","2007-08-12","84","H,,S","92",",,S","74",",,S"
"DRM00078458","PUERTO PLATA, DR","19.75","-70.55","5.0","2007-08-13","84","H,,S","92",",,S","74",",,S"
"DRM00078458","PUERTO PLATA, DR","19.75","-70.55","5.0","2007-08-14","82","H,,S","91",",,S","72",",,S"
"DRM00078458","PUERTO PLATA, DR","19.75","-70.55","5.0","2007-08-15","84","H,,S","92",",,S","72",",,S"
"DRM00078458","PUERTO PLATA, DR","19.75","-70.55","5.0","2007-08-16","81","H,,S","92",",,S","73",",,S"
"DRM00078458","PUERTO PLATA, DR","19.75","-70.55","5.0","2007-08-17","85","H,,S","95",",,S","75",",,S"
"DRM00078458","PUERTO PLATA, DR","19.75","-70.55","5.0","2007-08-18","81","H,,S","95",",,S","75",",,S"
"DRM00078458","PUERTO PLATA, DR","19.75","-70.55","5.0","2007-08-19","81","H,,S","90",",,S","75",",,S"
"DRM00078458","PUERTO PLATA, DR","19.75","-70.55","5.0","2007-08-20","81","H,,S","90",",,S","73",",,S"
"DRM00078458","PUERTO PLATA, DR","19.75","-70.55","5.0","2007-08-22","83","H,,S","94",",,S","72",",,S"
"DRM00078458","PUERTO PLATA, DR","19.75","-70.55","5.0","2007-08-23","81","H,,S","94",",,S","72",",,S"
"DRM00078458","PUERTO PLATA, DR","19.75","-70.55","5.0","2007-08-24","82","H,,S","92",",,S","72",",,S"
"DRM00078458","PUERTO PLATA, DR","19.75","-70.55","5.0","2007-08-25","83","H,,S","91",",,S","69",",,S"
"DRM00078458","PUERTO PLATA, DR","19.75","-70.55","5.0","2007-08-26","81","H,,S","91",",,S","72",",,S"
"DRM00078458","PUERTO PLATA, DR","19.75","-70.55","5.0","2007-08-27","81","H,,S","90",",,S","72",",,S"
"DRM00078458","PUERTO PLATA, DR","19.75","-70.55","5.0","2007-08-29","82","H,,S","89",",,S","73",",,S"
"DRM00078458","PUERTO PLATA, DR","19.75","-70.55","5.0","2007-08-30","80","H,,S","90",",,S","73",",,S"
"DRM00078458","PUERTO PLATA, DR","19.75","-70.55","5.0","2007-08-31","85","H,,S","94",",,S","74",",,S"
"DRM00078458","PUERTO PLATA, DR","19.75","-70.55","5.0","2007-09-01","82","H,,S","94",",,S","74",",,S"
"DRM00078458","PUERTO PLATA, DR","19.75","-70.55","5.0","2007-09-02","82","H,,S","93",",,S","73",",,S"
"DRM00078458","PUERTO PLATA, DR","19.75","-70.55","5.0","2007-09-03","82","H,,S","91",",,S","75",",,S"
"DRM00078458","PUERTO PLATA, DR","19.75","-70.55","5.0","2007-09-04","83","H,,S",,,,
"DRM00078458","PUERTO PLATA, DR","19.75","-70.55","5.0","2007-09-05","84","H,,S","91",",,S","72",",,S"
"DRM00078458","PUERTO PLATA, DR","19.75","-70.55","5.0","2007-09-06","82","H,,S","91",",,S","73",",,S"
"DRM00078458","PUERTO PLATA, DR","19.75","-70.55","5.0","2007-09-07","82","H,,S","97",",,S","72",",,S"
"DRM00078458","PUERTO PLATA, DR","19.75","-70.55","5.0","2007-09-08","83","H,,S","97",",,S","72",",,S"
"DRM00078458","PUERTO PLATA, DR","19.75","-70.55","5.0","2007-09-09","82","H,,S","93",",,S","73",",,S"
"DRM00078458","PUERTO PLATA, DR","19.75","-70.55","5.0","2007-09-10","83","H,,S","90",",,S","74",",,S"
"DRM00078458","PUERTO PLATA, DR","19.75","-70.55","5.0","2007-09-12","85","H,,S","92",",,S","72",",,S"
"DRM00078458","PUERTO PLATA, DR","19.75","-70.55","5.0","2007-09-13","83","H,,S","92",",,S","72",",,S"
"DRM00078458","PUERTO PLATA, DR","19.75","-70.55","5.0","2007-09-14","83","H,,S","91",",,S","75",",,S"
"DRM00078458","PUERTO PLATA, DR","19.75","-70.55","5.0","2007-09-15","81","H,,S","91",",,S","74",",,S"
"DRM00078458","PUERTO PLATA, DR","19.75","-70.55","5.0","2007-09-16","82","H,,S","93",",,S","74",",,S"
"DRM00078458","PUERTO PLATA, DR","19.75","-70.55","5.0","2007-09-17","79","H,,S","93",",,S","71",",,S"
"DRM00078458","PUERTO PLATA, DR","19.75","-70.55","5.0","2007-09-18","81","H,,S","91",",,S","69",",,S"
"DRM00078458","PUERTO PLATA, DR","19.75","-70.55","5.0","2007-09-19","82","H,,S","91",",,S","69",",,S"
"DRM00078458","PUERTO PLATA, DR","19.75","-70.55","5.0","2007-09-20","80","H,,S","90",",,S","71",",,S"
"DRM00078458","PUERTO PLATA, DR","19.75","-70.55","5.0","2007-09-21","83","H,,S","95",",,S","71",",,S"
"DRM00078458","PUERTO PLATA, DR","19.75","-70.55","5.0","2007-09-22","83","H,,S","91",",,S","74",",,S"
"DRM00078458","PUERTO PLATA, DR","19.75","-70.55","5.0","2007-09-23","80","H,,S","93",",,S","73",",,S"
"DRM00078458","PUERTO PLATA, DR","19.75","-70.55","5.0","2007-09-24","82","H,,S","94",",,S","73",",,S"
"DRM00078458","PUERTO PLATA, DR","19.75","-70.55","5.0","2007-09-25","81","H,,S","94",",,S","73",",,S"
"DRM00078458","PUERTO PLATA, DR","19.75","-70.55","5.0","2007-09-26","83","H,,S","93",",,S","73",",,S"
"DRM00078458","PUERTO PLATA, DR","19.75","-70.55","5.0","2007-09-27","79","H,,S",,,,
"DRM00078458","PUERTO PLATA, DR","19.75","-70.55","5.0","2007-09-28","83","H,,S",,,,
"DRM00078458","PUERTO PLATA, DR","19.75","-70.55","5.0","2007-09-29","85","H,,S","92",",,S","71",",,S"
"DRM00078458","PUERTO PLATA, DR","19.75","-70.55","5.0","2007-09-30","82","H,,S","93",",,S","73",",,S"
"DRM00078458","PUERTO PLATA, DR","19.75","-70.55","5.0","2007-10-01","80","H,,S","94",",,S","74",",,S"
"DRM00078458","PUERTO PLATA, DR","19.75","-70.55","5.0","2007-10-02","80","H,,S","93",",,S","73",",,S"
"DRM00078458","PUERTO PLATA, DR","19.75","-70.55","5.0","2007-10-03","81","H,,S","93",",,S","73",",,S"
"DRM00078458","PUERTO PLATA, DR","19.75","-70.55","5.0","2007-10-04","80","H,,S","90",",,S","74",",,S"
"DRM00078458","PUERTO PLATA, DR","19.75","-70.55","5.0","2007-10-05","81","H,,S","91",",,S","71",",,S"
"DRM00078458","PUERTO PLATA, DR","19.75","-70.55","5.0","2007-10-06","78","H,,S",,,,
"DRM00078458","PUERTO PLATA, DR","19.75","-70.55","5.0","2007-10-07","79","H,,S","87",",,S","71",",,S"
"DRM00078458","PUERTO PLATA, DR","19.75","-70.55","5.0","2007-10-08","79","H,,S","88",",,S","73",",,S"
"DRM00078458","PUERTO PLATA, DR","19.75","-70.55","5.0","2007-10-09","79","H,,S","88",",,S","73",",,S"
"DRM00078458","PUERTO PLATA, DR","19.75","-70.55","5.0","2007-10-10","77","H,,S","89",",,S","72",",,S"
"DRM00078458","PUERTO PLATA, DR","19.75","-70.55","5.0","2007-10-11","80","H,,S","90",",,S","72",",,S"
"DRM00078458","PUERTO PLATA, DR","19.75","-70.55","5.0","2007-10-12","81","H,,S","90",",,S","72",",,S"
"DRM00078458","PUERTO PLATA, DR","19.75","-70.55","5.0","2007-10-13","84","H,,S","94",",,S","72",",,S"
"DRM00078458","PUERTO PLATA, DR","19.75","-70.55","5.0","2007-10-14","82","H,,S","95",",,S","72",",,S"
"DRM00078458","PUERTO PLATA, DR","19.75","-70.55","5.0","2007-10-15","84","H,,S","94",",,S","72",",,S"
"DRM00078458","PUERTO PLATA, DR","19.75","-70.55","5.0","2007-10-16","76","H,,S",,,,
"DRM00078458","PUERTO PLATA, DR","19.75","-70.55","5.0","2007-10-17","81","H,,S","92",",,S","74",",,S"
"DRM00078458","PUERTO PLATA, DR","19.75","-70.55","5.0","2007-10-18","83","H,,S","92",",,S","74",",,S"
"DRM00078458","PUERTO PLATA, DR","19.75","-70.55","5.0","2007-10-19","78","H,,S","94",",,S","73",",,S"
"DRM00078458","PUERTO PLATA, DR","19.75","-70.55","5.0","2007-10-20","81","H,,S","92",",,S","72",",,S"
"DRM00078458","PUERTO PLATA, DR","19.75","-70.55","5.0","2007-10-21","81","H,,S","90",",,S","72",",,S"
"DRM00078458","PUERTO PLATA, DR","19.75","-70.55","5.0","2007-10-22","78","H,,S","91",",,S","72",",,S"
"DRM00078458","PUERTO PLATA, DR","19.75","-70.55","5.0","2007-10-23","78","H,,S","92",",,S","71",",,S"
"DRM00078458","PUERTO PLATA, DR","19.75","-70.55","5.0","2007-10-24","80","H,,S","90",",,S","71",",,S"
"DRM00078458","PUERTO PLATA, DR","19.75","-70.55","5.0","2007-10-25","82","H,,S","91",",,S","71",",,S"
"DRM00078458","PUERTO PLATA, DR","19.75","-70.55","5.0","2007-10-26","78","H,,S","91",",,S","72",",,S"
"DRM00078458","PUERTO PLATA, DR","19.75","-70.55","5.0","2007-10-27","77","H,,S","91",",,S","73",",,S"
"DRM00078458","PUERTO PLATA, DR","19.75","-70.55","5.0","2007-10-28","77","H,,S","86",",,S","73",",,S"
"DRM00078458","PUERTO PLATA, DR","19.75","-70.55","5.0","2007-10-29","76","H,,S","86",",,S","73",",,S"
"DRM00078458","PUERTO PLATA, DR","19.75","-70.55","5.0","2007-10-30","75","H,,S","86",",,S","69",",,S"
"DRM00078458","PUERTO PLATA, DR","19.75","-70.55","5.0","2007-10-31","77","H,,S",,,,
"DRM00078458","PUERTO PLATA, DR","19.75","-70.55","5.0","2007-11-01","81","H,,S","88",",,S","72",",,S"
"DRM00078458","PUERTO PLATA, DR","19.75","-70.55","5.0","2007-11-02","83","H,,S","91",",,S","76",",,S"
"DRM00078458","PUERTO PLATA, DR","19.75","-70.55","5.0","2007-11-03","82","H,,S","91",",,S","74",",,S"
"DRM00078458","PUERTO PLATA, DR","19.75","-70.55","5.0","2007-11-04","80","H,,S","91",",,S","73",",,S"
"DRM00078458","PUERTO PLATA, DR","19.75","-70.55","5.0","2007-11-05","78","H,,S",,,,
"DRM00078458","PUERTO PLATA, DR","19.75","-70.55","5.0","2007-11-06","80","H,,S","89",",,S","72",",,S"
"DRM00078458","PUERTO PLATA, DR","19.75","-70.55","5.0","2007-11-07","79","H,,S","89",",,S","71",",,S"
"DRM00078458","PUERTO PLATA, DR","19.75","-70.55","5.0","2007-11-08","80","H,,S","89",",,S","71",",,S"
"DRM00078458","PUERTO PLATA, DR","19.75","-70.55","5.0","2007-11-09","78","H,,S","86",",,S","72",",,S"
"DRM00078458","PUERTO PLATA, DR","19.75","-70.55","5.0","2007-11-10","76","H,,S","86",",,S","71",",,S"
"DRM00078458","PUERTO PLATA, DR","19.75","-70.55","5.0","2007-11-11","75","H,,S","86",",,S","71",",,S"
"DRM00078458","PUERTO PLATA, DR","19.75","-70.55","5.0","2007-11-12","78","H,,S","92",",,S","72",",,S"
"DRM00078458","PUERTO PLATA, DR","19.75","-70.55","5.0","2007-11-13","76","H,,S","90",",,S","72",",,S"
"DRM00078458","PUERTO PLATA, DR","19.75","-70.55","5.0","2007-11-14","77","H,,S","86",",,S","70",",,S"
"DRM00078458","PUERTO PLATA, DR","19.75","-70.55","5.0","2007-11-15","76","H,,S",,,,
"DRM00078458","PUERTO PLATA, DR","19.75","-70.55","5.0","2007-11-16","78","H,,S","88",",,S","67",",,S"
"DRM00078458","PUERTO PLATA, DR","19.75","-70.55","5.0","2007-11-17","77","H,,S",,,,
"DRM00078458","PUERTO PLATA, DR","19.75","-70.55","5.0","2007-11-18","76","H,,S","82",",,S","73",",,S"
"DRM00078458","PUERTO PLATA, DR","19.75","-70.55","5.0","2007-11-19","78","H,,S","84",",,S","73",",,S"
"DRM00078458","PUERTO PLATA, DR","19.75","-70.55","5.0","2007-11-20","78","H,,S","87",",,S","68",",,S"
"DRM00078458","PUERTO PLATA, DR","19.75","-70.55","5.0","2007-11-21","76","H,,S","86",",,S","68",",,S"
"DRM00078458","PUERTO PLATA, DR","19.75","-70.55","5.0","2007-11-22","76","H,,S","85",",,S","69",",,S"
"DRM00078458","PUERTO PLATA, DR","19.75","-70.55","5.0","2007-11-23","76","H,,S","85",",,S","69",",,S"
"DRM00078458","PUERTO PLATA, DR","19.75","-70.55","5.0","2007-11-24","76","H,,S","83",",,S","69",",,S"
"DRM00078458","PUERTO PLATA, DR","19.75","-70.55","5.0","2007-11-25","77","H,,S","84",",,S","69",",,S"
"DRM00078458","PUERTO PLATA, DR","19.75","-70.55","5.0","2007-11-26","77","H,,S","85",",,S","69",",,S"
"DRM00078458","PUERTO PLATA, DR","19.75","-70.55","5.0","2007-11-27","77","H,,S","89",",,S","71",",,S"
"DRM00078458","PUERTO PLATA, DR","19.75","-70.55","5.0","2007-11-28","78","H,,S","86",",,S","70",",,S"
"DRM00078458","PUERTO PLATA, DR","19.75","-70.55","5.0","2007-11-29","77","H,,S","87",",,S","69",",,S"
"DRM00078458","PUERTO PLATA, DR","19.75","-70.55","5.0","2007-11-30","73","H,,S","87",",,S","68",",,S"
"DRM00078458","PUERTO PLATA, DR","19.75","-70.55","5.0","2007-12-01","76","H,,S","86",",,S","68",",,S"
"DRM00078458","PUERTO PLATA, DR","19.75","-70.55","5.0","2007-12-02","79","H,,S",,,,
"DRM00078458","PUERTO PLATA, DR","19.75","-70.55","5.0","2007-12-03","76","H,,S","85",",,S","67",",,S"
"DRM00078458","PUERTO PLATA, DR","19.75","-70.55","5.0","2007-12-04","76","H,,S","86",",,S","67",",,S"
"DRM00078458","PUERTO PLATA, DR","19.75","-70.55","5.0","2007-12-05","76","H,,S","91",",,S","66",",,S"
"DRM00078458","PUERTO PLATA, DR","19.75","-70.55","5.0","2007-12-06","75","H,,S","86",",,S","66",",,S"
"DRM00078458","PUERTO PLATA, DR","19.75","-70.55","5.0","2007-12-07","76","H,,S","87",",,S","67",",,S"
"DRM00078458","PUERTO PLATA, DR","19.75","-70.55","5.0","2007-12-08","76","H,,S","83",",,S","71",",,S"
"DRM00078458","PUERTO PLATA, DR","19.75","-70.55","5.0","2007-12-09","77","H,,S","83",",,S","65",",,S"
"DRM00078458","PUERTO PLATA, DR","19.75","-70.55","5.0","2007-12-10","77","H,,S","85",",,S","71",",,S"
"DRM00078458","PUERTO PLATA, DR","19.75","-70.55","5.0","2007-12-11","76","H,,S","83",",,S","71",",,S"
"DRM00078458","PUERTO PLATA, DR","19.75","-70.55","5.0","2007-12-12","75","H,,S","81",",,S","70",",,S"
"DRM00078458","PUERTO PLATA, DR","19.75","-70.55","5.0","2007-12-13","77","H,,S","81",",,S","70",",,S"
"DRM00078458","PUERTO PLATA, DR","19.75","-70.55","5.0","2007-12-14","76","H,,S","85",",,S","70",",,S"
"DRM00078458","PUERTO PLATA, DR","19.75","-70.55","5.0","2007-12-15","75","H,,S","83",",,S","72",",,S"
"DRM00078458","PUERTO PLATA, DR","19.75","-70.55","5.0","2007-12-16","76","H,,S","86",",,S","70",",,S"
"DRM00078458","PUERTO PLATA, DR","19.75","-70.55","5.0","2007-12-17","76","H,,S","86",",,S","68",",,S"
"DRM00078458","PUERTO PLATA, DR","19.75","-70.55","5.0","2007-12-18","77","H,,S","90",",,S","68",",,S"
"DRM00078458","PUERTO PLATA, DR","19.75","-70.55","5.0","2007-12-19","75","H,,S","90",",,S","70",",,S"
"DRM00078458","PUERTO PLATA, DR","19.75","-70.55","5.0","2007-12-20","77","H,,S","85",",,S","68",",,S"
"DRM00078458","PUERTO PLATA, DR","19.75","-70.55","5.0","2007-12-21","73","H,,S",,,,
"DRM00078458","PUERTO PLATA, DR","19.75","-70.55","5.0","2007-12-22","75","H,,S","86",",,S","65",",,S"
"DRM00078458","PUERTO PLATA, DR","19.75","-70.55","5.0","2007-12-23","76","H,,S","85",",,S","65",",,S"
"DRM00078458","PUERTO PLATA, DR","19.75","-70.55","5.0","2007-12-24","74","H,,S","84",",,S","69",",,S"
"DRM00078458","PUERTO PLATA, DR","19.75","-70.55","5.0","2007-12-25","75","H,,S","84",",,S","65",",,S"
"DRM00078458","PUERTO PLATA, DR","19.75","-70.55","5.0","2007-12-26","77","H,,S","89",",,S","70",",,S"
"DRM00078458","PUERTO PLATA, DR","19.75","-70.55","5.0","2007-12-27","77","H,,S","86",",,S","69",",,S"
"DRM00078458","PUERTO PLATA, DR","19.75","-70.55","5.0","2007-12-28","79","H,,S",,,,
"DRM00078458","PUERTO PLATA, DR","19.75","-70.55","5.0","2007-12-29","77","H,,S","85",",,S","70",",,S"
"DRM00078458","PUERTO PLATA, DR","19.75","-70.55","5.0","2007-12-30","75","H,,S","85",",,S","69",",,S"
"DRM00078458","PUERTO PLATA, DR","19.75","-70.55","5.0","2007-12-31","77","H,,S","86",",,S","69",",,S"
"DRM00078458","PUERTO PLATA, DR","19.75","-70.55","5.0","2008-01-01","76","H,,S","86",",,S","67",",,S"
"DRM00078458","PUERTO PLATA, DR","19.75","-70.55","5.0","2008-01-02","75","H,,S","86",",,S","65",",,S"
"DRM00078458","PUERTO PLATA, DR","19.75","-70.55","5.0","2008-01-03","75","H,,S","86",",,S","62",",,S"
"DRM00078458","PUERTO PLATA, DR","19.75","-70.55","5.0","2008-01-04","73","H,,S","82",",,S","65",",,S"
"DRM00078458","PUERTO PLATA, DR","19.75","-70.55","5.0","2008-01-05","71","H,,S","77",",,S","68",",,S"
"DRM00078458","PUERTO PLATA, DR","19.75","-70.55","5.0","2008-01-06","75","H,,S","82",",,S","68",",,S"
"DRM00078458","PUERTO PLATA, DR","19.75","-70.55","5.0","2008-01-07","73","H,,S","81",",,S","71",",,S"
"DRM00078458","PUERTO PLATA, DR","19.75","-70.55","5.0","2008-01-08","73","H,,S","88",",,S","68",",,S"
"DRM00078458","PUERTO PLATA, DR","19.75","-70.55","5.0","2008-01-09","74","H,,S","88",",,S","68",",,S"
"DRM00078458","PUERTO PLATA, DR","19.75","-70.55","5.0","2008-01-10","74","H,,S","83",",,S","68",",,S"
"DRM00078458","PUERTO PLATA, DR","19.75","-70.55","5.0","2008-01-11","74","H,,S","83",",,S","65",",,S"
"DRM00078458","PUERTO PLATA, DR","19.75","-70.55","5.0","2008-01-12","74","H,,S","82",",,S","64",",,S"
"DRM00078458","PUERTO PLATA, DR","19.75","-70.55","5.0","2008-01-13","75","H,,S","84",",,S","64",",,S"
"DRM00078458","PUERTO PLATA, DR","19.75","-70.55","5.0","2008-01-14","72","H,,S","83",",,S","60",",,S"
"DRM00078458","PUERTO PLATA, DR","19.75","-70.55","5.0","2008-01-15","74","H,,S","83",",,S","60",",,S"
"DRM00078458","PUERTO PLATA, DR","19.75","-70.55","5.0","2008-01-16","74","H,,S","85",",,S","66",",,S"
"DRM00078458","PUERTO PLATA, DR","19.75","-70.55","5.0","2008-01-17","75","H,,S","82",",,S","66",",,S"
"DRM00078458","PUERTO PLATA, DR","19.75","-70.55","5.0","2008-01-18","75","H,,S","82",",,S","66",",,S"
"DRM00078458","PUERTO PLATA, DR","19.75","-70.55","5.0","2008-01-19","78","H,,S","85",",,S","69",",,S"
"DRM00078458","PUERTO PLATA, DR","19.75","-70.55","5.0","2008-01-20","75","H,,S","85",",,S","69",",,S"
"DRM00078458","PUERTO PLATA, DR","19.75","-70.55","5.0","2008-01-21","75","H,,S","83",",,S","64",",,S"
"DRM00078458","PUERTO PLATA, DR","19.75","-70.55","5.0","2008-01-22","77","H,,S","84",",,S","64",",,S"
"DRM00078458","PUERTO PLATA, DR","19.75","-70.55","5.0","2008-01-23","76","H,,S","86",",,S","70",",,S"
"DRM00078458","PUERTO PLATA, DR","19.75","-70.55","5.0","2008-01-24","75","H,,S","87",",,S","67",",,S"
"DRM00078458","PUERTO PLATA, DR","19.75","-70.55","5.0","2008-01-25","78","H,,S","85",",,S","66",",,S"
"DRM00078458","PUERTO PLATA, DR","19.75","-70.55","5.0","2008-01-26","75","H,,S","85",",,S","66",",,S"
"DRM00078458","PUERTO PLATA, DR","19.75","-70.55","5.0","2008-01-27","74","H,,S",,,,
"DRM00078458","PUERTO PLATA, DR","19.75","-70.55","5.0","2008-01-28","73","H,,S","82",",,S","67",",,S"
"DRM00078458","PUERTO PLATA, DR","19.75","-70.55","5.0","2008-01-29","72","H,,S","82",",,S","68",",,S"
"DRM00078458","PUERTO PLATA, DR","19.75","-70.55","5.0","2008-01-30","72","H,,S","82",",,S","61",",,S"
"DRM00078458","PUERTO PLATA, DR","19.75","-70.55","5.0","2008-01-31","73","H,,S","82",",,S","61",",,S"
"DRM00078458","PUERTO PLATA, DR","19.75","-70.55","5.0","2008-02-01","71","H,,S","81",",,S","63",",,S"
"DRM00078458","PUERTO PLATA, DR","19.75","-70.55","5.0","2008-02-02","73","H,,S","81",",,S","65",",,S"
"DRM00078458","PUERTO PLATA, DR","19.75","-70.55","5.0","2008-02-03","74","H,,S","82",",,S","67",",,S"
"DRM00078458","PUERTO PLATA, DR","19.75","-70.55","5.0","2008-02-04","73","H,,S",,,,
"DRM00078458","PUERTO PLATA, DR","19.75","-70.55","5.0","2008-02-05","74","H,,S","84",",,S","68",",,S"
"DRM00078458","PUERTO PLATA, DR","19.75","-70.55","5.0","2008-02-06","74","H,,S","84",",,S","68",",,S"
"DRM00078458","PUERTO PLATA, DR","19.75","-70.55","5.0","2008-02-07","72","H,,S","84",",,S","65",",,S"
"DRM00078458","PUERTO PLATA, DR","19.75","-70.55","5.0","2008-02-08","74","H,,S","85",",,S","65",",,S"
"DRM00078458","PUERTO PLATA, DR","19.75","-70.55","5.0","2008-02-09","76","H,,S","85",",,S","66",",,S"
"DRM00078458","PUERTO PLATA, DR","19.75","-70.55","5.0","2008-02-10","76","H,,S","87",",,S","67",",,S"
"DRM00078458","PUERTO PLATA, DR","19.75","-70.55","5.0","2008-02-11","76","H,,S","87",",,S","66",",,S"
"DRM00078458","PUERTO PLATA, DR","19.75","-70.55","5.0","2008-02-12","74","H,,S","84",",,S","66",",,S"
"DRM00078458","PUERTO PLATA, DR","19.75","-70.55","5.0","2008-02-13","76","H,,S","87",",,S","68",",,S"
"DRM00078458","PUERTO PLATA, DR","19.75","-70.55","5.0","2008-02-14","76","H,,S","86",",,S","68",",,S"
"DRM00078458","PUERTO PLATA, DR","19.75","-70.55","5.0","2008-02-15","77","H,,S","84",",,S","69",",,S"
"DRM00078458","PUERTO PLATA, DR","19.75","-70.55","5.0","2008-02-16","75","H,,S","84",",,S","69",",,S"
"DRM00078458","PUERTO PLATA, DR","19.75","-70.55","5.0","2008-02-17","75","H,,S","83",",,S","69",",,S"
"DRM00078458","PUERTO PLATA, DR","19.75","-70.55","5.0","2008-02-18","74","H,,S","83",",,S","68",",,S"
"DRM00078458","PUERTO PLATA, DR","19.75","-70.55","5.0","2008-02-19","74","H,,S","86",",,S","66",",,S"
"DRM00078458","PUERTO PLATA, DR","19.75","-70.55","5.0","2008-02-20","74","H,,S","84",",,S","66",",,S"
"DRM00078458","PUERTO PLATA, DR","19.75","-70.55","5.0","2008-02-21","76","H,,S","84",",,S","66",",,S"
"DRM00078458","PUERTO PLATA, DR","19.75","-70.55","5.0","2008-02-22","76","H,,S","84",",,S","66",",,S"
"DRM00078458","PUERTO PLATA, DR","19.75","-70.55","5.0","2008-02-23","76","H,,S","88",",,S","67",",,S"
"DRM00078458","PUERTO PLATA, DR","19.75","-70.55","5.0","2008-02-24","75","H,,S","88",",,S","66",",,S"
"DRM00078458","PUERTO PLATA, DR","19.75","-70.55","5.0","2008-02-25","76","H,,S","86",",,S","66",",,S"
"DRM00078458","PUERTO PLATA, DR","19.75","-70.55","5.0","2008-02-26","77","H,,S","86",",,S","66",",,S"
"DRM00078458","PUERTO PLATA, DR","19.75","-70.55","5.0","2008-02-27","78","H,,S","89",",,S","69",",,S"
"DRM00078458","PUERTO PLATA, DR","19.75","-70.55","5.0","2008-02-28","79","H,,S","89",",,S","71",",,S"
"DRM00078458","PUERTO PLATA, DR","19.75","-70.55","5.0","2008-02-29","79","H,,S","89",",,S","71",",,S"
"DRM00078458","PUERTO PLATA, DR","19.75","-70.55","5.0","2008-03-01","76","H,,S","86",",,S","67",",,S"
"DRM00078458","PUERTO PLATA, DR","19.75","-70.55","5.0","2008-03-02","76","H,,S","85",",,S","67",",,S"
"DRM00078458","PUERTO PLATA, DR","19.75","-70.55","5.0","2008-03-03","75","H,,S","85",",,S","67",",,S"
"DRM00078458","PUERTO PLATA, DR","19.75","-70.55","5.0","2008-03-04","75","H,,S","86",",,S","67",",,S"
"DRM00078458","PUERTO PLATA, DR","19.75","-70.55","5.0","2008-03-06","77","H,,S","86",",,S","68",",,S"
"DRM00078458","PUERTO PLATA, DR","19.75","-70.55","5.0","2008-03-10","77","H,,S","84",",,S","66",",,S"
"DRM00078458","PUERTO PLATA, DR","19.75","-70.55","5.0","2008-03-11","72","H,,S","83",",,S","67",",,S"
"DRM00078458","PUERTO PLATA, DR","19.75","-70.55","5.0","2008-03-12","75","H,,S",,,,
"DRM00078458","PUERTO PLATA, DR","19.75","-70.55","5.0","2008-03-13","75","H,,S","86",",,S","65",",,S"
"DRM00078458","PUERTO PLATA, DR","19.75","-70.55","5.0","2008-03-14","77","H,,S","90",",,S","64",",,S"
"DRM00078458","PUERTO PLATA, DR","19.75","-70.55","5.0","2008-03-15","75","H,,S",,,,
"DRM00078458","PUERTO PLATA, DR","19.75","-70.55","5.0","2008-03-16","75","H,,S","86",",,S","65",",,S"
"DRM00078458","PUERTO PLATA, DR","19.75","-70.55","5.0","2008-03-17","74","H,,S","86",",,S","65",",,S"
"DRM00078458","PUERTO PLATA, DR","19.75","-70.55","5.0","2008-03-18","75","H,,S","82",",,S","67",",,S"
"DRM00078458","PUERTO PLATA, DR","19.75","-70.55","5.0","2008-03-19","75","H,,S","83",",,S","67",",,S"
"DRM00078458","PUERTO PLATA, DR","19.75","-70.55","5.0","2008-03-20","76","H,,S","84",",,S","65",",,S"
"DRM00078458","PUERTO PLATA, DR","19.75","-70.55","5.0","2008-03-21","75","H,,S","85",",,S","65",",,S"
"DRM00078458","PUERTO PLATA, DR","19.75","-70.55","5.0","2008-03-22","80","H,,S","85",",,S","71",",,S"
"DRM00078458","PUERTO PLATA, DR","19.75","-70.55","5.0","2008-03-23","77","H,,S",,,,
"DRM00078458","PUERTO PLATA, DR","19.75","-70.55","5.0","2008-03-24","77","H,,S","92",",,S","68",",,S"
"DRM00078458","PUERTO PLATA, DR","19.75","-70.55","5.0","2008-03-25","77","H,,S","90",",,S","69",",,S"
"DRM00078458","PUERTO PLATA, DR","19.75","-70.55","5.0","2008-03-26","77","H,,S","85",",,S","69",",,S"
"DRM00078458","PUERTO PLATA, DR","19.75","-70.55","5.0","2008-03-27","77","H,,S","83",",,S","69",",,S"
"DRM00078458","PUERTO PLATA, DR","19.75","-70.55","5.0","2008-03-31","76","H,,S","85",",,S","68",",,S"
"DRM00078458","PUERTO PLATA, DR","19.75","-70.55","5.0","2008-04-01","72","H,,S","85",",,S","68",",,S"
"DRM00078458","PUERTO PLATA, DR","19.75","-70.55","5.0","2008-04-02","75","H,,S","85",",,S","69",",,S"
"DRM00078458","PUERTO PLATA, DR","19.75","-70.55","5.0","2008-04-03","71","H,,S","82",",,S","66",",,S"
"DRM00078458","PUERTO PLATA, DR","19.75","-70.55","5.0","2008-04-04","76","H,,S","84",",,S","66",",,S"
"DRM00078458","PUERTO PLATA, DR","19.75","-70.55","5.0","2008-04-05","77","H,,S","86",",,S","67",",,S"
"DRM00078458","PUERTO PLATA, DR","19.75","-70.55","5.0","2008-04-06","77","H,,S","87",",,S","67",",,S"
"DRM00078458","PUERTO PLATA, DR","19.75","-70.55","5.0","2008-04-07","76","H,,S","87",",,S","69",",,S"
"DRM00078458","PUERTO PLATA, DR","19.75","-70.55","5.0","2008-04-08","79","H,,S","89",",,S","69",",,S"
"DRM00078458","PUERTO PLATA, DR","19.75","-70.55","5.0","2008-04-09","78","H,,S","89",",,S","69",",,S"
"DRM00078458","PUERTO PLATA, DR","19.75","-70.55","5.0","2008-04-10","77","H,,S","88",",,S","69",",,S"
"DRM00078458","PUERTO PLATA, DR","19.75","-70.55","5.0","2008-04-11","77","H,,S","87",",,S","68",",,S"
"DRM00078458","PUERTO PLATA, DR","19.75","-70.55","5.0","2008-04-12","76","H,,S","86",",,S","66",",,S"
"DRM00078458","PUERTO PLATA, DR","19.75","-70.55","5.0","2008-04-13","77","H,,S","87",",,S","66",",,S"
"DRM00078458","PUERTO PLATA, DR","19.75","-70.55","5.0","2008-04-14","78","H,,S","89",",,S","67",",,S"
"DRM00078458","PUERTO PLATA, DR","19.75","-70.55","5.0","2008-04-15","78","H,,S","94",",,S","69",",,S"
"DRM00078458","PUERTO PLATA, DR","19.75","-70.55","5.0","2008-04-16","80","H,,S",,,,
"DRM00078458","PUERTO PLATA, DR","19.75","-70.55","5.0","2008-04-17","74","H,,S","83",",,S","69",",,S"
"DRM00078458","PUERTO PLATA, DR","19.75","-70.55","5.0","2008-04-18","78","H,,S","85",",,S","69",",,S"
"DRM00078458","PUERTO PLATA, DR","19.75","-70.55","5.0","2008-04-19","78","H,,S","86",",,S","72",",,S"
"DRM00078458","PUERTO PLATA, DR","19.75","-70.55","5.0","2008-04-20","79","H,,S","85",",,S","72",",,S"
"DRM00078458","PUERTO PLATA, DR","19.75","-70.55","5.0","2008-04-21","75","H,,S",,,,
"DRM00078458","PUERTO PLATA, DR","19.75","-70.55","5.0","2008-04-22","76","H,,S","90",",,S","66",",,S"
"DRM00078458","PUERTO PLATA, DR","19.75","-70.55","5.0","2008-04-23","78","H,,S","90",",,S","66",",,S"
"DRM00078458","PUERTO PLATA, DR","19.75","-70.55","5.0","2008-04-24","76","H,,S",,,,
"DRM00078458","PUERTO PLATA, DR","19.75","-70.55","5.0","2008-04-25","78","H,,S","85",",,S","70",",,S"
"DRM00078458","PUERTO PLATA, DR","19.75","-70.55","5.0","2008-04-26","76","H,,S",,,,
"DRM00078458","PUERTO PLATA, DR","19.75","-70.55","5.0","2008-04-27","78","H,,S","86",",,S","71",",,S"
"DRM00078458","PUERTO PLATA, DR","19.75","-70.55","5.0","2008-04-28","79","H,,S","86",",,S","72",",,S"
"DRM00078458","PUERTO PLATA, DR","19.75","-70.55","5.0","2008-04-29","78","H,,S",,,,
"DRM00078458","PUERTO PLATA, DR","19.75","-70.55","5.0","2008-04-30","78","H,,S","90",",,S","72",",,S"
"DRM00078458","PUERTO PLATA, DR","19.75","-70.55","5.0","2008-05-01","79","H,,S","88",",,S","72",",,S"
"DRM00078458","PUERTO PLATA, DR","19.75","-70.55","5.0","2008-05-02","74","H,,S","85",",,S","70",",,S"
"DRM00078458","PUERTO PLATA, DR","19.75","-70.55","5.0","2008-05-03","75","H,,S","79",",,S","73",",,S"
"DRM00078458","PUERTO PLATA, DR","19.75","-70.55","5.0","2008-05-04","77","H,,S","84",",,S","71",",,S"
"DRM00078458","PUERTO PLATA, DR","19.75","-70.55","5.0","2008-05-05","78","H,,S","85",",,S","71",",,S"
"DRM00078458","PUERTO PLATA, DR","19.75","-70.55","5.0","2008-05-06","78","H,,S","90",",,S","64",",,S"
"DRM00078458","PUERTO PLATA, DR","19.75","-70.55","5.0","2008-05-07","78","H,,S","90",",,S","64",",,S"
"DRM00078458","PUERTO PLATA, DR","19.75","-70.55","5.0","2008-05-08","78","H,,S","87",",,S","68",",,S"
"DRM00078458","PUERTO PLATA, DR","19.75","-70.55","5.0","2008-05-09","80","H,,S","89",",,S","72",",,S"
"DRM00078458","PUERTO PLATA, DR","19.75","-70.55","5.0","2008-05-10","80","H,,S","90",",,S","71",",,S"
"DRM00078458","PUERTO PLATA, DR","19.75","-70.55","5.0","2008-05-11","80","H,,S","90",",,S","71",",,S"
"DRM00078458","PUERTO PLATA, DR","19.75","-70.55","5.0","2008-05-12","81","H,,S","90",",,S","71",",,S"
"DRM00078458","PUERTO PLATA, DR","19.75","-70.55","5.0","2008-05-13","80","H,,S",,,,
"DRM00078458","PUERTO PLATA, DR","19.75","-70.55","5.0","2008-05-14","78","H,,S","90",",,S","66",",,S"
"DRM00078458","PUERTO PLATA, DR","19.75","-70.55","5.0","2008-05-15","78","H,,S","86",",,S","71",",,S"
"DRM00078458","PUERTO PLATA, DR","19.75","-70.55","5.0","2008-05-16","78","H,,S","85",",,S","71",",,S"
"DRM00078458","PUERTO PLATA, DR","19.75","-70.55","5.0","2008-05-17","79","H,,S",,,,
"DRM00078458","PUERTO PLATA, DR","19.75","-70.55","5.0","2008-05-18","81","H,,S","90",",,S","71",",,S"
"DRM00078458","PUERTO PLATA, DR","19.75","-70.55","5.0","2008-05-19","80","H,,S","90",",,S","71",",,S"
"DRM00078458","PUERTO PLATA, DR","19.75","-70.55","5.0","2008-05-20","83","H,,S","91",",,S","63",",,S"
"DRM00078458","PUERTO PLATA, DR","19.75","-70.55","5.0","2008-05-21","81","H,,S","91",",,S","63",",,S"
"DRM00078458","PUERTO PLATA, DR","19.75","-70.55","5.0","2008-05-22","82","H,,S","91",",,S","72",",,S"
"DRM00078458","PUERTO PLATA, DR","19.75","-70.55","5.0","2008-05-23","82","H,,S","91",",,S","71",",,S"
"DRM00078458","PUERTO PLATA, DR","19.75","-70.55","5.0","2008-05-24","82","H,,S","91",",,S","71",",,S"
"DRM00078458","PUERTO PLATA, DR","19.75","-70.55","5.0","2008-05-25","81","H,,S","91",",,S","74",",,S"
"DRM00078458","PUERTO PLATA, DR","19.75","-70.55","5.0","2008-05-26","78","H,,S","88",",,S","73",",,S"
"DRM00078458","PUERTO PLATA, DR","19.75","-70.55","5.0","2008-05-27","77","H,,S","91",",,S","66",",,S"
"DRM00078458","PUERTO PLATA, DR","19.75","-70.55","5.0","2008-05-28","79","H,,S","91",",,S","66",",,S"
"DRM00078458","PUERTO PLATA, DR","19.75","-70.55","5.0","2008-05-29","80","H,,S","89",",,S","72",",,S"
"DRM00078458","PUERTO PLATA, DR","19.75","-70.55","5.0","2008-05-30","80","H,,S","88",",,S","72",",,S"
"DRM00078458","PUERTO PLATA, DR","19.75","-70.55","5.0","2008-05-31","78","H,,S","88",",,S","72",",,S"
"DRM00078458","PUERTO PLATA, DR","19.75","-70.55","5.0","2008-06-01","80","H,,S","88",",,S","71",",,S"
"DRM00078458","PUERTO PLATA, DR","19.75","-70.55","5.0","2008-06-02","80","H,,S","89",",,S","71",",,S"
"DRM00078458","PUERTO PLATA, DR","19.75","-70.55","5.0","2008-06-03","78","H,,S","90",",,S","72",",,S"
"DRM00078458","PUERTO PLATA, DR","19.75","-70.55","5.0","2008-06-04","77","H,,S","90",",,S","72",",,S"
"DRM00078458","PUERTO PLATA, DR","19.75","-70.55","5.0","2008-06-05","77","H,,S","86",",,S","71",",,S"
"DRM00078458","PUERTO PLATA, DR","19.75","-70.55","5.0","2008-06-06","78","H,,S","88",",,S","71",",,S"
"DRM00078458","PUERTO PLATA, DR","19.75","-70.55","5.0","2008-06-07","80","H,,S","88",",,S","71",",,S"
"DRM00078458","PUERTO PLATA, DR","19.75","-70.55","5.0","2008-06-08","80","H,,S",,,,
"DRM00078458","PUERTO PLATA, DR","19.75","-70.55","5.0","2008-06-09","80","H,,S",,,,
"DRM00078458","PUERTO PLATA, DR","19.75","-70.55","5.0","2008-06-10","80","H,,S","89",",,S","66",",,S"
"DRM00078458","PUERTO PLATA, DR","19.75","-70.55","5.0","2008-06-11","80","H,,S","87",",,S","66",",,S"
"DRM00078458","PUERTO PLATA, DR","19.75","-70.55","5.0","2008-06-12","80","H,,S",,,,
"DRM00078458","PUERTO PLATA, DR","19.75","-70.55","5.0","2008-06-13","83","H,,S","90",",,S","72",",,S"
"DRM00078458","PUERTO PLATA, DR","19.75","-70.55","5.0","2008-06-14","79","H,,S","90",",,S","72",",,S"
"DRM00078458","PUERTO PLATA, DR","19.75","-70.55","5.0","2008-06-15","78","H,,S","87",",,S","73",",,S"
"DRM00078458","PUERTO PLATA, DR","19.75","-70.55","5.0","2008-06-16","83","H,,S",,,,
"DRM00078458","PUERTO PLATA, DR","19.75","-70.55","5.0","2008-06-17","83","H,,S","95",",,S","66",",,S"
"DRM00078458","PUERTO PLATA, DR","19.75","-70.55","5.0","2008-06-18","81","H,,S","91",",,S","66",",,S"
"DRM00078458","PUERTO PLATA, DR","19.75","-70.55","5.0","2008-06-19","83","H,,S","91",",,S","73",",,S"
"DRM00078458","PUERTO PLATA, DR","19.75","-70.55","5.0","2008-06-20","83","H,,S","92",",,S","73",",,S"
"DRM00078458","PUERTO PLATA, DR","19.75","-70.55","5.0","2008-06-21","84","H,,S","92",",,S","73",",,S"
"DRM00078458","PUERTO PLATA, DR","19.75","-70.55","5.0","2008-06-22","82","H,,S","91",",,S","74",",,S"
"DRM00078458","PUERTO PLATA, DR","19.75","-70.55","5.0","2008-06-23","83","H,,S","90",",,S","74",",,S"
"DRM00078458","PUERTO PLATA, DR","19.75","-70.55","5.0","2008-06-24","79","H,,S","89",",,S","73",",,S"
"DRM00078458","PUERTO PLATA, DR","19.75","-70.55","5.0","2008-06-25","82","H,,S","89",",,S","68",",,S"
"DRM00078458","PUERTO PLATA, DR","19.75","-70.55","5.0","2008-06-26","82","H,,S","89",",,S","68",",,S"
"DRM00078458","PUERTO PLATA, DR","19.75","-70.55","5.0","2008-06-27","81","H,,S","87",",,S","73",",,S"
"DRM00078458","PUERTO PLATA, DR","19.75","-70.55","5.0","2008-06-28","81","H,,S","87",",,S","73",",,S"
"DRM00078458","PUERTO PLATA, DR","19.75","-70.55","5.0","2008-06-29","79","H,,S","88",",,S","75",",,S"
"DRM00078458","PUERTO PLATA, DR","19.75","-70.55","5.0","2008-06-30","80","H,,S","90",",,S","71",",,S"
"DRM00078458","PUERTO PLATA, DR","19.75","-70.55","5.0","2008-07-01","81","H,,S","90",",,S","71",",,S"
"DRM00078458","PUERTO PLATA, DR","19.75","-70.55","5.0","2008-07-02","81","H,,S","89",",,S","74",",,S"
"DRM00078458","PUERTO PLATA, DR","19.75","-70.55","5.0","2008-07-03","83","H,,S",,,,
"DRM00078458","PUERTO PLATA, DR","19.75","-70.55","5.0","2008-07-04","82","H,,S","90",",,S","67",",,S"
"DRM00078458","PUERTO PLATA, DR","19.75","-70.55","5.0","2008-07-05","81","H,,S","89",",,S","71",",,S"
"DRM00078458","PUERTO PLATA, DR","19.75","-70.55","5.0","2008-07-06","80","H,,S","89",",,S","74",",,S"
"DRM00078458","PUERTO PLATA, DR","19.75","-70.55","5.0","2008-07-07","82","H,,S","89",",,S","74",",,S"
"DRM00078458","PUERTO PLATA, DR","19.75","-70.55","5.0","2008-07-08","81","H,,S","89",",,S","70",",,S"
"DRM00078458","PUERTO PLATA, DR","19.75","-70.55","5.0","2008-07-09","82","H,,S","89",",,S","74",",,S"
"DRM00078458","PUERTO PLATA, DR","19.75","-70.55","5.0","2008-07-10","83","H,,S","90",",,S","72",",,S"
"DRM00078458","PUERTO PLATA, DR","19.75","-70.55","5.0","2008-07-11","82","H,,S","90",",,S","72",",,S"
"DRM00078458","PUERTO PLATA, DR","19.75","-70.55","5.0","2008-07-12","83","H,,S","90",",,S","73",",,S"
"DRM00078458","PUERTO PLATA, DR","19.75","-70.55","5.0","2008-07-13","83","H,,S","90",",,S","73",",,S"
"DRM00078458","PUERTO PLATA, DR","19.75","-70.55","5.0","2008-07-14","81","H,,S","90",",,S","72",",,S"
"DRM00078458","PUERTO PLATA, DR","19.75","-70.55","5.0","2008-07-15","82","H,,S","90",",,S","70",",,S"
"DRM00078458","PUERTO PLATA, DR","19.75","-70.55","5.0","2008-07-16","83","H,,S","91",",,S","70",",,S"
"DRM00078458","PUERTO PLATA, DR","19.75","-70.55","5.0","2008-07-17","82","H,,S","91",",,S","73",",,S"
"DRM00078458","PUERTO PLATA, DR","19.75","-70.55","5.0","2008-07-18","82","H,,S","91",",,S","73",",,S"
"DRM00078458","PUERTO PLATA, DR","19.75","-70.55","5.0","2008-07-19","81","H,,S","90",",,S","72",",,S"
"DRM00078458","PUERTO PLATA, DR","19.75","-70.55","5.0","2008-07-20","83","H,,S","90",",,S","72",",,S"
"DRM00078458","PUERTO PLATA, DR","19.75","-70.55","5.0","2008-07-21","80","H,,S","89",",,S","74",",,S"
"DRM00078458","PUERTO PLATA, DR","19.75","-70.55","5.0","2008-07-22","83","H,,S","90",",,S","74",",,S"
"DRM00078458","PUERTO PLATA, DR","19.75","-70.55","5.0","2008-07-23","82","H,,S","90",",,S","74",",,S"
"DRM00078458","PUERTO PLATA, DR","19.75","-70.55","5.0","2008-07-24","83","H,,S","90",",,S","73",",,S"
"DRM00078458","PUERTO PLATA, DR","19.75","-70.55","5.0","2008-07-25","83","H,,S","91",",,S","73",",,S"
"DRM00078458","PUERTO PLATA, DR","19.75","-70.55","5.0","2008-07-26","82","H,,S","95",",,S","73",",,S"
"DRM00078458","PUERTO PLATA, DR","19.75","-70.55","5.0","2008-07-27","82","H,,S",,,,
"DRM00078458","PUERTO PLATA, DR","19.75","-70.55","5.0","2008-07-28","81","H,,S",,,,
"DRM00078458","PUERTO PLATA, DR","19.75","-70.55","5.0","2008-07-29","85","H,,S","92",",,S","73",",,S"
"DRM00078458","PUERTO PLATA, DR","19.75","-70.55","5.0","2008-07-30","83","H,,S","92",",,S","73",",,S"
"DRM00078458","PUERTO PLATA, DR","19.75","-70.55","5.0","2008-07-31","83","H,,S","91",",,S","73",",,S"
"DRM00078458","PUERTO PLATA, DR","19.75","-70.55","5.0","2008-08-01","80","H,,S","92",",,S","74",",,S"
"DRM00078458","PUERTO PLATA, DR","19.75","-70.55","5.0","2008-08-02","80","H,,S","90",",,S","75",",,S"
"DRM00078458","PUERTO PLATA, DR","19.75","-70.55","5.0","2008-08-03","78","H,,S","90",",,S","73",",,S"
"DRM00078458","PUERTO PLATA, DR","19.75","-70.55","5.0","2008-08-04","83","H,,S","90",",,S","72",",,S"
"DRM00078458","PUERTO PLATA, DR","19.75","-70.55","5.0","2008-08-05","82","H,,S","90",",,S","72",",,S"
"DRM00078458","PUERTO PLATA, DR","19.75","-70.55","5.0","2008-08-06","85","H,,S","91",",,S","74",",,S"
"DRM00078458","PUERTO PLATA, DR","19.75","-70.55","5.0","2008-08-07","83","H,,S","92",",,S","73",",,S"
"DRM00078458","PUERTO PLATA, DR","19.75","-70.55","5.0","2008-08-08","84","H,,S","92",",,S","73",",,S"
"DRM00078458","PUERTO PLATA, DR","19.75","-70.55","5.0","2008-08-09","83","H,,S",,,,
"DRM00078458","PUERTO PLATA, DR","19.75","-70.55","5.0","2008-08-10","85","H,,S","94",",,S","73",",,S"
"DRM00078458","PUERTO PLATA, DR","19.75","-70.55","5.0","2008-08-11","85","H,,S","94",",,S","75",",,S"
"DRM00078458","PUERTO PLATA, DR","19.75","-70.55","5.0","2008-08-12","81","H,,S","94",",,S","75",",,S"
"DRM00078458","PUERTO PLATA, DR","19.75","-70.55","5.0","2008-08-13","82","H,,S","95",",,S","74",",,S"
"DRM00078458","PUERTO PLATA, DR","19.75","-70.55","5.0","2008-08-14","85","H,,S","92",",,S","74",",,S"
"DRM00078458","PUERTO PLATA, DR","19.75","-70.55","5.0","2008-08-15","80","H,,S","92",",,S","74",",,S"
"DRM00078458","PUERTO PLATA, DR","19.75","-70.55","5.0","2008-08-16","81","H,,S",,,,
"DRM00078458","PUERTO PLATA, DR","19.75","-70.55","5.0","2008-08-17","83","H,,S","90",",,S","75",",,S"
"DRM00078458","PUERTO PLATA, DR","19.75","-70.55","5.0","2008-08-18","84","H,,S","90",",,S","73",",,S"
"DRM00078458","PUERTO PLATA, DR","19.75","-70.55","5.0","2008-08-19","84","H,,S","91",",,S","73",",,S"
"DRM00078458","PUERTO PLATA, DR","19.75","-70.55","5.0","2008-08-20","84","H,,S","93",",,S","74",",,S"
"DRM00078458","PUERTO PLATA, DR","19.75","-70.55","5.0","2008-08-21","83","H,,S","92",",,S","74",",,S"
"DRM00078458","PUERTO PLATA, DR","19.75","-70.55","5.0","2008-08-22","83","H,,S","92",",,S","74",",,S"
"DRM00078458","PUERTO PLATA, DR","19.75","-70.55","5.0","2008-08-23","85","H,,S","92",",,S","74",",,S"
"DRM00078458","PUERTO PLATA, DR","19.75","-70.55","5.0","2008-08-24","80","H,,S","92",",,S","74",",,S"
"DRM00078458","PUERTO PLATA, DR","19.75","-70.55","5.0","2008-08-25","80","H,,S","91",",,S","74",",,S"
"DRM00078458","PUERTO PLATA, DR","19.75","-70.55","5.0","2008-08-26","77","H,,S",,,,
"DRM00078458","PUERTO PLATA, DR","19.75","-70.55","5.0","2008-08-27","80","H,,S","92",",,S","73",",,S"
"DRM00078458","PUERTO PLATA, DR","19.75","-70.55","5.0","2008-08-28","82","H,,S","91",",,S","73",",,S"
"DRM00078458","PUERTO PLATA, DR","19.75","-70.55","5.0","2008-08-29","81","H,,S","91",",,S","73",",,S"
"DRM00078458","PUERTO PLATA, DR","19.75","-70.55","5.0","2008-08-30","81","H,,S",,,,
"DRM00078458","PUERTO PLATA, DR","19.75","-70.55","5.0","2008-08-31","82","H,,S","90",",,S","76",",,S"
"DRM00078458","PUERTO PLATA, DR","19.75","-70.55","5.0","2008-09-01","81","H,,S","90",",,S","76",",,S"
"DRM00078458","PUERTO PLATA, DR","19.75","-70.55","5.0","2008-09-02","78","H,,S","85",",,S","77",",,S"
"DRM00078458","PUERTO PLATA, DR","19.75","-70.55","5.0","2008-09-03","78","H,,S",,,,
"DRM00078458","PUERTO PLATA, DR","19.75","-70.55","5.0","2008-09-04","82","H,,S","90",",,S","72",",,S"
"DRM00078458","PUERTO PLATA, DR","19.75","-70.55","5.0","2008-09-05","82","H,,S","90",",,S","72",",,S"
"DRM00078458","PUERTO PLATA, DR","19.75","-70.55","5.0","2008-09-06","83","H,,S","90",",,S","75",",,S"
"DRM00078458","PUERTO PLATA, DR","19.75","-70.55","5.0","2008-09-07","79","H,,S","90",",,S","74",",,S"
"DRM00078458","PUERTO PLATA, DR","19.75","-70.55","5.0","2008-09-08","81","H,,S","90",",,S","73",",,S"
"DRM00078458","PUERTO PLATA, DR","19.75","-70.55","5.0","2008-09-09","82","H,,S",,,,
"DRM00078458","PUERTO PLATA, DR","19.75","-70.55","5.0","2008-09-10","82","H,,S","92",",,S","74",",,S"
"DRM00078458","PUERTO PLATA, DR","19.75","-70.55","5.0","2008-09-11","78","H,,S","91",",,S","72",",,S"
"DRM00078458","PUERTO PLATA, DR","19.75","-70.55","5.0","2008-09-12","80","H,,S","91",",,S","72",",,S"
"DRM00078458","PUERTO PLATA, DR","19.75","-70.55","5.0","2008-09-13","83","H,,S","91",",,S","72",",,S"
"DRM00078458","PUERTO PLATA, DR","19.75","-70.55","5.0","2008-09-14","84","H,,S","91",",,S","74",",,S"
"DRM00078458","PUERTO PLATA, DR","19.75","-70.55","5.0","2008-09-15","79","H,,S",,,,
"DRM00078458","PUERTO PLATA, DR","19.75","-70.55","5.0","2008-09-16","81","H,,S","90",",,S","73",",,S"
"DRM00078458","PUERTO PLATA, DR","19.75","-70.55","5.0","2008-09-17","80","H,,S",,,,
"DRM00078458","PUERTO PLATA, DR","19.75","-70.55","5.0","2008-09-18","80","H,,S","90",",,S","71",",,S"
"DRM00078458","PUERTO PLATA, DR","19.75","-70.55","5.0","2008-09-19","80","H,,S","92",",,S","72",",,S"
"DRM00078458","PUERTO PLATA, DR","19.75","-70.55","5.0","2008-09-20","81","H,,S","89",",,S","72",",,S"
"DRM00078458","PUERTO PLATA, DR","19.75","-70.55","5.0","2008-09-21","79","H,,S","90",",,S","73",",,S"
"DRM00078458","PUERTO PLATA, DR","19.75","-70.55","5.0","2008-09-22","79","H,,S","86",",,S","74",",,S"
"DRM00078458","PUERTO PLATA, DR","19.75","-70.55","5.0","2008-09-23","79","H,,S","88",",,S","74",",,S"
"DRM00078458","PUERTO PLATA, DR","19.75","-70.55","5.0","2008-09-24","79","H,,S","86",",,S","72",",,S"
"DRM00078458","PUERTO PLATA, DR","19.75","-70.55","5.0","2008-09-25","81","H,,S","88",",,S","72",",,S"
"DRM00078458","PUERTO PLATA, DR","19.75","-70.55","5.0","2008-09-26","81","H,,S","89",",,S","72",",,S"
"DRM00078458","PUERTO PLATA, DR","19.75","-70.55","5.0","2008-09-27","77","H,,S","88",",,S","72",",,S"
"DRM00078458","PUERTO PLATA, DR","19.75","-70.55","5.0","2008-09-28","83","H,,S","90",",,S","72",",,S"
"DRM00078458","PUERTO PLATA, DR","19.75","-70.55","5.0","2008-09-29","80","H,,S","90",",,S","71",",,S"
"DRM00078458","PUERTO PLATA, DR","19.75","-70.55","5.0","2008-09-30","82","H,,S","90",",,S","71",",,S"
"DRM00078458","PUERTO PLATA, DR","19.75","-70.55","5.0","2008-10-01","83","H,,S","90",",,S","72",",,S"
"DRM00078458","PUERTO PLATA, DR","19.75","-70.55","5.0","2008-10-02","83","H,,S","93",",,S","71",",,S"
"DRM00078458","PUERTO PLATA, DR","19.75","-70.55","5.0","2008-10-03","83","H,,S","94",",,S","71",",,S"
"DRM00078458","PUERTO PLATA, DR","19.75","-70.55","5.0","2008-10-04","79","H,,S","90",",,S","72",",,S"
"DRM00078458","PUERTO PLATA, DR","19.75","-70.55","5.0","2008-10-05","79","H,,S","89",",,S","72",",,S"
"DRM00078458","PUERTO PLATA, DR","19.75","-70.55","5.0","2008-10-06","82","H,,S","87",",,S","71",",,S"
"DRM00078458","PUERTO PLATA, DR","19.75","-70.55","5.0","2008-10-07","81","H,,S","88",",,S","70",",,S"
"DRM00078458","PUERTO PLATA, DR","19.75","-70.55","5.0","2008-10-08","81","H,,S","90",",,S","70",",,S"
"DRM00078458","PUERTO PLATA, DR","19.75","-70.55","5.0","2008-10-09","81","H,,S","90",",,S","71",",,S"
"DRM00078458","PUERTO PLATA, DR","19.75","-70.55","5.0","2008-10-10","82","H,,S","87",",,S","70",",,S"
"DRM00078458","PUERTO PLATA, DR","19.75","-70.55","5.0","2008-10-11","78","H,,S","89",",,S","70",",,S"
"DRM00078458","PUERTO PLATA, DR","19.75","-70.55","5.0","2008-10-12","84","H,,S","89",",,S","72",",,S"
"DRM00078458","PUERTO PLATA, DR","19.75","-70.55","5.0","2008-10-13","80","H,,S","89",",,S","72",",,S"
"DRM00078458","PUERTO PLATA, DR","19.75","-70.55","5.0","2008-10-15","77","H,,S","90",",,S","69",",,S"
"DRM00078458","PUERTO PLATA, DR","19.75","-70.55","5.0","2008-10-16","77","H,,S","84",",,S","70",",,S"
"DRM00078458","PUERTO PLATA, DR","19.75","-70.55","5.0","2008-10-17","78","H,,S","86",",,S","69",",,S"
"DRM00078458","PUERTO PLATA, DR","19.75","-70.55","5.0","2008-10-18","80","H,,S","87",",,S","69",",,S"
"DRM00078458","PUERTO PLATA, DR","19.75","-70.55","5.0","2008-10-19","82","H,,S","91",",,S","71",",,S"
"DRM00078458","PUERTO PLATA, DR","19.75","-70.55","5.0","2008-10-20","79","H,,S","91",",,S","72",",,S"
"DRM00078458","PUERTO PLATA, DR","19.75","-70.55","5.0","2008-10-21","81","H,,S","90",",,S","73",",,S"
"DRM00078458","PUERTO PLATA, DR","19.75","-70.55","5.0","2008-10-23","80","H,,S","88",",,S","73",",,S"
"DRM00078458","PUERTO PLATA, DR","19.75","-70.55","5.0","2008-10-24","80","H,,S","90",",,S","73",",,S"
"DRM00078458","PUERTO PLATA, DR","19.75","-70.55","5.0","2008-10-26","79","H,,S","88",",,S","71",",,S"
"DRM00078458","PUERTO PLATA, DR","19.75","-70.55","5.0","2008-10-27","81","H,,S",,,,
"DRM00078458","PUERTO PLATA, DR","19.75","-70.55","5.0","2008-10-28","80","H,,S","89",",,S","72",",,S"
"DRM00078458","PUERTO PLATA, DR","19.75","-70.55","5.0","2008-10-29","80","H,,S","91",",,S","72",",,S"
"DRM00078458","PUERTO PLATA, DR","19.75","-70.55","5.0","2008-10-30","77","H,,S","87",",,S","72",",,S"
"DRM00078458","PUERTO PLATA, DR","19.75","-70.55","5.0","2008-10-31","76","H,,S","83",",,S","74",",,S"
"DRM00078458","PUERTO PLATA, DR","19.75","-70.55","5.0","2008-11-01","76","H,,S",,,,
"DRM00078458","PUERTO PLATA, DR","19.75","-70.55","5.0","2008-11-02","79","H,,S","87",",,S","72",",,S"
"DRM00078458","PUERTO PLATA, DR","19.75","-70.55","5.0","2008-11-03","82","H,,S","90",",,S","72",",,S"
"DRM00078458","PUERTO PLATA, DR","19.75","-70.55","5.0","2008-11-04","80","H,,S","90",",,S","72",",,S"
"DRM00078458","PUERTO PLATA, DR","19.75","-70.55","5.0","2008-11-05","80","H,,S","89",",,S","72",",,S"
"DRM00078458","PUERTO PLATA, DR","19.75","-70.55","5.0","2008-11-06","80","H,,S","90",",,S","71",",,S"
"DRM00078458","PUERTO PLATA, DR","19.75","-70.55","5.0","2008-11-07","79","H,,S","91",",,S","71",",,S"
"DRM00078458","PUERTO PLATA, DR","19.75","-70.55","5.0","2008-11-08","80","H,,S","86",",,S","74",",,S"
"DRM00078458","PUERTO PLATA, DR","19.75","-70.55","5.0","2008-11-09","80","H,,S","88",",,S","72",",,S"
"DRM00078458","PUERTO PLATA, DR","19.75","-70.55","5.0","2008-11-10","79","H,,S","90",",,S","72",",,S"
"DRM00078458","PUERTO PLATA, DR","19.75","-70.55","5.0","2008-11-11","79","H,,S","89",",,S","73",",,S"
"DRM00078458","PUERTO PLATA, DR","19.75","-70.55","5.0","2008-11-12","80","H,,S","88",",,S","70",",,S"
"DRM00078458","PUERTO PLATA, DR","19.75","-70.55","5.0","2008-11-19","76","H,,S","81",",,S","69",",,S"
"DRM00078458","PUERTO PLATA, DR","19.75","-70.55","5.0","2008-11-20","73","H,,S","81",",,S","70",",,S"
"DRM00078458","PUERTO PLATA, DR","19.75","-70.55","5.0","2008-11-21","73","H,,S","85",",,S","69",",,S"
"DRM00078458","PUERTO PLATA, DR","19.75","-70.55","5.0","2008-11-22","76","H,,S","84",",,S","69",",,S"
"DRM00078458","PUERTO PLATA, DR","19.75","-70.55","5.0","2008-11-23","80","H,,S","83",",,S","71",",,S"
"DRM00078458","PUERTO PLATA, DR","19.75","-70.55","5.0","2008-11-24","72","H,,S","83",",,S","70",",,S"
"DRM00078458","PUERTO PLATA, DR","19.75","-70.55","5.0","2008-11-25","76","H,,S","83",",,S","70",",,S"
"DRM00078458","PUERTO PLATA, DR","19.75","-70.55","5.0","2008-11-26","78","H,,S","84",",,S","68",",,S"
"DRM00078458","PUERTO PLATA, DR","19.75","-70.55","5.0","2008-11-27","74","H,,S",,,,
"DRM00078458","PUERTO PLATA, DR","19.75","-70.55","5.0","2008-11-28","74","H,,S","89",",,S","68",",,S"
"DRM00078458","PUERTO PLATA, DR","19.75","-70.55","5.0","2008-11-29","74","H,,S",,,,
"DRM00078458","PUERTO PLATA, DR","19.75","-70.55","5.0","2008-11-30","76","H,,S","85",",,S","65",",,S"
"DRM00078458","PUERTO PLATA, DR","19.75","-70.55","5.0","2008-12-01","75","H,,S",,,,
"DRM00078458","PUERTO PLATA, DR","19.75","-70.55","5.0","2008-12-02","77","H,,S","86",",,S","69",",,S"
"DRM00078458","PUERTO PLATA, DR","19.75","-70.55","5.0","2008-12-03","78","H,,S","87",",,S","71",",,S"
"DRM00078458","PUERTO PLATA, DR","19.75","-70.55","5.0","2008-12-04","76","H,,S","85",",,S","69",",,S"
"DRM00078458","PUERTO PLATA, DR","19.75","-70.55","5.0","2008-12-05","76","H,,S","83",",,S","70",",,S"
"DRM00078458","PUERTO PLATA, DR","19.75","-70.55","5.0","2008-12-06","76","H,,S","90",",,S","69",",,S"
"DRM00078458","PUERTO PLATA, DR","19.75","-70.55","5.0","2008-12-07","74","H,,S","85",",,S","65",",,S"
"DRM00078458","PUERTO PLATA, DR","19.75","-70.55","5.0","2008-12-08","75","H,,S","84",",,S","65",",,S"
"DRM00078458","PUERTO PLATA, DR","19.75","-70.55","5.0","2008-12-09","75","H,,S","84",",,S","69",",,S"
"DRM00078458","PUERTO PLATA, DR","19.75","-70.55","5.0","2008-12-10","75","H,,S","83",",,S","68",",,S"
"DRM00078458","PUERTO PLATA, DR","19.75","-70.55","5.0","2008-12-11","76","H,,S","84",",,S","68",",,S"
"DRM00078458","PUERTO PLATA, DR","19.75","-70.55","5.0","2008-12-12","78","H,,S","86",",,S","68",",,S"
"DRM00078458","PUERTO PLATA, DR","19.75","-70.55","5.0","2008-12-13","75","H,,S","86",",,S","67",",,S"
"DRM00078458","PUERTO PLATA, DR","19.75","-70.55","5.0","2008-12-14","76","H,,S","84",",,S","67",",,S"
"DRM00078458","PUERTO PLATA, DR","19.75","-70.55","5.0","2008-12-15","77","H,,S","83",",,S","70",",,S"
"DRM00078458","PUERTO PLATA, DR","19.75","-70.55","5.0","2008-12-16","76","H,,S","83",",,S","70",",,S"
"DRM00078458","PUERTO PLATA, DR","19.75","-70.55","5.0","2008-12-17","75","H,,S","83",",,S","69",",,S"
"DRM00078458","PUERTO PLATA, DR","19.75","-70.55","5.0","2008-12-18","72","H,,S","83",",,S","65",",,S"
"DRM00078458","PUERTO PLATA, DR","19.75","-70.55","5.0","2008-12-19","74","H,,S",,,,
"DRM00078458","PUERTO PLATA, DR","19.75","-70.55","5.0","2008-12-20","74","H,,S","82",",,S","70",",,S"
"DRM00078458","PUERTO PLATA, DR","19.75","-70.55","5.0","2008-12-21","75","H,,S","84",",,S","70",",,S"
"DRM00078458","PUERTO PLATA, DR","19.75","-70.55","5.0","2008-12-22","76","H,,S","90",",,S","66",",,S"
"DRM00078458","PUERTO PLATA, DR","19.75","-70.55","5.0","2008-12-23","75","H,,S","84",",,S","67",",,S"
"DRM00078458","PUERTO PLATA, DR","19.75","-70.55","5.0","2008-12-24","76","H,,S","83",",,S","69",",,S"
"DRM00078458","PUERTO PLATA, DR","19.75","-70.55","5.0","2008-12-25","76","H,,S","85",",,S","66",",,S"
"DRM00078458","PUERTO PLATA, DR","19.75","-70.55","5.0","2008-12-26","74","H,,S","89",",,S","66",",,S"
"DRM00078458","PUERTO PLATA, DR","19.75","-70.55","5.0","2008-12-27","77","H,,S","86",",,S","67",",,S"
"DRM00078458","PUERTO PLATA, DR","19.75","-70.55","5.0","2008-12-28","74","H,,S","83",",,S","67",",,S"
"DRM00078458","PUERTO PLATA, DR","19.75","-70.55","5.0","2008-12-29","75","H,,S","82",",,S","67",",,S"
"DRM00078458","PUERTO PLATA, DR","19.75","-70.55","5.0","2008-12-30","74","H,,S","82",",,S","66",",,S"
"DRM00078458","PUERTO PLATA, DR","19.75","-70.55","5.0","2008-12-31","73","H,,S","85",",,S","66",",,S"
"DRM00078458","PUERTO PLATA, DR","19.75","-70.55","5.0","2009-01-01","72","H,,S","82",",,S","65",",,S"
"DRM00078458","PUERTO PLATA, DR","19.75","-70.55","5.0","2009-01-02","74","H,,S","82",",,S","65",",,S"
"DRM00078458","PUERTO PLATA, DR","19.75","-70.55","5.0","2009-01-03","72","H,,S","82",",,S","63",",,S"
"DRM00078458","PUERTO PLATA, DR","19.75","-70.55","5.0","2009-01-04","75","H,,S","84",",,S","63",",,S"
"DRM00078458","PUERTO PLATA, DR","19.75","-70.55","5.0","2009-01-05","75","H,,S","90",",,S","68",",,S"
"DRM00078458","PUERTO PLATA, DR","19.75","-70.55","5.0","2009-01-06","76","H,,S","85",",,S","67",",,S"
"DRM00078458","PUERTO PLATA, DR","19.75","-70.55","5.0","2009-01-07","78","H,,S","88",",,S","67",",,S"
"DRM00078458","PUERTO PLATA, DR","19.75","-70.55","5.0","2009-01-08","77","H,,S","88",",,S","67",",,S"
"DRM00078458","PUERTO PLATA, DR","19.75","-70.55","5.0","2009-01-09","76","H,,S","88",",,S","65",",,S"
"DRM00078458","PUERTO PLATA, DR","19.75","-70.55","5.0","2009-01-10","74","H,,S","85",",,S","65",",,S"
"DRM00078458","PUERTO PLATA, DR","19.75","-70.55","5.0","2009-01-11","74","H,,S","82",",,S","68",",,S"
"DRM00078458","PUERTO PLATA, DR","19.75","-70.55","5.0","2009-01-12","76","H,,S","85",",,S","68",",,S"
"DRM00078458","PUERTO PLATA, DR","19.75","-70.55","5.0","2009-01-13","74","H,,S","85",",,S","67",",,S"
"DRM00078458","PUERTO PLATA, DR","19.75","-70.55","5.0","2009-01-14","78","H,,S","85",",,S","63",",,S"
"DRM00078458","PUERTO PLATA, DR","19.75","-70.55","5.0","2009-01-15","77","H,,S","85",",,S","64",",,S"
"DRM00078458","PUERTO PLATA, DR","19.75","-70.55","5.0","2009-01-16","73","H,,S","83",",,S","64",",,S"
"DRM00078458","PUERTO PLATA, DR","19.75","-70.55","5.0","2009-01-17","74","H,,S","83",",,S","64",",,S"
"DRM00078458","PUERTO PLATA, DR","19.75","-70.55","5.0","2009-01-18","74","H,,S","81",",,S","69",",,S"
"DRM00078458","PUERTO PLATA, DR","19.75","-70.55","5.0","2009-01-19","75","H,,S","81",",,S","68",",,S"
"DRM00078458","PUERTO PLATA, DR","19.75","-70.55","5.0","2009-01-20","78","H,,S","86",",,S","66",",,S"
"DRM00078458","PUERTO PLATA, DR","19.75","-70.55","5.0","2009-01-21","77","H,,S","88",",,S","66",",,S"
"DRM00078458","PUERTO PLATA, DR","19.75","-70.55","5.0","2009-01-22","71","H,,S","87",",,S","68",",,S"
"DRM00078458","PUERTO PLATA, DR","19.75","-70.55","5.0","2009-01-23","71","H,,S","80",",,S","68",",,S"
"DRM00078458","PUERTO PLATA, DR","19.75","-70.55","5.0","2009-01-24","73","H,,S","79",",,S","71",",,S"
"DRM00078458","PUERTO PLATA, DR","19.75","-70.55","5.0","2009-01-25","74","H,,S","83",",,S","68",",,S"
"DRM00078458","PUERTO PLATA, DR","19.75","-70.55","5.0","2009-01-26","75","H,,S","83",",,S","68",",,S"
"DRM00078458","PUERTO PLATA, DR","19.75","-70.55","5.0","2009-01-27","76","H,,S","83",",,S","67",",,S"
"DRM00078458","PUERTO PLATA, DR","19.75","-70.55","5.0","2009-01-28","75","H,,S","83",",,S","67",",,S"
"DRM00078458","PUERTO PLATA, DR","19.75","-70.55","5.0","2009-01-29","76","H,,S","84",",,S","67",",,S"
"DRM00078458","PUERTO PLATA, DR","19.75","-70.55","5.0","2009-01-30","76","H,,S","86",",,S","66",",,S"
"DRM00078458","PUERTO PLATA, DR","19.75","-70.55","5.0","2009-01-31","75","H,,S","86",",,S","62",",,S"
"DRM00078458","PUERTO PLATA, DR","19.75","-70.55","5.0","2009-02-01","74","H,,S","83",",,S","67",",,S"
"DRM00078458","PUERTO PLATA, DR","19.75","-70.55","5.0","2009-02-02","74","H,,S","83",",,S","69",",,S"
"DRM00078458","PUERTO PLATA, DR","19.75","-70.55","5.0","2009-02-03","77","H,,S",,,,
"DRM00078458","PUERTO PLATA, DR","19.75","-70.55","5.0","2009-02-04","76","H,,S","87",",,S","65",",,S"
"DRM00078458","PUERTO PLATA, DR","19.75","-70.55","5.0","2009-02-05","74","H,,S","85",",,S","65",",,S"
"DRM00078458","PUERTO PLATA, DR","19.75","-70.55","5.0","2009-02-06","68","H,,S",,,,
"DRM00078458","PUERTO PLATA, DR","19.75","-70.55","5.0","2009-02-07","70","H,,S","75",",,S","66",",,S"
"DRM00078458","PUERTO PLATA, DR","19.75","-70.55","5.0","2009-02-08","74","H,,S","79",",,S","67",",,S"
"DRM00078458","PUERTO PLATA, DR","19.75","-70.55","5.0","2009-02-09","74","H,,S","80",",,S","70",",,S"
"DRM00078458","PUERTO PLATA, DR","19.75","-70.55","5.0","2009-02-10","71","H,,S",,,,
"DRM00078458","PUERTO PLATA, DR","19.75","-70.55","5.0","2009-02-11","71","H,,S",,,,
"DRM00078458","PUERTO PLATA, DR","19.75","-70.55","5.0","2009-02-12","73","H,,S","83",",,S","65",",,S"
"DRM00078458","PUERTO PLATA, DR","19.75","-70.55","5.0","2009-02-13","74","H,,S","91",",,S","65",",,S"
"DRM00078458","PUERTO PLATA, DR","19.75","-70.55","5.0","2009-02-14","74","H,,S","83",",,S","67",",,S"
"DRM00078458","PUERTO PLATA, DR","19.75","-70.55","5.0","2009-02-15","73","H,,S","86",",,S","64",",,S"
"DRM00078458","PUERTO PLATA, DR","19.75","-70.55","5.0","2009-02-16","73","H,,S","86",",,S","63",",,S"
"DRM00078458","PUERTO PLATA, DR","19.75","-70.55","5.0","2009-02-17","72","H,,S","83",",,S","63",",,S"
"DRM00078458","PUERTO PLATA, DR","19.75","-70.55","5.0","2009-02-18","70","H,,S","80",",,S","63",",,S"
"DRM00078458","PUERTO PLATA, DR","19.75","-70.55","5.0","2009-02-19","74","H,,S","84",",,S","63",",,S"
"DRM00078458","PUERTO PLATA, DR","19.75","-70.55","5.0","2009-02-20","72","H,,S","84",",,S","64",",,S"
"DRM00078458","PUERTO PLATA, DR","19.75","-70.55","5.0","2009-02-21","76","H,,S",,,,
"DRM00078458","PUERTO PLATA, DR","19.75","-70.55","5.0","2009-02-22","76","H,,S","85",",,S","67",",,S"
"DRM00078458","PUERTO PLATA, DR","19.75","-70.55","5.0","2009-02-23","74","H,,S","85",",,S","66",",,S"
"DRM00078458","PUERTO PLATA, DR","19.75","-70.55","5.0","2009-02-24","75","H,,S","85",",,S","64",",,S"
"DRM00078458","PUERTO PLATA, DR","19.75","-70.55","5.0","2009-02-25","76","H,,S",,,,
"DRM00078458","PUERTO PLATA, DR","19.75","-70.55","5.0","2009-02-26","74","H,,S","82",",,S","68",",,S"
"DRM00078458","PUERTO PLATA, DR","19.75","-70.55","5.0","2009-02-27","74","H,,S","82",",,S","67",",,S"
"DRM00078458","PUERTO PLATA, DR","19.75","-70.55","5.0","2009-02-28","76","H,,S","83",",,S","67",",,S"
"DRM00078458","PUERTO PLATA, DR","19.75","-70.55","5.0","2009-03-01","75","H,,S","84",",,S","67",",,S"
"DRM00078458","PUERTO PLATA, DR","19.75","-70.55","5.0","2009-03-02","74","H,,S","84",",,S","67",",,S"
"DRM00078458","PUERTO PLATA, DR","19.75","-70.55","5.0","2009-03-03","74","H,,S","87",",,S","71",",,S"
"DRM00078458","PUERTO PLATA, DR","19.75","-70.55","5.0","2009-03-04","74","H,,S","78",",,S","69",",,S"
"DRM00078458","PUERTO PLATA, DR","19.75","-70.55","5.0","2009-03-05","69","H,,S","81",",,S","67",",,S"
"DRM00078458","PUERTO PLATA, DR","19.75","-70.55","5.0","2009-03-06","73","H,,S",,,,
"DRM00078458","PUERTO PLATA, DR","19.75","-70.55","5.0","2009-03-07","71","H,,S","79",",,S","63",",,S"
"DRM00078458","PUERTO PLATA, DR","19.75","-70.55","5.0","2009-03-08","72","H,,S","80",",,S","63",",,S"
"DRM00078458","PUERTO PLATA, DR","19.75","-70.55","5.0","2009-03-09","73","H,,S","81",",,S","64",",,S"
"DRM00078458","PUERTO PLATA, DR","19.75","-70.55","5.0","2009-03-10","73","H,,S",,,,
"DRM00078458","PUERTO PLATA, DR","19.75","-70.55","5.0","2009-03-11","73","H,,S","80",",,S","66",",,S"
"DRM00078458","PUERTO PLATA, DR","19.75","-70.55","5.0","2009-03-12","74","H,,S","81",",,S","65",",,S"
"DRM00078458","PUERTO PLATA, DR","19.75","-70.55","5.0","2009-03-13","73","H,,S","88",",,S","65",",,S"
"DRM00078458","PUERTO PLATA, DR","19.75","-70.55","5.0","2009-03-14","73","H,,S","82",",,S","67",",,S"
"DRM00078458","PUERTO PLATA, DR","19.75","-70.55","5.0","2009-03-15","74","H,,S","82",",,S","67",",,S"
"DRM00078458","PUERTO PLATA, DR","19.75","-70.55","5.0","2009-03-16","75","H,,S","83",",,S","67",",,S"
"DRM00078458","PUERTO PLATA, DR","19.75","-70.55","5.0","2009-03-17","75","H,,S","84",",,S","65",",,S"
"DRM00078458","PUERTO PLATA, DR","19.75","-70.55","5.0","2009-03-18","72","H,,S","83",",,S","65",",,S"
"DRM00078458","PUERTO PLATA, DR","19.75","-70.55","5.0","2009-03-19","72","H,,S",,,,
"DRM00078458","PUERTO PLATA, DR","19.75","-70.55","5.0","2009-03-20","74","H,,S","84",",,S","69",",,S"
"DRM00078458","PUERTO PLATA, DR","19.75","-70.55","5.0","2009-03-21","73","H,,S",,,,
"DRM00078458","PUERTO PLATA, DR","19.75","-70.55","5.0","2009-03-22","72","H,,S","84",",,S","63",",,S"
"DRM00078458","PUERTO PLATA, DR","19.75","-70.55","5.0","2009-03-23","70","H,,S","79",",,S","66",",,S"
"DRM00078458","PUERTO PLATA, DR","19.75","-70.55","5.0","2009-03-24","70","H,,S","77",",,S","64",",,S"
"DRM00078458","PUERTO PLATA, DR","19.75","-70.55","5.0","2009-03-25","70","H,,S","78",",,S","64",",,S"
"DRM00078458","PUERTO PLATA, DR","19.75","-70.55","5.0","2009-03-26","70","H,,S","76",",,S","64",",,S"
"DRM00078458","PUERTO PLATA, DR","19.75","-70.55","5.0","2009-03-27","74","H,,S","82",",,S","67",",,S"
"DRM00078458","PUERTO PLATA, DR","19.75","-70.55","5.0","2009-03-28","73","H,,S","84",",,S","63",",,S"
"DRM00078458","PUERTO PLATA, DR","19.75","-70.55","5.0","2009-03-29","75","H,,S","85",",,S","63",",,S"
"DRM00078458","PUERTO PLATA, DR","19.75","-70.55","5.0","2009-03-30","76","H,,S","85",",,S","66",",,S"
"DRM00078458","PUERTO PLATA, DR","19.75","-70.55","5.0","2009-03-31","77","H,,S","85",",,S","66",",,S"
"DRM00078458","PUERTO PLATA, DR","19.75","-70.55","5.0","2009-04-01","76","H,,S","83",",,S","66",",,S"
"DRM00078458","PUERTO PLATA, DR","19.75","-70.55","5.0","2009-04-02","77","H,,S","87",",,S","67",",,S"
"DRM00078458","PUERTO PLATA, DR","19.75","-70.55","5.0","2009-04-03","77","H,,S","87",",,S","69",",,S"
"DRM00078458","PUERTO PLATA, DR","19.75","-70.55","5.0","2009-04-04","77","H,,S",,,,
"DRM00078458","PUERTO PLATA, DR","19.75","-70.55","5.0","2009-04-05","76","H,,S","85",",,S","69",",,S"
"DRM00078458","PUERTO PLATA, DR","19.75","-70.55","5.0","2009-04-06","75","H,,S",,,,
"DRM00078458","PUERTO PLATA, DR","19.75","-70.55","5.0","2009-04-07","76","H,,S","85",",,S","66",",,S"
"DRM00078458","PUERTO PLATA, DR","19.75","-70.55","5.0","2009-04-08","77","H,,S","85",",,S","66",",,S"
"DRM00078458","PUERTO PLATA, DR","19.75","-70.55","5.0","2009-04-09","77","H,,S",,,,
"DRM00078458","PUERTO PLATA, DR","19.75","-70.55","5.0","2009-04-10","78","H,,S","88",",,S","71",",,S"
"DRM00078458","PUERTO PLATA, DR","19.75","-70.55","5.0","2009-04-11","78","H,,S","87",",,S","68",",,S"
"DRM00078458","PUERTO PLATA, DR","19.75","-70.55","5.0","2009-04-12","76","H,,S","87",",,S","67",",,S"
"DRM00078458","PUERTO PLATA, DR","19.75","-70.55","5.0","2009-04-13","76","H,,S","85",",,S","67",",,S"
"DRM00078458","PUERTO PLATA, DR","19.75","-70.55","5.0","2009-04-14","78","H,,S","86",",,S","67",",,S"
"DRM00078458","PUERTO PLATA, DR","19.75","-70.55","5.0","2009-04-15","80","H,,S","87",",,S","68",",,S"
"DRM00078458","PUERTO PLATA, DR","19.75","-70.55","5.0","2009-04-16","78","H,,S","90",",,S","69",",,S"
"DRM00078458","PUERTO PLATA, DR","19.75","-70.55","5.0","2009-04-17","77","H,,S","90",",,S","69",",,S"
"DRM00078458","PUERTO PLATA, DR","19.75","-70.55","5.0","2009-04-18","78","H,,S","86",",,S","69",",,S"
"DRM00078458","PUERTO PLATA, DR","19.75","-70.55","5.0","2009-04-19","74","H,,S","83",",,S","69",",,S"
"DRM00078458","PUERTO PLATA, DR","19.75","-70.55","5.0","2009-04-20","75","H,,S","86",",,S","69",",,S"
"DRM00078458","PUERTO PLATA, DR","19.75","-70.55","5.0","2009-04-21","81","H,,S","87",",,S","69",",,S"
"DRM00078458","PUERTO PLATA, DR","19.75","-70.55","5.0","2009-04-22","79","H,,S","87",",,S","72",",,S"
"DRM00078458","PUERTO PLATA, DR","19.75","-70.55","5.0","2009-04-23","79","H,,S","88",",,S","72",",,S"
"DRM00078458","PUERTO PLATA, DR","19.75","-70.55","5.0","2009-04-24","78","H,,S","88",",,S","70",",,S"
"DRM00078458","PUERTO PLATA, DR","19.75","-70.55","5.0","2009-04-25","76","H,,S","85",",,S","70",",,S"
"DRM00078458","PUERTO PLATA, DR","19.75","-70.55","5.0","2009-04-26","75","H,,S","83",",,S","69",",,S"
"DRM00078458","PUERTO PLATA, DR","19.75","-70.55","5.0","2009-04-27","76","H,,S","84",",,S","69",",,S"
"DRM00078458","PUERTO PLATA, DR","19.75","-70.55","5.0","2009-04-28","76","H,,S","85",",,S","70",",,S"
"DRM00078458","PUERTO PLATA, DR","19.75","-70.55","5.0","2009-04-29","74","H,,S","84",",,S","70",",,S"
"DRM00078458","PUERTO PLATA, DR","19.75","-70.55","5.0","2009-04-30","74","H,,S","81",",,S","64",",,S"
"DRM00078458","PUERTO PLATA, DR","19.75","-70.55","5.0","2009-05-01","75","H,,S","84",",,S","64",",,S"
"DRM00078458","PUERTO PLATA, DR","19.75","-70.55","5.0","2009-05-02","76","H,,S","84",",,S","69",",,S"
"DRM00078458","PUERTO PLATA, DR","19.75","-70.55","5.0","2009-05-03","76","H,,S","84",",,S","68",",,S"
"DRM00078458","PUERTO PLATA, DR","19.75","-70.55","5.0","2009-05-04","75","H,,S","84",",,S","67",",,S"
"DRM00078458","PUERTO PLATA, DR","19.75","-70.55","5.0","2009-05-05","77","H,,S","84",",,S","67",",,S"
"DRM00078458","PUERTO PLATA, DR","19.75","-70.55","5.0","2009-05-06","78","H,,S","85",",,S","69",",,S"
"DRM00078458","PUERTO PLATA, DR","19.75","-70.55","5.0","2009-05-07","78","H,,S","87",",,S","71",",,S"
"DRM00078458","PUERTO PLATA, DR","19.75","-70.55","5.0","2009-05-08","78","H,,S","87",",,S","71",",,S"
"DRM00078458","PUERTO PLATA, DR","19.75","-70.55","5.0","2009-05-09","76","H,,S",,,,
"DRM00078458","PUERTO PLATA, DR","19.75","-70.55","5.0","2009-05-10","78","H,,S","88",",,S","72",",,S"
"DRM00078458","PUERTO PLATA, DR","19.75","-70.55","5.0","2009-05-11","79","H,,S","86",",,S","71",",,S"
"DRM00078458","PUERTO PLATA, DR","19.75","-70.55","5.0","2009-05-12","79","H,,S","86",",,S","68",",,S"
"DRM00078458","PUERTO PLATA, DR","19.75","-70.55","5.0","2009-05-13","77","H,,S","86",",,S","68",",,S"
"DRM00078458","PUERTO PLATA, DR","19.75","-70.55","5.0","2009-05-14","76","H,,S","85",",,S","68",",,S"
"DRM00078458","PUERTO PLATA, DR","19.75","-70.55","5.0","2009-05-15","76","H,,S","85",",,S","66",",,S"
"DRM00078458","PUERTO PLATA, DR","19.75","-70.55","5.0","2009-05-16","77","H,,S","84",",,S","66",",,S"
"DRM00078458","PUERTO PLATA, DR","19.75","-70.55","5.0","2009-05-17","76","H,,S",,,,
"DRM00078458","PUERTO PLATA, DR","19.75","-70.55","5.0","2009-05-18","76","H,,S","85",",,S","71",",,S"
"DRM00078458","PUERTO PLATA, DR","19.75","-70.55","5.0","2009-05-19","79","H,,S","92",",,S","71",",,S"
"DRM00078458","PUERTO PLATA, DR","19.75","-70.55","5.0","2009-05-20","78","H,,S","92",",,S","72",",,S"
"DRM00078458","PUERTO PLATA, DR","19.75","-70.55","5.0","2009-05-21","77","H,,S","85",",,S","72",",,S"
"DRM00078458","PUERTO PLATA, DR","19.75","-70.55","5.0","2009-05-22","77","H,,S","87",",,S","72",",,S"
"DRM00078458","PUERTO PLATA, DR","19.75","-70.55","5.0","2009-05-23","78","H,,S","87",",,S","72",",,S"
"DRM00078458","PUERTO PLATA, DR","19.75","-70.55","5.0","2009-05-24","78","H,,S","87",",,S","71",",,S"
"DRM00078458","PUERTO PLATA, DR","19.75","-70.55","5.0","2009-05-25","79","H,,S","90",",,S","71",",,S"
"DRM00078458","PUERTO PLATA, DR","19.75","-70.55","5.0","2009-05-26","78","H,,S","90",",,S","72",",,S"
"DRM00078458","PUERTO PLATA, DR","19.75","-70.55","5.0","2009-05-27","79","H,,S","89",",,S","73",",,S"
"DRM00078458","PUERTO PLATA, DR","19.75","-70.55","5.0","2009-05-28","80","H,,S","89",",,S","73",",,S"
"DRM00078458","PUERTO PLATA, DR","19.75","-70.55","5.0","2009-05-29","82","H,,S","91",",,S","72",",,S"
"DRM00078458","PUERTO PLATA, DR","19.75","-70.55","5.0","2009-05-30","80","H,,S","91",",,S","71",",,S"
"DRM00078458","PUERTO PLATA, DR","19.75","-70.55","5.0","2009-05-31","81","H,,S","90",",,S","69",",,S"
"DRM00078458","PUERTO PLATA, DR","19.75","-70.55","5.0","2009-06-01","79","H,,S","89",",,S","70",",,S"
"DRM00078458","PUERTO PLATA, DR","19.75","-70.55","5.0","2009-06-02","76","H,,S","87",",,S","68",",,S"
"DRM00078458","PUERTO PLATA, DR","19.75","-70.55","5.0","2009-06-03","80","H,,S","87",",,S","69",",,S"
"DRM00078458","PUERTO PLATA, DR","19.75","-70.55","5.0","2009-06-04","79","H,,S","88",",,S","72",",,S"
"DRM00078458","PUERTO PLATA, DR","19.75","-70.55","5.0","2009-06-05","81","H,,S","90",",,S","73",",,S"
"DRM00078458","PUERTO PLATA, DR","19.75","-70.55","5.0","2009-06-06","78","H,,S","89",",,S","73",",,S"
"DRM00078458","PUERTO PLATA, DR","19.75","-70.55","5.0","2009-06-07","79","H,,S","90",",,S","73",",,S"
"DRM00078458","PUERTO PLATA, DR","19.75","-70.55","5.0","2009-06-08","80","H,,S","87",",,S","72",",,S"
"DRM00078458","PUERTO PLATA, DR","19.75","-70.55","5.0","2009-06-09","77","H,,S","90",",,S","72",",,S"
"DRM00078458","PUERTO PLATA, DR","19.75","-70.55","5.0","2009-06-10","77","H,,S","90",",,S","71",",,S"
"DRM00078458","PUERTO PLATA, DR","19.75","-70.55","5.0","2009-06-11","77","H,,S","90",",,S","71",",,S"
"DRM00078458","PUERTO PLATA, DR","19.75","-70.55","5.0","2009-06-12","77","H,,S","86",",,S","72",",,S"
"DRM00078458","PUERTO PLATA, DR","19.75","-70.55","5.0","2009-06-13","78","H,,S","89",",,S","72",",,S"
"DRM00078458","PUERTO PLATA, DR","19.75","-70.55","5.0","2009-06-14","79","H,,S","90",",,S","73",",,S"
"DRM00078458","PUERTO PLATA, DR","19.75","-70.55","5.0","2009-06-15","80","H,,S","89",",,S","72",",,S"
"DRM00078458","PUERTO PLATA, DR","19.75","-70.55","5.0","2009-06-16","81","H,,S","89",",,S","74",",,S"
"DRM00078458","PUERTO PLATA, DR","19.75","-70.55","5.0","2009-06-17","79","H,,S","89",",,S","73",",,S"
"DRM00078458","PUERTO PLATA, DR","19.75","-70.55","5.0","2009-06-19","81","H,,S","90",",,S","72",",,S"
"DRM00078458","PUERTO PLATA, DR","19.75","-70.55","5.0","2009-06-20","82","H,,S","90",",,S","72",",,S"
"DRM00078458","PUERTO PLATA, DR","19.75","-70.55","5.0","2009-06-21","81","H,,S","92",",,S","74",",,S"
"DRM00078458","PUERTO PLATA, DR","19.75","-70.55","5.0","2009-06-22","80","H,,S","90",",,S","73",",,S"
"DRM00078458","PUERTO PLATA, DR","19.75","-70.55","5.0","2009-06-23","78","H,,S","89",",,S","71",",,S"
"DRM00078458","PUERTO PLATA, DR","19.75","-70.55","5.0","2009-06-24","79","H,,S","89",",,S","71",",,S"
"DRM00078458","PUERTO PLATA, DR","19.75","-70.55","5.0","2009-06-25","82","H,,S","93",",,S","71",",,S"
"DRM00078458","PUERTO PLATA, DR","19.75","-70.55","5.0","2009-06-26","83","H,,S","93",",,S","73",",,S"
"DRM00078458","PUERTO PLATA, DR","19.75","-70.55","5.0","2009-06-27","82","H,,S","92",",,S","73",",,S"
"DRM00078458","PUERTO PLATA, DR","19.75","-70.55","5.0","2009-06-28","81","H,,S","91",",,S","72",",,S"
"DRM00078458","PUERTO PLATA, DR","19.75","-70.55","5.0","2009-06-29","80","H,,S","91",",,S","72",",,S"
"DRM00078458","PUERTO PLATA, DR","19.75","-70.55","5.0","2009-06-30","83","H,,S","91",",,S","72",",,S"
"DRM00078458","PUERTO PLATA, DR","19.75","-70.55","5.0","2009-07-01","83","H,,S","92",",,S","72",",,S"
"DRM00078458","PUERTO PLATA, DR","19.75","-70.55","5.0","2009-07-02","83","H,,S","94",",,S","73",",,S"
"DRM00078458","PUERTO PLATA, DR","19.75","-70.55","5.0","2009-07-03","84","H,,S","94",",,S","76",",,S"
"DRM00078458","PUERTO PLATA, DR","19.75","-70.55","5.0","2009-07-04","84","H,,S","90",",,S","73",",,S"
"DRM00078458","PUERTO PLATA, DR","19.75","-70.55","5.0","2009-07-05","83","H,,S","90",",,S","73",",,S"
"DRM00078458","PUERTO PLATA, DR","19.75","-70.55","5.0","2009-07-06","81","H,,S","91",",,S","73",",,S"
"DRM00078458","PUERTO PLATA, DR","19.75","-70.55","5.0","2009-07-07","83","H,,S","95",",,S","74",",,S"
"DRM00078458","PUERTO PLATA, DR","19.75","-70.55","5.0","2009-07-08","83","H,,S","95",",,S","74",",,S"
"DRM00078458","PUERTO PLATA, DR","19.75","-70.55","5.0","2009-07-09","81","H,,S","92",",,S","74",",,S"
"DRM00078458","PUERTO PLATA, DR","19.75","-70.55","5.0","2009-07-10","83","H,,S","92",",,S","74",",,S"
"DRM00078458","PUERTO PLATA, DR","19.75","-70.55","5.0","2009-07-11","80","H,,S","93",",,S","73",",,S"
"DRM00078458","PUERTO PLATA, DR","19.75","-70.55","5.0","2009-07-12","82","H,,S","91",",,S","73",",,S"
"DRM00078458","PUERTO PLATA, DR","19.75","-70.55","5.0","2009-07-13","82","H,,S","91",",,S","73",",,S"
"DRM00078458","PUERTO PLATA, DR","19.75","-70.55","5.0","2009-07-14","83","H,,S","94",",,S","73",",,S"
"DRM00078458","PUERTO PLATA, DR","19.75","-70.55","5.0","2009-07-15","84","H,,S","94",",,S","73",",,S"
"DRM00078458","PUERTO PLATA, DR","19.75","-70.55","5.0","2009-07-16","83","H,,S","92",",,S","73",",,S"
"DRM00078458","PUERTO PLATA, DR","19.75","-70.55","5.0","2009-07-17","83","H,,S","92",",,S","76",",,S"
"DRM00078458","PUERTO PLATA, DR","19.75","-70.55","5.0","2009-07-18","83","H,,S",,,,
"DRM00078458","PUERTO PLATA, DR","19.75","-70.55","5.0","2009-07-19","81","H,,S","95",",,S","75",",,S"
"DRM00078458","PUERTO PLATA, DR","19.75","-70.55","5.0","2009-07-20","81","H,,S",,,,
"DRM00078458","PUERTO PLATA, DR","19.75","-70.55","5.0","2009-07-21","80","H,,S","90",",,S","75",",,S"
"DRM00078458","PUERTO PLATA, DR","19.75","-70.55","5.0","2009-07-22","80","H,,S","90",",,S","74",",,S"
"DRM00078458","PUERTO PLATA, DR","19.75","-70.55","5.0","2009-07-23","84","H,,S","93",",,S","74",",,S"
"DRM00078458","PUERTO PLATA, DR","19.75","-70.55","5.0","2009-07-24","83","H,,S","93",",,S","77",",,S"
"DRM00078458","PUERTO PLATA, DR","19.75","-70.55","5.0","2009-07-25","83","H,,S","90",",,S","74",",,S"
"DRM00078458","PUERTO PLATA, DR","19.75","-70.55","5.0","2009-07-26","82","H,,S","90",",,S","74",",,S"
"DRM00078458","PUERTO PLATA, DR","19.75","-70.55","5.0","2009-07-27","81","H,,S","90",",,S","75",",,S"
"DRM00078458","PUERTO PLATA, DR","19.75","-70.55","5.0","2009-07-28","83","H,,S","90",",,S","75",",,S"
"DRM00078458","PUERTO PLATA, DR","19.75","-70.55","5.0","2009-07-29","83","H,,S","90",",,S","76",",,S"
"DRM00078458","PUERTO PLATA, DR","19.75","-70.55","5.0","2009-07-30","81","H,,S",,,,
"DRM00078458","PUERTO PLATA, DR","19.75","-70.55","5.0","2009-07-31","82","H,,S","92",",,S","74",",,S"
"DRM00078458","PUERTO PLATA, DR","19.75","-70.55","5.0","2009-08-01","82","H,,S","91",",,S","74",",,S"
"DRM00078458","PUERTO PLATA, DR","19.75","-70.55","5.0","2009-08-02","81","H,,S","89",",,S","73",",,S"
"DRM00078458","PUERTO PLATA, DR","19.75","-70.55","5.0","2009-08-03","80","H,,S","90",",,S","73",",,S"
"DRM00078458","PUERTO PLATA, DR","19.75","-70.55","5.0","2009-08-04","81","H,,S","92",",,S","68",",,S"
"DRM00078458","PUERTO PLATA, DR","19.75","-70.55","5.0","2009-08-05","82","H,,S","92",",,S","74",",,S"
"DRM00078458","PUERTO PLATA, DR","19.75","-70.55","5.0","2009-08-06","82","H,,S","93",",,S","73",",,S"
"DRM00078458","PUERTO PLATA, DR","19.75","-70.55","5.0","2009-08-07","83","H,,S","93",",,S","73",",,S"
"DRM00078458","PUERTO PLATA, DR","19.75","-70.55","5.0","2009-08-08","83","H,,S","92",",,S","76",",,S"
"DRM00078458","PUERTO PLATA, DR","19.75","-70.55","5.0","2009-08-09","82","H,,S","91",",,S","75",",,S"
"DRM00078458","PUERTO PLATA, DR","19.75","-70.55","5.0","2009-08-10","83","H,,S","91",",,S","74",",,S"
"DRM00078458","PUERTO PLATA, DR","19.75","-70.55","5.0","2009-08-11","81","H,,S","90",",,S","74",",,S"
"DRM00078458","PUERTO PLATA, DR","19.75","-70.55","5.0","2009-08-12","81","H,,S","89",",,S","74",",,S"
"DRM00078458","PUERTO PLATA, DR","19.75","-70.55","5.0","2009-08-13","78","H,,S","89",",,S","74",",,S"
"DRM00078458","PUERTO PLATA, DR","19.75","-70.55","5.0","2009-08-14","82","H,,S","90",",,S","72",",,S"
"DRM00078458","PUERTO PLATA, DR","19.75","-70.55","5.0","2009-08-15","81","H,,S","90",",,S","72",",,S"
"DRM00078458","PUERTO PLATA, DR","19.75","-70.55","5.0","2009-08-16","80","H,,S","88",",,S","73",",,S"
"DRM00078458","PUERTO PLATA, DR","19.75","-70.55","5.0","2009-08-17","81","H,,S","90",",,S","73",",,S"
"DRM00078458","PUERTO PLATA, DR","19.75","-70.55","5.0","2009-08-18","81","H,,S","93",",,S","73",",,S"
"DRM00078458","PUERTO PLATA, DR","19.75","-70.55","5.0","2009-08-19","81","H,,S","93",",,S","75",",,S"
"DRM00078458","PUERTO PLATA, DR","19.75","-70.55","5.0","2009-08-20","79","H,,S","90",",,S","75",",,S"
"DRM00078458","PUERTO PLATA, DR","19.75","-70.55","5.0","2009-08-21","79","H,,S","87",",,S","72",",,S"
"DRM00078458","PUERTO PLATA, DR","19.75","-70.55","5.0","2009-08-22","82","H,,S","90",",,S","72",",,S"
"DRM00078458","PUERTO PLATA, DR","19.75","-70.55","5.0","2009-08-23","83","H,,S",,,,
"DRM00078458","PUERTO PLATA, DR","19.75","-70.55","5.0","2009-08-24","81","H,,S","90",",,S","74",",,S"
"DRM00078458","PUERTO PLATA, DR","19.75","-70.55","5.0","2009-08-25","81","H,,S","90",",,S","74",",,S"
"DRM00078458","PUERTO PLATA, DR","19.75","-70.55","5.0","2009-08-26","81","H,,S","89",",,S","74",",,S"
"DRM00078458","PUERTO PLATA, DR","19.75","-70.55","5.0","2009-08-27","83","H,,S","94",",,S","73",",,S"
"DRM00078458","PUERTO PLATA, DR","19.75","-70.55","5.0","2009-08-28","84","H,,S","96",",,S","73",",,S"
"DRM00078458","PUERTO PLATA, DR","19.75","-70.55","5.0","2009-08-29","81","H,,S","93",",,S","72",",,S"
"DRM00078458","PUERTO PLATA, DR","19.75","-70.55","5.0","2009-08-30","81","H,,S","90",",,S","72",",,S"
"DRM00078458","PUERTO PLATA, DR","19.75","-70.55","5.0","2009-08-31","82","H,,S","90",",,S","72",",,S"
"DRM00078458","PUERTO PLATA, DR","19.75","-70.55","5.0","2009-09-01","79","H,,S","89",",,S","72",",,S"
"DRM00078458","PUERTO PLATA, DR","19.75","-70.55","5.0","2009-09-02","83","H,,S","90",",,S","73",",,S"
"DRM00078458","PUERTO PLATA, DR","19.75","-70.55","5.0","2009-09-03","82","H,,S","90",",,S","74",",,S"
"DRM00078458","PUERTO PLATA, DR","19.75","-70.55","5.0","2009-09-04","82","H,,S","90",",,S","74",",,S"
"DRM00078458","PUERTO PLATA, DR","19.75","-70.55","5.0","2009-09-05","82","H,,S","90",",,S","76",",,S"
"DRM00078458","PUERTO PLATA, DR","19.75","-70.55","5.0","2009-09-06","83","H,,S","95",",,S","74",",,S"
"DRM00078458","PUERTO PLATA, DR","19.75","-70.55","5.0","2009-09-07","82","H,,S","95",",,S","74",",,S"
"DRM00078458","PUERTO PLATA, DR","19.75","-70.55","5.0","2009-09-08","80","H,,S","91",",,S","74",",,S"
"DRM00078458","PUERTO PLATA, DR","19.75","-70.55","5.0","2009-09-09","82","H,,S","91",",,S","73",",,S"
"DRM00078458","PUERTO PLATA, DR","19.75","-70.55","5.0","2009-09-10","83","H,,S","91",",,S","73",",,S"
"DRM00078458","PUERTO PLATA, DR","19.75","-70.55","5.0","2009-09-11","83","H,,S","93",",,S","74",",,S"
"DRM00078458","PUERTO PLATA, DR","19.75","-70.55","5.0","2009-09-12","82","H,,S","95",",,S","73",",,S"
"DRM00078458","PUERTO PLATA, DR","19.75","-70.55","5.0","2009-09-13","82","H,,S","94",",,S","73",",,S"
"DRM00078458","PUERTO PLATA, DR","19.75","-70.55","5.0","2009-09-14","81","H,,S","94",",,S","72",",,S"
"DRM00078458","PUERTO PLATA, DR","19.75","-70.55","5.0","2009-09-15","83","H,,S","94",",,S","73",",,S"
"DRM00078458","PUERTO PLATA, DR","19.75","-70.55","5.0","2009-09-16","83","H,,S","94",",,S","73",",,S"
"DRM00078458","PUERTO PLATA, DR","19.75","-70.55","5.0","2009-09-17","81","H,,S","94",",,S","73",",,S"
"DRM00078458","PUERTO PLATA, DR","19.75","-70.55","5.0","2009-09-18","83","H,,S","91",",,S","73",",,S"
"DRM00078458","PUERTO PLATA, DR","19.75","-70.55","5.0","2009-09-19","89","H,,S",,,,
"DRM00078458","PUERTO PLATA, DR","19.75","-70.55","5.0","2009-09-20","81","H,,S","90",",,S","72",",,S"
"DRM00078458","PUERTO PLATA, DR","19.75","-70.55","5.0","2009-09-21","82","H,,S","91",",,S","72",",,S"
"DRM00078458","PUERTO PLATA, DR","19.75","-70.55","5.0","2009-09-22","82","H,,S","92",",,S","72",",,S"
"DRM00078458","PUERTO PLATA, DR","19.75","-70.55","5.0","2009-09-23","80","H,,S","92",",,S","72",",,S"
"DRM00078458","PUERTO PLATA, DR","19.75","-70.55","5.0","2009-09-24","79","H,,S","90",",,S","72",",,S"
"DRM00078458","PUERTO PLATA, DR","19.75","-70.55","5.0","2009-09-25","79","H,,S","91",",,S","74",",,S"
"DRM00078458","PUERTO PLATA, DR","19.75","-70.55","5.0","2009-09-26","80","H,,S","91",",,S","72",",,S"
"DRM00078458","PUERTO PLATA, DR","19.75","-70.55","5.0","2009-09-27","80","H,,S","90",",,S","72",",,S"
"DRM00078458","PUERTO PLATA, DR","19.75","-70.55","5.0","2009-09-28","82","H,,S","94",",,S","72",",,S"
"DRM00078458","PUERTO PLATA, DR","19.75","-70.55","5.0","2009-09-29","80","H,,S","95",",,S","71",",,S"
"DRM00078458","PUERTO PLATA, DR","19.75","-70.55","5.0","2009-09-30","81","H,,S","94",",,S","71",",,S"
"DRM00078458","PUERTO PLATA, DR","19.75","-70.55","5.0","2009-10-01","80","H,,S","94",",,S","71",",,S"
"DRM00078458","PUERTO PLATA, DR","19.75","-70.55","5.0","2009-10-02","82","H,,S","91",",,S","72",",,S"
"DRM00078458","PUERTO PLATA, DR","19.75","-70.55","5.0","2009-10-03","81","H,,S","91",",,S","73",",,S"
"DRM00078458","PUERTO PLATA, DR","19.75","-70.55","5.0","2009-10-04","83","H,,S","93",",,S","73",",,S"
"DRM00078458","PUERTO PLATA, DR","19.75","-70.55","5.0","2009-10-05","82","H,,S","91",",,S","75",",,S"
"DRM00078458","PUERTO PLATA, DR","19.75","-70.55","5.0","2009-10-06","82","H,,S","94",",,S","74",",,S"
"DRM00078458","PUERTO PLATA, DR","19.75","-70.55","5.0","2009-10-07","81","H,,S","95",",,S","73",",,S"
"DRM00078458","PUERTO PLATA, DR","19.75","-70.55","5.0","2009-10-08","82","H,,S","90",",,S","74",",,S"
"DRM00078458","PUERTO PLATA, DR","19.75","-70.55","5.0","2009-10-09","81","H,,S","90",",,S","74",",,S"
"DRM00078458","PUERTO PLATA, DR","19.75","-70.55","5.0","2009-10-10","80","H,,S","90",",,S","74",",,S"
"DRM00078458","PUERTO PLATA, DR","19.75","-70.55","5.0","2009-10-11","83","H,,S","91",",,S","72",",,S"
"DRM00078458","PUERTO PLATA, DR","19.75","-70.55","5.0","2009-10-12","82","H,,S","91",",,S","76",",,S"
"DRM00078458","PUERTO PLATA, DR","19.75","-70.55","5.0","2009-10-13","81","H,,S","94",",,S","74",",,S"
"DRM00078458","PUERTO PLATA, DR","19.75","-70.55","5.0","2009-10-14","81","H,,S","89",",,S","74",",,S"
"DRM00078458","PUERTO PLATA, DR","19.75","-70.55","5.0","2009-10-15","82","H,,S","89",",,S","73",",,S"
"DRM00078458","PUERTO PLATA, DR","19.75","-70.55","5.0","2009-10-16","82","H,,S","91",",,S","73",",,S"
"DRM00078458","PUERTO PLATA, DR","19.75","-70.55","5.0","2009-10-17","83","H,,S",,,,
"DRM00078458","PUERTO PLATA, DR","19.75","-70.55","5.0","2009-10-18","83","H,,S","96",",,S","74",",,S"
"DRM00078458","PUERTO PLATA, DR","19.75","-70.55","5.0","2009-10-19","81","H,,S","92",",,S","73",",,S"
"DRM00078458","PUERTO PLATA, DR","19.75","-70.55","5.0","2009-10-20","80","H,,S","91",",,S","72",",,S"
"DRM00078458","PUERTO PLATA, DR","19.75","-70.55","5.0","2009-10-21","81","H,,S","90",",,S","72",",,S"
"DRM00078458","PUERTO PLATA, DR","19.75","-70.55","5.0","2009-10-22","78","H,,S","91",",,S","71",",,S"
"DRM00078458","PUERTO PLATA, DR","19.75","-70.55","5.0","2009-10-23","76","H,,S","89",",,S","69",",,S"
"DRM00078458","PUERTO PLATA, DR","19.75","-70.55","5.0","2009-10-24","81","H,,S","94",",,S","69",",,S"
"DRM00078458","PUERTO PLATA, DR","19.75","-70.55","5.0","2009-10-25","80","H,,S","94",",,S","72",",,S"
"DRM00078458","PUERTO PLATA, DR","19.75","-70.55","5.0","2009-10-26","81","H,,S","90",",,S","72",",,S"
"DRM00078458","PUERTO PLATA, DR","19.75","-70.55","5.0","2009-10-27","80","H,,S","89",",,S","73",",,S"
"DRM00078458","PUERTO PLATA, DR","19.75","-70.55","5.0","2009-10-28","81","H,,S","89",",,S","73",",,S"
"DRM00078458","PUERTO PLATA, DR","19.75","-70.55","5.0","2009-10-29","80","H,,S","89",",,S","73",",,S"
"DRM00078458","PUERTO PLATA, DR","19.75","-70.55","5.0","2009-10-30","79","H,,S","89",",,S","73",",,S"
"DRM00078458","PUERTO PLATA, DR","19.75","-70.55","5.0","2009-10-31","78","H,,S","87",",,S","71",",,S"
"DRM00078458","PUERTO PLATA, DR","19.75","-70.55","5.0","2009-11-01","79","H,,S","87",",,S","71",",,S"
"DRM00078458","PUERTO PLATA, DR","19.75","-70.55","5.0","2009-11-02","79","H,,S","90",",,S","71",",,S"
"DRM00078458","PUERTO PLATA, DR","19.75","-70.55","5.0","2009-11-03","79","H,,S","90",",,S","71",",,S"
"DRM00078458","PUERTO PLATA, DR","19.75","-70.55","5.0","2009-11-04","79","H,,S","89",",,S","72",",,S"
"DRM00078458","PUERTO PLATA, DR","19.75","-70.55","5.0","2009-11-05","80","H,,S",,,,
"DRM00078458","PUERTO PLATA, DR","19.75","-70.55","5.0","2009-11-06","76","H,,S","87",",,S","72",",,S"
"DRM00078458","PUERTO PLATA, DR","19.75","-70.55","5.0","2009-11-07","79","H,,S","86",",,S","71",",,S"
"DRM00078458","PUERTO PLATA, DR","19.75","-70.55","5.0","2009-11-08","80","H,,S","87",",,S","71",",,S"
"DRM00078458","PUERTO PLATA, DR","19.75","-70.55","5.0","2009-11-09","76","H,,S","87",",,S","72",",,S"
"DRM00078458","PUERTO PLATA, DR","19.75","-70.55","5.0","2009-11-10","77","H,,S","86",",,S","72",",,S"
"DRM00078458","PUERTO PLATA, DR","19.75","-70.55","5.0","2009-11-11","76","H,,S","87",",,S","68",",,S"
"DRM00078458","PUERTO PLATA, DR","19.75","-70.55","5.0","2009-11-12","77","H,,S","87",",,S","68",",,S"
"DRM00078458","PUERTO PLATA, DR","19.75","-70.55","5.0","2009-11-13","78","H,,S","86",",,S","71",",,S"
"DRM00078458","PUERTO PLATA, DR","19.75","-70.55","5.0","2009-11-14","79","H,,S","87",",,S","72",",,S"
"DRM00078458","PUERTO PLATA, DR","19.75","-70.55","5.0","2009-11-15","76","H,,S","87",",,S","72",",,S"
"DRM00078458","PUERTO PLATA, DR","19.75","-70.55","5.0","2009-11-16","78","H,,S","85",",,S","72",",,S"
"DRM00078458","PUERTO PLATA, DR","19.75","-70.55","5.0","2009-11-17","77","H,,S","85",",,S","71",",,S"
"DRM00078458","PUERTO PLATA, DR","19.75","-70.55","5.0","2009-11-18","79","H,,S","84",",,S","70",",,S"
"DRM00078458","PUERTO PLATA, DR","19.75","-70.55","5.0","2009-11-19","78","H,,S","85",",,S","70",",,S"
"DRM00078458","PUERTO PLATA, DR","19.75","-70.55","5.0","2009-11-20","79","H,,S","91",",,S","70",",,S"
"DRM00078458","PUERTO PLATA, DR","19.75","-70.55","5.0","2009-11-21","80","H,,S","88",",,S","71",",,S"
"DRM00078458","PUERTO PLATA, DR","19.75","-70.55","5.0","2009-11-22","80","H,,S","90",",,S","73",",,S"
"DRM00078458","PUERTO PLATA, DR","19.75","-70.55","5.0","2009-11-23","81","H,,S","90",",,S","72",",,S"
"DRM00078458","PUERTO PLATA, DR","19.75","-70.55","5.0","2009-11-24","81","H,,S","90",",,S","72",",,S"
"DRM00078458","PUERTO PLATA, DR","19.75","-70.55","5.0","2009-11-25","79","H,,S","89",",,S","72",",,S"
"DRM00078458","PUERTO PLATA, DR","19.75","-70.55","5.0","2009-11-26","78","H,,S","88",",,S","70",",,S"
"DRM00078458","PUERTO PLATA, DR","19.75","-70.55","5.0","2009-11-27","78","H,,S","88",",,S","70",",,S"
"DRM00078458","PUERTO PLATA, DR","19.75","-70.55","5.0","2009-11-28","79","H,,S","88",",,S","71",",,S"
"DRM00078458","PUERTO PLATA, DR","19.75","-70.55","5.0","2009-11-29","79","H,,S","88",",,S","72",",,S"
"DRM00078458","PUERTO PLATA, DR","19.75","-70.55","5.0","2009-11-30","79","H,,S","89",",,S","70",",,S"
"DRM00078458","PUERTO PLATA, DR","19.75","-70.55","5.0","2009-12-01","78","H,,S","90",",,S","71",",,S"
"DRM00078458","PUERTO PLATA, DR","19.75","-70.55","5.0","2009-12-02","78","H,,S","90",",,S","71",",,S"
"DRM00078458","PUERTO PLATA, DR","19.75","-70.55","5.0","2009-12-03","80","H,,S","89",",,S","71",",,S"
"DRM00078458","PUERTO PLATA, DR","19.75","-70.55","5.0","2009-12-04","79","H,,S","89",",,S","72",",,S"
"DRM00078458","PUERTO PLATA, DR","19.75","-70.55","5.0","2009-12-05","78","H,,S","90",",,S","71",",,S"
"DRM00078458","PUERTO PLATA, DR","19.75","-70.55","5.0","2009-12-06","80","H,,S","91",",,S","71",",,S"
"DRM00078458","PUERTO PLATA, DR","19.75","-70.55","5.0","2009-12-07","79","H,,S","91",",,S","72",",,S"
"DRM00078458","PUERTO PLATA, DR","19.75","-70.55","5.0","2009-12-08","76","H,,S","86",",,S","71",",,S"
"DRM00078458","PUERTO PLATA, DR","19.75","-70.55","5.0","2009-12-09","79","H,,S","89",",,S","71",",,S"
"DRM00078458","PUERTO PLATA, DR","19.75","-70.55","5.0","2009-12-10","78","H,,S","89",",,S","72",",,S"
"DRM00078458","PUERTO PLATA, DR","19.75","-70.55","5.0","2009-12-11","78","H,,S","88",",,S","72",",,S"
"DRM00078458","PUERTO PLATA, DR","19.75","-70.55","5.0","2009-12-12","78","H,,S","88",",,S","72",",,S"
"DRM00078458","PUERTO PLATA, DR","19.75","-70.55","5.0","2009-12-13","76","H,,S","86",",,S","72",",,S"
"DRM00078458","PUERTO PLATA, DR","19.75","-70.55","5.0","2009-12-14","76","H,,S","86",",,S","70",",,S"
"DRM00078458","PUERTO PLATA, DR","19.75","-70.55","5.0","2009-12-15","77","H,,S","86",",,S","70",",,S"
"DRM00078458","PUERTO PLATA, DR","19.75","-70.55","5.0","2009-12-16","77","H,,S","86",",,S","70",",,S"
"DRM00078458","PUERTO PLATA, DR","19.75","-70.55","5.0","2009-12-17","77","H,,S","85",",,S","70",",,S"
"DRM00078458","PUERTO PLATA, DR","19.75","-70.55","5.0","2009-12-18","77","H,,S","86",",,S","69",",,S"
"DRM00078458","PUERTO PLATA, DR","19.75","-70.55","5.0","2009-12-19","77","H,,S","87",",,S","69",",,S"
"DRM00078458","PUERTO PLATA, DR","19.75","-70.55","5.0","2009-12-20","78","H,,S","87",",,S","69",",,S"
"DRM00078458","PUERTO PLATA, DR","19.75","-70.55","5.0","2009-12-21","76","H,,S","87",",,S","71",",,S"
"DRM00078458","PUERTO PLATA, DR","19.75","-70.55","5.0","2009-12-22","74","H,,S",,,,
"DRM00078458","PUERTO PLATA, DR","19.75","-70.55","5.0","2009-12-23","71","H,,S",,,,
"DRM00078458","PUERTO PLATA, DR","19.75","-70.55","5.0","2009-12-24","75","H,,S","83",",,S","66",",,S"
"DRM00078458","PUERTO PLATA, DR","19.75","-70.55","5.0","2009-12-25","78","H,,S","87",",,S","66",",,S"
"DRM00078458","PUERTO PLATA, DR","19.75","-70.55","5.0","2009-12-26","76","H,,S","84",",,S","67",",,S"
"DRM00078458","PUERTO PLATA, DR","19.75","-70.55","5.0","2009-12-27","78","H,,S","86",",,S","67",",,S"
"DRM00078458","PUERTO PLATA, DR","19.75","-70.55","5.0","2009-12-28","76","H,,S","86",",,S","70",",,S"
"DRM00078458","PUERTO PLATA, DR","19.75","-70.55","5.0","2009-12-29","77","H,,S","86",",,S","70",",,S"
"DRM00078458","PUERTO PLATA, DR","19.75","-70.55","5.0","2009-12-30","77","H,,S","82",",,S","70",",,S"
"DRM00078458","PUERTO PLATA, DR","19.75","-70.55","5.0","2009-12-31","74","H,,S","81",",,S","68",",,S"
"DRM00078458","PUERTO PLATA, DR","19.75","-70.55","5.0","2010-01-01","77","H,,S","87",",,S","67",",,S"
"DRM00078458","PUERTO PLATA, DR","19.75","-70.55","5.0","2010-01-02","77","H,,S","85",",,S","67",",,S"
"DRM00078458","PUERTO PLATA, DR","19.75","-70.55","5.0","2010-01-03","74","H,,S",,,,
"DRM00078458","PUERTO PLATA, DR","19.75","-70.55","5.0","2010-01-04","73","H,,S","79",",,S","71",",,S"
"DRM00078458","PUERTO PLATA, DR","19.75","-70.55","5.0","2010-01-05","74","H,,S",,,,
"DRM00078458","PUERTO PLATA, DR","19.75","-70.55","5.0","2010-01-06","71","H,,S","81",",,S","68",",,S"
"DRM00078458","PUERTO PLATA, DR","19.75","-70.55","5.0","2010-01-07","69","H,,S","76",",,S","68",",,S"
"DRM00078458","PUERTO PLATA, DR","19.75","-70.55","5.0","2010-01-08","71","H,,S",,,,
"DRM00078458","PUERTO PLATA, DR","19.75","-70.55","5.0","2010-01-09","75","H,,S",,,,
"DRM00078458","PUERTO PLATA, DR","19.75","-70.55","5.0","2010-01-10","75","H,,S","87",",,S","67",",,S"
"DRM00078458","PUERTO PLATA, DR","19.75","-70.55","5.0","2010-01-11","73","H,,S","83",",,S","69",",,S"
"DRM00078458","PUERTO PLATA, DR","19.75","-70.55","5.0","2010-01-12","70","H,,S","78",",,S","68",",,S"
"DRM00078458","PUERTO PLATA, DR","19.75","-70.55","5.0","2010-01-13","71","H,,S","73",",,S","69",",,S"
"DRM00078458","PUERTO PLATA, DR","19.75","-70.55","5.0","2010-01-14","71","H,,S",,,,
"DRM00078458","PUERTO PLATA, DR","19.75","-70.55","5.0","2010-01-15","71","H,,S","83",",,S","67",",,S"
"DRM00078458","PUERTO PLATA, DR","19.75","-70.55","5.0","2010-01-16","73","H,,S","82",",,S","67",",,S"
"DRM00078458","PUERTO PLATA, DR","19.75","-70.55","5.0","2010-01-17","76","H,,S","83",",,S","67",",,S"
"DRM00078458","PUERTO PLATA, DR","19.75","-70.55","5.0","2010-01-18","74","H,,S","84",",,S","65",",,S"
"DRM00078458","PUERTO PLATA, DR","19.75","-70.55","5.0","2010-01-19","75","H,,S","84",",,S","65",",,S"
"DRM00078458","PUERTO PLATA, DR","19.75","-70.55","5.0","2010-01-20","76","H,,S","83",",,S","65",",,S"
"DRM00078458","PUERTO PLATA, DR","19.75","-70.55","5.0","2010-01-21","76","H,,S","85",",,S","68",",,S"
"DRM00078458","PUERTO PLATA, DR","19.75","-70.55","5.0","2010-01-22","79","H,,S","91",",,S","68",",,S"
"DRM00078458","PUERTO PLATA, DR","19.75","-70.55","5.0","2010-01-23","77","H,,S","92",",,S","68",",,S"
"DRM00078458","PUERTO PLATA, DR","19.75","-70.55","5.0","2010-01-24","76","H,,S","86",",,S","68",",,S"
"DRM00078458","PUERTO PLATA, DR","19.75","-70.55","5.0","2010-01-25","76","H,,S","85",",,S","69",",,S"
"DRM00078458","PUERTO PLATA, DR","19.75","-70.55","5.0","2010-01-26","74","H,,S","85",",,S","69",",,S"
"DRM00078458","PUERTO PLATA, DR","19.75","-70.55","5.0","2010-01-27","77","H,,S","85",",,S","67",",,S"
"DRM00078458","PUERTO PLATA, DR","19.75","-70.55","5.0","2010-01-28","75","H,,S","85",",,S","67",",,S"
"DRM00078458","PUERTO PLATA, DR","19.75","-70.55","5.0","2010-01-29","75","H,,S","84",",,S","68",",,S"
"DRM00078458","PUERTO PLATA, DR","19.75","-70.55","5.0","2010-01-30","76","H,,S","87",",,S","68",",,S"
"DRM00078458","PUERTO PLATA, DR","19.75","-70.55","5.0","2010-01-31","77","H,,S","90",",,S","68",",,S"
"DRM00078458","PUERTO PLATA, DR","19.75","-70.55","5.0","2010-02-01","76","H,,S","90",",,S","68",",,S"
"DRM00078458","PUERTO PLATA, DR","19.75","-70.55","5.0","2010-02-02","76","H,,S","86",",,S","67",",,S"
"DRM00078458","PUERTO PLATA, DR","19.75","-70.55","5.0","2010-02-03","76","H,,S","86",",,S","67",",,S"
"DRM00078458","PUERTO PLATA, DR","19.75","-70.55","5.0","2010-02-04","76","H,,S","84",",,S","70",",,S"
"DRM00078458","PUERTO PLATA, DR","19.75","-70.55","5.0","2010-02-05","76","H,,S","83",",,S","69",",,S"
"DRM00078458","PUERTO PLATA, DR","19.75","-70.55","5.0","2010-02-06","78","H,,S","87",",,S","68",",,S"
"DRM00078458","PUERTO PLATA, DR","19.75","-70.55","5.0","2010-02-07","77","H,,S","87",",,S","68",",,S"
"DRM00078458","PUERTO PLATA, DR","19.75","-70.55","5.0","2010-02-08","74","H,,S","85",",,S","70",",,S"
"DRM00078458","PUERTO PLATA, DR","19.75","-70.55","5.0","2010-02-09","74","H,,S","82",",,S","70",",,S"
"DRM00078458","PUERTO PLATA, DR","19.75","-70.55","5.0","2010-02-10","74","H,,S","82",",,S","69",",,S"
"DRM00078458","PUERTO PLATA, DR","19.75","-70.55","5.0","2010-02-11","74","H,,S","86",",,S","69",",,S"
"DRM00078458","PUERTO PLATA, DR","19.75","-70.55","5.0","2010-02-12","74","H,,S","82",",,S","69",",,S"
"DRM00078458","PUERTO PLATA, DR","19.75","-70.55","5.0","2010-02-13","77","H,,S",,,,
"DRM00078458","PUERTO PLATA, DR","19.75","-70.55","5.0","2010-02-14","75","H,,S","83",",,S","69",",,S"
"DRM00078458","PUERTO PLATA, DR","19.75","-70.55","5.0","2010-02-15","77","H,,S","87",",,S","69",",,S"
"DRM00078458","PUERTO PLATA, DR","19.75","-70.55","5.0","2010-02-16","77","H,,S","87",",,S","69",",,S"
"DRM00078458","PUERTO PLATA, DR","19.75","-70.55","5.0","2010-02-17","75","H,,S","85",",,S","69",",,S"
"DRM00078458","PUERTO PLATA, DR","19.75","-70.55","5.0","2010-02-18","73","H,,S","82",",,S","69",",,S"
"DRM00078458","PUERTO PLATA, DR","19.75","-70.55","5.0","2010-02-19","70","H,,S","76",",,S","65",",,S"
"DRM00078458","PUERTO PLATA, DR","19.75","-70.55","5.0","2010-02-20","74","H,,S","81",",,S","65",",,S"
"DRM00078458","PUERTO PLATA, DR","19.75","-70.55","5.0","2010-02-21","74","H,,S","83",",,S","63",",,S"
"DRM00078458","PUERTO PLATA, DR","19.75","-70.55","5.0","2010-02-22","75","H,,S","86",",,S","63",",,S"
"DRM00078458","PUERTO PLATA, DR","19.75","-70.55","5.0","2010-02-23","78","H,,S","86",",,S","65",",,S"
"DRM00078458","PUERTO PLATA, DR","19.75","-70.55","5.0","2010-02-24","78","H,,S","85",",,S","70",",,S"
"DRM00078458","PUERTO PLATA, DR","19.75","-70.55","5.0","2010-02-25","77","H,,S","85",",,S","70",",,S"
"DRM00078458","PUERTO PLATA, DR","19.75","-70.55","5.0","2010-02-26","72","H,,S","85",",,S","67",",,S"
"DRM00078458","PUERTO PLATA, DR","19.75","-70.55","5.0","2010-02-27","75","H,,S","85",",,S","67",",,S"
"DRM00078458","PUERTO PLATA, DR","19.75","-70.55","5.0","2010-02-28","78","H,,S","87",",,S","69",",,S"
"DRM00078458","PUERTO PLATA, DR","19.75","-70.55","5.0","2010-03-01","73","H,,S","83",",,S","70",",,S"
"DRM00078458","PUERTO PLATA, DR","19.75","-70.55","5.0","2010-03-02","77","H,,S","90",",,S","69",",,S"
"DRM00078458","PUERTO PLATA, DR","19.75","-70.55","5.0","2010-03-03","77","H,,S","90",",,S","69",",,S"
"DRM00078458","PUERTO PLATA, DR","19.75","-70.55","5.0","2010-03-04","73","H,,S","87",",,S","69",",,S"
"DRM00078458","PUERTO PLATA, DR","19.75","-70.55","5.0","2010-03-05","69","H,,S","75",",,S","67",",,S"
"DRM00078458","PUERTO PLATA, DR","19.75","-70.55","5.0","2010-03-06","69","H,,S",,,,
"DRM00078458","PUERTO PLATA, DR","19.75","-70.55","5.0","2010-03-07","67","H,,S",,,,
"DRM00078458","PUERTO PLATA, DR","19.75","-70.55","5.0","2010-03-08","72","H,,S",,,,
"DRM00078458","PUERTO PLATA, DR","19.75","-70.55","5.0","2010-03-09","70","H,,S",,,,
"DRM00078458","PUERTO PLATA, DR","19.75","-70.55","5.0","2010-03-10","73","H,,S",,,,
"DRM00078458","PUERTO PLATA, DR","19.75","-70.55","5.0","2010-03-11","75","H,,S",,,,
"DRM00078458","PUERTO PLATA, DR","19.75","-70.55","5.0","2010-03-12","79","H,,S",,,,
"DRM00078458","PUERTO PLATA, DR","19.75","-70.55","5.0","2010-03-13","80","H,,S",,,,
"DRM00078458","PUERTO PLATA, DR","19.75","-70.55","5.0","2010-03-14","80","H,,S","89",",,S","69",",,S"
"DRM00078458","PUERTO PLATA, DR","19.75","-70.55","5.0","2010-03-15","80","H,,S","86",",,S","72",",,S"
"DRM00078458","PUERTO PLATA, DR","19.75","-70.55","5.0","2010-03-16","77","H,,S","86",",,S","75",",,S"
"DRM00078458","PUERTO PLATA, DR","19.75","-70.55","5.0","2010-03-17","75","H,,S","82",",,S","72",",,S"
"DRM00078458","PUERTO PLATA, DR","19.75","-70.55","5.0","2010-03-18","74","H,,S",,,,
"DRM00078458","PUERTO PLATA, DR","19.75","-70.55","5.0","2010-03-19","77","H,,S","87",",,S","70",",,S"
"DRM00078458","PUERTO PLATA, DR","19.75","-70.55","5.0","2010-03-20","79","H,,S","87",",,S","74",",,S"
"DRM00078458","PUERTO PLATA, DR","19.75","-70.55","5.0","2010-03-21","79","H,,S",,,,
"DRM00078458","PUERTO PLATA, DR","19.75","-70.55","5.0","2010-03-22","77","H,,S",,,,
"DRM00078458","PUERTO PLATA, DR","19.75","-70.55","5.0","2010-03-23","79","H,,S",,,,
"DRM00078458","PUERTO PLATA, DR","19.75","-70.55","5.0","2010-03-24","78","H,,S","88",",,S","71",",,S"
"DRM00078458","PUERTO PLATA, DR","19.75","-70.55","5.0","2010-03-25","79","H,,S","87",",,S","71",",,S"
"DRM00078458","PUERTO PLATA, DR","19.75","-70.55","5.0","2010-03-26","79","H,,S","90",",,S","70",",,S"
"DRM00078458","PUERTO PLATA, DR","19.75","-70.55","5.0","2010-03-27","78","H,,S","90",",,S","69",",,S"
"DRM00078458","PUERTO PLATA, DR","19.75","-70.55","5.0","2010-03-28","79","H,,S","87",",,S","69",",,S"
"DRM00078458","PUERTO PLATA, DR","19.75","-70.55","5.0","2010-03-29","80","H,,S","88",",,S","73",",,S"
"DRM00078458","PUERTO PLATA, DR","19.75","-70.55","5.0","2010-03-30","79","H,,S","88",",,S","72",",,S"
"DRM00078458","PUERTO PLATA, DR","19.75","-70.55","5.0","2010-03-31","79","H,,S","88",",,S","73",",,S"
"DRM00078458","PUERTO PLATA, DR","19.75","-70.55","5.0","2010-04-01","76","H,,S","88",",,S","72",",,S"
"DRM00078458","PUERTO PLATA, DR","19.75","-70.55","5.0","2010-04-02","75","H,,S","81",",,S","72",",,S"
"DRM00078458","PUERTO PLATA, DR","19.75","-70.55","5.0","2010-04-03","73","H,,S",,,,
"DRM00078458","PUERTO PLATA, DR","19.75","-70.55","5.0","2010-04-04","76","H,,S","82",",,S","66",",,S"
"DRM00078458","PUERTO PLATA, DR","19.75","-70.55","5.0","2010-04-05","76","H,,S","83",",,S","66",",,S"
"DRM00078458","PUERTO PLATA, DR","19.75","-70.55","5.0","2010-04-06","75","H,,S","83",",,S","66",",,S"
"DRM00078458","PUERTO PLATA, DR","19.75","-70.55","5.0","2010-04-07","75","H,,S","83",",,S","69",",,S"
"DRM00078458","PUERTO PLATA, DR","19.75","-70.55","5.0","2010-04-08","80","H,,S",,,,
"DRM00078458","PUERTO PLATA, DR","19.75","-70.55","5.0","2010-04-09","78","H,,S","86",",,S","69",",,S"
"DRM00078458","PUERTO PLATA, DR","19.75","-70.55","5.0","2010-04-10","78","H,,S","86",",,S","71",",,S"
"DRM00078458","PUERTO PLATA, DR","19.75","-70.55","5.0","2010-04-11","77","H,,S","86",",,S","68",",,S"
"DRM00078458","PUERTO PLATA, DR","19.75","-70.55","5.0","2010-04-12","76","H,,S","84",",,S","68",",,S"
"DRM00078458","PUERTO PLATA, DR","19.75","-70.55","5.0","2010-04-13","76","H,,S","88",",,S","70",",,S"
"DRM00078458","PUERTO PLATA, DR","19.75","-70.55","5.0","2010-04-14","77","H,,S","88",",,S","70",",,S"
"DRM00078458","PUERTO PLATA, DR","19.75","-70.55","5.0","2010-04-15","75","H,,S","83",",,S","72",",,S"
"DRM00078458","PUERTO PLATA, DR","19.75","-70.55","5.0","2010-04-16","76","H,,S","81",",,S","72",",,S"
"DRM00078458","PUERTO PLATA, DR","19.75","-70.55","5.0","2010-04-17","76","H,,S","84",",,S","70",",,S"
"DRM00078458","PUERTO PLATA, DR","19.75","-70.55","5.0","2010-04-18","79","H,,S","90",",,S","70",",,S"
"DRM00078458","PUERTO PLATA, DR","19.75","-70.55","5.0","2010-04-19","79","H,,S","90",",,S","71",",,S"
"DRM00078458","PUERTO PLATA, DR","19.75","-70.55","5.0","2010-04-20","78","H,,S","86",",,S","73",",,S"
"DRM00078458","PUERTO PLATA, DR","19.75","-70.55","5.0","2010-04-21","79","H,,S","85",",,S","73",",,S"
"DRM00078458","PUERTO PLATA, DR","19.75","-70.55","5.0","2010-04-22","79","H,,S","85",",,S","74",",,S"
"DRM00078458","PUERTO PLATA, DR","19.75","-70.55","5.0","2010-04-23","78","H,,S","86",",,S","73",",,S"
"DRM00078458","PUERTO PLATA, DR","19.75","-70.55","5.0","2010-04-24","79","H,,S","86",",,S","73",",,S"
"DRM00078458","PUERTO PLATA, DR","19.75","-70.55","5.0","2010-04-25","79","H,,S","86",",,S","73",",,S"
"DRM00078458","PUERTO PLATA, DR","19.75","-70.55","5.0","2010-04-26","80","H,,S","93",",,S","72",",,S"
"DRM00078458","PUERTO PLATA, DR","19.75","-70.55","5.0","2010-04-27","82","H,,S","93",",,S","72",",,S"
"DRM00078458","PUERTO PLATA, DR","19.75","-70.55","5.0","2010-04-28","83","H,,S","91",",,S","72",",,S"
"DRM00078458","PUERTO PLATA, DR","19.75","-70.55","5.0","2010-04-29","81","H,,S","91",",,S","73",",,S"
"DRM00078458","PUERTO PLATA, DR","19.75","-70.55","5.0","2010-04-30","80","H,,S",,,,
"DRM00078458","PUERTO PLATA, DR","19.75","-70.55","5.0","2010-05-01","81","H,,S","90",",,S","73",",,S"
"DRM00078458","PUERTO PLATA, DR","19.75","-70.55","5.0","2010-05-02","80","H,,S","90",",,S","73",",,S"
"DRM00078458","PUERTO PLATA, DR","19.75","-70.55","5.0","2010-05-03","80","H,,S",,,,
"DRM00078458","PUERTO PLATA, DR","19.75","-70.55","5.0","2010-05-04","79","H,,S","88",",,S","72",",,S"
"DRM00078458","PUERTO PLATA, DR","19.75","-70.55","5.0","2010-05-05","80","H,,S","88",",,S","72",",,S"
"DRM00078458","PUERTO PLATA, DR","19.75","-70.55","5.0","2010-05-06","78","H,,S","88",",,S","71",",,S"
"DRM00078458","PUERTO PLATA, DR","19.75","-70.55","5.0","2010-05-07","78","H,,S","88",",,S","71",",,S"
"DRM00078458","PUERTO PLATA, DR","19.75","-70.55","5.0","2010-05-08","79","H,,S","88",",,S","71",",,S"
"DRM00078458","PUERTO PLATA, DR","19.75","-70.55","5.0","2010-05-09","78","H,,S","87",",,S","71",",,S"
"DRM00078458","PUERTO PLATA, DR","19.75","-70.55","5.0","2010-05-10","76","H,,S",,,,
"DRM00078458","PUERTO PLATA, DR","19.75","-70.55","5.0","2010-05-11","77","H,,S","87",",,S","72",",,S"
"DRM00078458","PUERTO PLATA, DR","19.75","-70.55","5.0","2010-05-12","79","H,,S","87",",,S","70",",,S"
"DRM00078458","PUERTO PLATA, DR","19.75","-70.55","5.0","2010-05-13","79","H,,S","90",",,S","70",",,S"
"DRM00078458","PUERTO PLATA, DR","19.75","-70.55","5.0","2010-05-14","78","H,,S","90",",,S","71",",,S"
"DRM00078458","PUERTO PLATA, DR","19.75","-70.55","5.0","2010-05-15","81","H,,S","86",",,S","73",",,S"
"DRM00078458","PUERTO PLATA, DR","19.75","-70.55","5.0","2010-05-16","80","H,,S","86",",,S","74",",,S"
"DRM00078458","PUERTO PLATA, DR","19.75","-70.55","5.0","2010-05-17","81","H,,S","89",",,S","73",",,S"
"DRM00078458","PUERTO PLATA, DR","19.75","-70.55","5.0","2010-05-18","82","H,,S","90",",,S","73",",,S"
"DRM00078458","PUERTO PLATA, DR","19.75","-70.55","5.0","2010-05-19","82","H,,S","90",",,S","75",",,S"
"DRM00078458","PUERTO PLATA, DR","19.75","-70.55","5.0","2010-05-20","80","H,,S","92",",,S","75",",,S"
"DRM00078458","PUERTO PLATA, DR","19.75","-70.55","5.0","2010-05-21","80","H,,S","93",",,S","73",",,S"
"DRM00078458","PUERTO PLATA, DR","19.75","-70.55","5.0","2010-05-22","82","H,,S","93",",,S","73",",,S"
"DRM00078458","PUERTO PLATA, DR","19.75","-70.55","5.0","2010-05-23","78","H,,S","87",",,S","72",",,S"
"DRM00078458","PUERTO PLATA, DR","19.75","-70.55","5.0","2010-05-24","78","H,,S","86",",,S","71",",,S"
"DRM00078458","PUERTO PLATA, DR","19.75","-70.55","5.0","2010-05-25","78","H,,S","87",",,S","71",",,S"
"DRM00078458","PUERTO PLATA, DR","19.75","-70.55","5.0","2010-05-26","79","H,,S","87",",,S","73",",,S"
"DRM00078458","PUERTO PLATA, DR","19.75","-70.55","5.0","2010-05-27","81","H,,S","89",",,S","73",",,S"
"DRM00078458","PUERTO PLATA, DR","19.75","-70.55","5.0","2010-05-28","80","H,,S","89",",,S","74",",,S"
"DRM00078458","PUERTO PLATA, DR","19.75","-70.55","5.0","2010-05-29","81","H,,S","87",",,S","74",",,S"
"DRM00078458","PUERTO PLATA, DR","19.75","-70.55","5.0","2010-05-30","81","H,,S","89",",,S","73",",,S"
"DRM00078458","PUERTO PLATA, DR","19.75","-70.55","5.0","2010-05-31","79","H,,S","89",",,S","72",",,S"
"DRM00078458","PUERTO PLATA, DR","19.75","-70.55","5.0","2010-06-01","80","H,,S","89",",,S","72",",,S"
"DRM00078458","PUERTO PLATA, DR","19.75","-70.55","5.0","2010-06-02","81","H,,S","90",",,S","75",",,S"
"DRM00078458","PUERTO PLATA, DR","19.75","-70.55","5.0","2010-06-03","83","H,,S","96",",,S","74",",,S"
"DRM00078458","PUERTO PLATA, DR","19.75","-70.55","5.0","2010-06-04","80","H,,S","96",",,S","72",",,S"
"DRM00078458","PUERTO PLATA, DR","19.75","-70.55","5.0","2010-06-05","81","H,,S","90",",,S","72",",,S"
"DRM00078458","PUERTO PLATA, DR","19.75","-70.55","5.0","2010-06-06","81","H,,S","92",",,S","73",",,S"
"DRM00078458","PUERTO PLATA, DR","19.75","-70.55","5.0","2010-06-07","81","H,,S","90",",,S","74",",,S"
"DRM00078458","PUERTO PLATA, DR","19.75","-70.55","5.0","2010-06-08","78","H,,S","91",",,S","72",",,S"
"DRM00078458","PUERTO PLATA, DR","19.75","-70.55","5.0","2010-06-09","80","H,,S","90",",,S","73",",,S"
"DRM00078458","PUERTO PLATA, DR","19.75","-70.55","5.0","2010-06-10","82","H,,S","90",",,S","73",",,S"
"DRM00078458","PUERTO PLATA, DR","19.75","-70.55","5.0","2010-06-11","83","H,,S","91",",,S","73",",,S"
"DRM00078458","PUERTO PLATA, DR","19.75","-70.55","5.0","2010-06-12","84","H,,S","91",",,S","74",",,S"
"DRM00078458","PUERTO PLATA, DR","19.75","-70.55","5.0","2010-06-13","83","H,,S","91",",,S","74",",,S"
"DRM00078458","PUERTO PLATA, DR","19.75","-70.55","5.0","2010-06-14","83","H,,S","90",",,S","72",",,S"
"DRM00078458","PUERTO PLATA, DR","19.75","-70.55","5.0","2010-06-15","83","H,,S","90",",,S","72",",,S"
"DRM00078458","PUERTO PLATA, DR","19.75","-70.55","5.0","2010-06-16","82","H,,S","90",",,S","73",",,S"
"DRM00078458","PUERTO PLATA, DR","19.75","-70.55","5.0","2010-06-17","81","H,,S","91",",,S","74",",,S"
"DRM00078458","PUERTO PLATA, DR","19.75","-70.55","5.0","2010-06-18","83","H,,S","93",",,S","74",",,S"
"DRM00078458","PUERTO PLATA, DR","19.75","-70.55","5.0","2010-06-19","84","H,,S",,,,
"DRM00078458","PUERTO PLATA, DR","19.75","-70.55","5.0","2010-06-20","79","H,,S","90",",,S","74",",,S"
"DRM00078458","PUERTO PLATA, DR","19.75","-70.55","5.0","2010-06-21","79","H,,S","89",",,S","73",",,S"
"DRM00078458","PUERTO PLATA, DR","19.75","-70.55","5.0","2010-06-22","78","H,,S","89",",,S","73",",,S"
"DRM00078458","PUERTO PLATA, DR","19.75","-70.55","5.0","2010-06-23","77","H,,S",,,,
"DRM00078458","PUERTO PLATA, DR","19.75","-70.55","5.0","2010-06-24","80","H,,S","90",",,S","73",",,S"
"DRM00078458","PUERTO PLATA, DR","19.75","-70.55","5.0","2010-06-25","81","H,,S","89",",,S","73",",,S"
"DRM00078458","PUERTO PLATA, DR","19.75","-70.55","5.0","2010-06-26","82","H,,S","90",",,S","73",",,S"
"DRM00078458","PUERTO PLATA, DR","19.75","-70.55","5.0","2010-06-27","82","H,,S","91",",,S","73",",,S"
"DRM00078458","PUERTO PLATA, DR","19.75","-70.55","5.0","2010-06-28","82","H,,S",,,,
"DRM00078458","PUERTO PLATA, DR","19.75","-70.55","5.0","2010-06-29","81","H,,S","92",",,S","72",",,S"
"DRM00078458","PUERTO PLATA, DR","19.75","-70.55","5.0","2010-06-30","83","H,,S","92",",,S","73",",,S"
"DRM00078458","PUERTO PLATA, DR","19.75","-70.55","5.0","2010-07-01","83","H,,S","92",",,S","73",",,S"
"DRM00078458","PUERTO PLATA, DR","19.75","-70.55","5.0","2010-07-02","83","H,,S","93",",,S","73",",,S"
"DRM00078458","PUERTO PLATA, DR","19.75","-70.55","5.0","2010-07-03","85","H,,S","93",",,S","75",",,S"
"DRM00078458","PUERTO PLATA, DR","19.75","-70.55","5.0","2010-07-04","85","H,,S","93",",,S","76",",,S"
"DRM00078458","PUERTO PLATA, DR","19.75","-70.55","5.0","2010-07-05","83","H,,S","92",",,S","76",",,S"
"DRM00078458","PUERTO PLATA, DR","19.75","-70.55","5.0","2010-07-06","83","H,,S","92",",,S","74",",,S"
"DRM00078458","PUERTO PLATA, DR","19.75","-70.55","5.0","2010-07-07","80","H,,S","91",",,S","74",",,S"
"DRM00078458","PUERTO PLATA, DR","19.75","-70.55","5.0","2010-07-08","80","H,,S","94",",,S","71",",,S"
"DRM00078458","PUERTO PLATA, DR","19.75","-70.55","5.0","2010-07-09","82","H,,S","94",",,S","70",",,S"
"DRM00078458","PUERTO PLATA, DR","19.75","-70.55","5.0","2010-07-10","84","H,,S",,,,
"DRM00078458","PUERTO PLATA, DR","19.75","-70.55","5.0","2010-07-11","85","H,,S","94",",,S","76",",,S"
"DRM00078458","PUERTO PLATA, DR","19.75","-70.55","5.0","2010-07-12","85","H,,S","94",",,S","76",",,S"
"DRM00078458","PUERTO PLATA, DR","19.75","-70.55","5.0","2010-07-13","83","H,,S","92",",,S","76",",,S"
"DRM00078458","PUERTO PLATA, DR","19.75","-70.55","5.0","2010-07-14","80","H,,S","91",",,S","71",",,S"
"DRM00078458","PUERTO PLATA, DR","19.75","-70.55","5.0","2010-07-15","83","H,,S","91",",,S","71",",,S"
"DRM00078458","PUERTO PLATA, DR","19.75","-70.55","5.0","2010-07-16","81","H,,S","90",",,S","73",",,S"
"DRM00078458","PUERTO PLATA, DR","19.75","-70.55","5.0","2010-07-17","79","H,,S","90",",,S","73",",,S"
"DRM00078458","PUERTO PLATA, DR","19.75","-70.55","5.0","2010-07-18","83","H,,S","90",",,S","75",",,S"
"DRM00078458","PUERTO PLATA, DR","19.75","-70.55","5.0","2010-07-19","79","H,,S","90",",,S","74",",,S"
"DRM00078458","PUERTO PLATA, DR","19.75","-70.55","5.0","2010-07-20","79","H,,S","88",",,S","74",",,S"
"DRM00078458","PUERTO PLATA, DR","19.75","-70.55","5.0","2010-07-21","77","H,,S",,,,
"DRM00078458","PUERTO PLATA, DR","19.75","-70.55","5.0","2010-07-22","82","H,,S","91",",,S","75",",,S"
"DRM00078458","PUERTO PLATA, DR","19.75","-70.55","5.0","2010-07-23","83","H,,S",,,,
"DRM00078458","PUERTO PLATA, DR","19.75","-70.55","5.0","2010-07-24","84","H,,S",,,,
"DRM00078458","PUERTO PLATA, DR","19.75","-70.55","5.0","2010-07-25","83","H,,S","96",",,S","73",",,S"
"DRM00078458","PUERTO PLATA, DR","19.75","-70.55","5.0","2010-07-26","82","H,,S","90",",,S","73",",,S"
"DRM00078458","PUERTO PLATA, DR","19.75","-70.55","5.0","2010-07-27","81","H,,S","89",",,S","73",",,S"
"DRM00078458","PUERTO PLATA, DR","19.75","-70.55","5.0","2010-07-28","80","H,,S","89",",,S","71",",,S"
"DRM00078458","PUERTO PLATA, DR","19.75","-70.55","5.0","2010-07-29","80","H,,S","90",",,S","73",",,S"
"DRM00078458","PUERTO PLATA, DR","19.75","-70.55","5.0","2010-07-30","82","H,,S","90",",,S","71",",,S"
"DRM00078458","PUERTO PLATA, DR","19.75","-70.55","5.0","2010-07-31","84","H,,S","91",",,S","71",",,S"
"DRM00078458","PUERTO PLATA, DR","19.75","-70.55","5.0","2010-08-01","83","H,,S","91",",,S","74",",,S"
"DRM00078458","PUERTO PLATA, DR","19.75","-70.55","5.0","2010-08-02","82","H,,S","91",",,S","73",",,S"
"DRM00078458","PUERTO PLATA, DR","19.75","-70.55","5.0","2010-08-03","83","H,,S","91",",,S","73",",,S"
"DRM00078458","PUERTO PLATA, DR","19.75","-70.55","5.0","2010-08-04","82","H,,S","91",",,S","75",",,S"
"DRM00078458","PUERTO PLATA, DR","19.75","-70.55","5.0","2010-08-05","83","H,,S","91",",,S","74",",,S"
"DRM00078458","PUERTO PLATA, DR","19.75","-70.55","5.0","2010-08-06","84","H,,S","93",",,S","73",",,S"
"DRM00078458","PUERTO PLATA, DR","19.75","-70.55","5.0","2010-08-07","84","H,,S","93",",,S","74",",,S"
"DRM00078458","PUERTO PLATA, DR","19.75","-70.55","5.0","2010-08-08","83","H,,S","92",",,S","74",",,S"
"DRM00078458","PUERTO PLATA, DR","19.75","-70.55","5.0","2010-08-09","83","H,,S","91",",,S","74",",,S"
"DRM00078458","PUERTO PLATA, DR","19.75","-70.55","5.0","2010-08-10","83","H,,S","91",",,S","74",",,S"
"DRM00078458","PUERTO PLATA, DR","19.75","-70.55","5.0","2010-08-11","82","H,,S","91",",,S","74",",,S"
"DRM00078458","PUERTO PLATA, DR","19.75","-70.55","5.0","2010-08-12","82","H,,S","91",",,S","74",",,S"
"DRM00078458","PUERTO PLATA, DR","19.75","-70.55","5.0","2010-08-13","81","H,,S","91",",,S","74",",,S"
"DRM00078458","PUERTO PLATA, DR","19.75","-70.55","5.0","2010-08-14","80","H,,S","92",",,S","73",",,S"
"DRM00078458","PUERTO PLATA, DR","19.75","-70.55","5.0","2010-08-15","77","H,,S","90",",,S","72",",,S"
"DRM00078458","PUERTO PLATA, DR","19.75","-70.55","5.0","2010-08-16","82","H,,S","90",",,S","72",",,S"
"DRM00078458","PUERTO PLATA, DR","19.75","-70.55","5.0","2010-08-17","78","H,,S","91",",,S","73",",,S"
"DRM00078458","PUERTO PLATA, DR","19.75","-70.55","5.0","2010-08-18","82","H,,S","91",",,S","73",",,S"
"DRM00078458","PUERTO PLATA, DR","19.75","-70.55","5.0","2010-08-19","83","H,,S","91",",,S","75",",,S"
"DRM00078458","PUERTO PLATA, DR","19.75","-70.55","5.0","2010-08-20","82","H,,S","90",",,S","75",",,S"
"DRM00078458","PUERTO PLATA, DR","19.75","-70.55","5.0","2010-08-21","82","H,,S","95",",,S","75",",,S"
"DRM00078458","PUERTO PLATA, DR","19.75","-70.55","5.0","2010-08-22","83","H,,S","95",",,S","73",",,S"
"DRM00078458","PUERTO PLATA, DR","19.75","-70.55","5.0","2010-08-23","85","H,,S","93",",,S","73",",,S"
"DRM00078458","PUERTO PLATA, DR","19.75","-70.55","5.0","2010-08-24","85","H,,S","94",",,S","75",",,S"
"DRM00078458","PUERTO PLATA, DR","19.75","-70.55","5.0","2010-08-25","83","H,,S","94",",,S","75",",,S"
"DRM00078458","PUERTO PLATA, DR","19.75","-70.55","5.0","2010-08-26","81","H,,S","90",",,S","75",",,S"
"DRM00078458","PUERTO PLATA, DR","19.75","-70.55","5.0","2010-08-27","82","H,,S","90",",,S","74",",,S"
"DRM00078458","PUERTO PLATA, DR","19.75","-70.55","5.0","2010-08-28","83","H,,S","90",",,S","74",",,S"
"DRM00078458","PUERTO PLATA, DR","19.75","-70.55","5.0","2010-08-29","83","H,,S","92",",,S","74",",,S"
"DRM00078458","PUERTO PLATA, DR","19.75","-70.55","5.0","2010-08-30","82","H,,S","90",",,S","75",",,S"
"DRM00078458","PUERTO PLATA, DR","19.75","-70.55","5.0","2010-08-31","79","H,,S","90",",,S","75",",,S"
"DRM00078458","PUERTO PLATA, DR","19.75","-70.55","5.0","2010-09-01","82","H,,S",,,,
"DRM00078458","PUERTO PLATA, DR","19.75","-70.55","5.0","2010-09-02","84","H,,S","92",",,S","74",",,S"
"DRM00078458","PUERTO PLATA, DR","19.75","-70.55","5.0","2010-09-03","79","H,,S","92",",,S","72",",,S"
"DRM00078458","PUERTO PLATA, DR","19.75","-70.55","5.0","2010-09-04","80","H,,S","92",",,S","72",",,S"
"DRM00078458","PUERTO PLATA, DR","19.75","-70.55","5.0","2010-09-05","81","H,,S","91",",,S","69",",,S"
"DRM00078458","PUERTO PLATA, DR","19.75","-70.55","5.0","2010-09-06","81","H,,S","90",",,S","69",",,S"
"DRM00078458","PUERTO PLATA, DR","19.75","-70.55","5.0","2010-09-07","82","H,,S","90",",,S","73",",,S"
"DRM00078458","PUERTO PLATA, DR","19.75","-70.55","5.0","2010-09-08","78","H,,S","91",",,S","72",",,S"
"DRM00078458","PUERTO PLATA, DR","19.75","-70.55","5.0","2010-09-09","81","H,,S","91",",,S","72",",,S"
"DRM00078458","PUERTO PLATA, DR","19.75","-70.55","5.0","2010-09-10","83","H,,S","91",",,S","72",",,S"
"DRM00078458","PUERTO PLATA, DR","19.75","-70.55","5.0","2010-09-11","82","H,,S","92",",,S","72",",,S"
"DRM00078458","PUERTO PLATA, DR","19.75","-70.55","5.0","2010-09-12","80","H,,S","90",",,S","72",",,S"
"DRM00078458","PUERTO PLATA, DR","19.75","-70.55","5.0","2010-09-13","82","H,,S","92",",,S","71",",,S"
"DRM00078458","PUERTO PLATA, DR","19.75","-70.55","5.0","2010-09-14","83","H,,S","92",",,S","71",",,S"
"DRM00078458","PUERTO PLATA, DR","19.75","-70.55","5.0","2010-09-15","81","H,,S","91",",,S","73",",,S"
"DRM00078458","PUERTO PLATA, DR","19.75","-70.55","5.0","2010-09-16","80","H,,S","90",",,S","73",",,S"
"DRM00078458","PUERTO PLATA, DR","19.75","-70.55","5.0","2010-09-17","82","H,,S","89",",,S","74",",,S"
"DRM00078458","PUERTO PLATA, DR","19.75","-70.55","5.0","2010-09-18","81","H,,S","92",",,S","73",",,S"
"DRM00078458","PUERTO PLATA, DR","19.75","-70.55","5.0","2010-09-19","81","H,,S","89",",,S","68",",,S"
"DRM00078458","PUERTO PLATA, DR","19.75","-70.55","5.0","2010-09-20","82","H,,S","90",",,S","72",",,S"
"DRM00078458","PUERTO PLATA, DR","19.75","-70.55","5.0","2010-09-21","82","H,,S",,,,
"DRM00078458","PUERTO PLATA, DR","19.75","-70.55","5.0","2010-09-22","80","H,,S","92",",,S","72",",,S"
"DRM00078458","PUERTO PLATA, DR","19.75","-70.55","5.0","2010-09-23","83","H,,S","90",",,S","72",",,S"
"DRM00078458","PUERTO PLATA, DR","19.75","-70.55","5.0","2010-09-24","78","H,,S","90",",,S","74",",,S"
"DRM00078458","PUERTO PLATA, DR","19.75","-70.55","5.0","2010-09-25","80","H,,S","89",",,S","73",",,S"
"DRM00078458","PUERTO PLATA, DR","19.75","-70.55","5.0","2010-09-26","81","H,,S","89",",,S","73",",,S"
"DRM00078458","PUERTO PLATA, DR","19.75","-70.55","5.0","2010-09-27","81","H,,S","91",",,S","73",",,S"
"DRM00078458","PUERTO PLATA, DR","19.75","-70.55","5.0","2010-09-28","82","H,,S","94",",,S","73",",,S"
"DRM00078458","PUERTO PLATA, DR","19.75","-70.55","5.0","2010-09-29","82","H,,S","94",",,S","74",",,S"
"DRM00078458","PUERTO PLATA, DR","19.75","-70.55","5.0","2010-09-30","83","H,,S","90",",,S","75",",,S"
"DRM00078458","PUERTO PLATA, DR","19.75","-70.55","5.0","2010-10-01","80","H,,S","92",",,S","73",",,S"
"DRM00078458","PUERTO PLATA, DR","19.75","-70.55","5.0","2010-10-02","79","H,,S","90",",,S","69",",,S"
"DRM00078458","PUERTO PLATA, DR","19.75","-70.55","5.0","2010-10-03","80","H,,S","90",",,S","69",",,S"
"DRM00078458","PUERTO PLATA, DR","19.75","-70.55","5.0","2010-10-04","82","H,,S","90",",,S","71",",,S"
"DRM00078458","PUERTO PLATA, DR","19.75","-70.55","5.0","2010-10-05","81","H,,S","90",",,S","73",",,S"
"DRM00078458","PUERTO PLATA, DR","19.75","-70.55","5.0","2010-10-06","82","H,,S","90",",,S","73",",,S"
"DRM00078458","PUERTO PLATA, DR","19.75","-70.55","5.0","2010-10-07","84","H,,S","91",",,S","74",",,S"
"DRM00078458","PUERTO PLATA, DR","19.75","-70.55","5.0","2010-10-08","82","H,,S","91",",,S","77",",,S"
"DRM00078458","PUERTO PLATA, DR","19.75","-70.55","5.0","2010-10-09","81","H,,S","89",",,S","74",",,S"
"DRM00078458","PUERTO PLATA, DR","19.75","-70.55","5.0","2010-10-10","80","H,,S","88",",,S","74",",,S"
"DRM00078458","PUERTO PLATA, DR","19.75","-70.55","5.0","2010-10-11","80","H,,S","89",",,S","74",",,S"
"DRM00078458","PUERTO PLATA, DR","19.75","-70.55","5.0","2010-10-12","81","H,,S","90",",,S","74",",,S"
"DRM00078458","PUERTO PLATA, DR","19.75","-70.55","5.0","2010-10-13","81","H,,S","90",",,S","74",",,S"
"DRM00078458","PUERTO PLATA, DR","19.75","-70.55","5.0","2010-10-14","81","H,,S","90",",,S","74",",,S"
"DRM00078458","PUERTO PLATA, DR","19.75","-70.55","5.0","2010-10-15","81","H,,S","90",",,S","73",",,S"
"DRM00078458","PUERTO PLATA, DR","19.75","-70.55","5.0","2010-10-16","80","H,,S",,,,
"DRM00078458","PUERTO PLATA, DR","19.75","-70.55","5.0","2010-10-17","82","H,,S","90",",,S","73",",,S"
"DRM00078458","PUERTO PLATA, DR","19.75","-70.55","5.0","2010-10-18","81","H,,S","90",",,S","73",",,S"
"DRM00078458","PUERTO PLATA, DR","19.75","-70.55","5.0","2010-10-19","80","H,,S","90",",,S","73",",,S"
"DRM00078458","PUERTO PLATA, DR","19.75","-70.55","5.0","2010-10-20","81","H,,S","92",",,S","71",",,S"
"DRM00078458","PUERTO PLATA, DR","19.75","-70.55","5.0","2010-10-21","81","H,,S","94",",,S","71",",,S"
"DRM00078458","PUERTO PLATA, DR","19.75","-70.55","5.0","2010-10-22","82","H,,S","94",",,S","72",",,S"
"DRM00078458","PUERTO PLATA, DR","19.75","-70.55","5.0","2010-10-23","81","H,,S","91",",,S","72",",,S"
"DRM00078458","PUERTO PLATA, DR","19.75","-70.55","5.0","2010-10-24","82","H,,S","91",",,S","72",",,S"
"DRM00078458","PUERTO PLATA, DR","19.75","-70.55","5.0","2010-10-25","79","H,,S","89",",,S","72",",,S"
"DRM00078458","PUERTO PLATA, DR","19.75","-70.55","5.0","2010-10-26","80","H,,S","90",",,S","70",",,S"
"DRM00078458","PUERTO PLATA, DR","19.75","-70.55","5.0","2010-10-27","79","H,,S","91",",,S","72",",,S"
"DRM00078458","PUERTO PLATA, DR","19.75","-70.55","5.0","2010-10-28","76","H,,S","87",",,S","72",",,S"
"DRM00078458","PUERTO PLATA, DR","19.75","-70.55","5.0","2010-10-29","79","H,,S","88",",,S","70",",,S"
"DRM00078458","PUERTO PLATA, DR","19.75","-70.55","5.0","2010-10-30","78","H,,S","88",",,S","70",",,S"
"DRM00078458","PUERTO PLATA, DR","19.75","-70.55","5.0","2010-10-31","79","H,,S","87",",,S","71",",,S"
"DRM00078458","PUERTO PLATA, DR","19.75","-70.55","5.0","2010-11-01","80","H,,S","88",",,S","71",",,S"
"DRM00078458","PUERTO PLATA, DR","19.75","-70.55","5.0","2010-11-02","80","H,,S","89",",,S","73",",,S"
"DRM00078458","PUERTO PLATA, DR","19.75","-70.55","5.0","2010-11-03","76","H,,S","87",",,S","73",",,S"
"DRM00078458","PUERTO PLATA, DR","19.75","-70.55","5.0","2010-11-04","78","H,,S",,,,
"DRM00078458","PUERTO PLATA, DR","19.75","-70.55","5.0","2010-11-05","77","H,,S","88",",,S","73",",,S"
"DRM00078458","PUERTO PLATA, DR","19.75","-70.55","5.0","2010-11-06","79","H,,S","85",",,S","73",",,S"
"DRM00078458","PUERTO PLATA, DR","19.75","-70.55","5.0","2010-11-07","79","H,,S","85",",,S","74",",,S"
"DRM00078458","PUERTO PLATA, DR","19.75","-70.55","5.0","2010-11-08","78","H,,S","84",",,S","69",",,S"
"DRM00078458","PUERTO PLATA, DR","19.75","-70.55","5.0","2010-11-09","76","H,,S",,,,
"DRM00078458","PUERTO PLATA, DR","19.75","-70.55","5.0","2010-11-10","74","H,,S","79",",,S","71",",,S"
"DRM00078458","PUERTO PLATA, DR","19.75","-70.55","5.0","2010-11-11","75","H,,S","82",",,S","70",",,S"
"DRM00078458","PUERTO PLATA, DR","19.75","-70.55","5.0","2010-11-12","76","H,,S","90",",,S","69",",,S"
"DRM00078458","PUERTO PLATA, DR","19.75","-70.55","5.0","2010-11-13","76","H,,S","90",",,S","69",",,S"
"DRM00078458","PUERTO PLATA, DR","19.75","-70.55","5.0","2010-11-14","75","H,,S","85",",,S","70",",,S"
"DRM00078458","PUERTO PLATA, DR","19.75","-70.55","5.0","2010-11-15","77","H,,S","84",",,S","71",",,S"
"DRM00078458","PUERTO PLATA, DR","19.75","-70.55","5.0","2010-11-16","78","H,,S","85",",,S","71",",,S"
"DRM00078458","PUERTO PLATA, DR","19.75","-70.55","5.0","2010-11-17","78","H,,S","90",",,S","70",",,S"
"DRM00078458","PUERTO PLATA, DR","19.75","-70.55","5.0","2010-11-18","78","H,,S","90",",,S","70",",,S"
"DRM00078458","PUERTO PLATA, DR","19.75","-70.55","5.0","2010-11-19","75","H,,S","85",",,S","68",",,S"
"DRM00078458","PUERTO PLATA, DR","19.75","-70.55","5.0","2010-11-20","76","H,,S","87",",,S","68",",,S"
"DRM00078458","PUERTO PLATA, DR","19.75","-70.55","5.0","2010-11-21","77","H,,S","86",",,S","69",",,S"
"DRM00078458","PUERTO PLATA, DR","19.75","-70.55","5.0","2010-11-22","76","H,,S","84",",,S","69",",,S"
"DRM00078458","PUERTO PLATA, DR","19.75","-70.55","5.0","2010-11-23","76","H,,S","83",",,S","65",",,S"
"DRM00078458","PUERTO PLATA, DR","19.75","-70.55","5.0","2010-11-24","78","H,,S","85",",,S","65",",,S"
"DRM00078458","PUERTO PLATA, DR","19.75","-70.55","5.0","2010-11-25","76","H,,S","85",",,S","67",",,S"
"DRM00078458","PUERTO PLATA, DR","19.75","-70.55","5.0","2010-11-26","76","H,,S","87",",,S","67",",,S"
"DRM00078458","PUERTO PLATA, DR","19.75","-70.55","5.0","2010-11-27","74","H,,S","87",",,S","65",",,S"
"DRM00078458","PUERTO PLATA, DR","19.75","-70.55","5.0","2010-11-28","77","H,,S","86",",,S","65",",,S"
"DRM00078458","PUERTO PLATA, DR","19.75","-70.55","5.0","2010-11-29","75","H,,S","85",",,S","67",",,S"
"DRM00078458","PUERTO PLATA, DR","19.75","-70.55","5.0","2010-11-30","77","H,,S","85",",,S","67",",,S"
"DRM00078458","PUERTO PLATA, DR","19.75","-70.55","5.0","2010-12-01","75","H,,S","88",",,S","69",",,S"
"DRM00078458","PUERTO PLATA, DR","19.75","-70.55","5.0","2010-12-02","75","H,,S","85",",,S","68",",,S"
"DRM00078458","PUERTO PLATA, DR","19.75","-70.55","5.0","2010-12-03","74","H,,S","85",",,S","65",",,S"
"DRM00078458","PUERTO PLATA, DR","19.75","-70.55","5.0","2010-12-04","73","H,,S","85",",,S","65",",,S"
"DRM00078458","PUERTO PLATA, DR","19.75","-70.55","5.0","2010-12-05","73","H,,S","81",",,S","67",",,S"
"DRM00078458","PUERTO PLATA, DR","19.75","-70.55","5.0","2010-12-06","74","H,,S","82",",,S","66",",,S"
"DRM00078458","PUERTO PLATA, DR","19.75","-70.55","5.0","2010-12-07","74","H,,S","83",",,S","66",",,S"
"DRM00078458","PUERTO PLATA, DR","19.75","-70.55","5.0","2010-12-08","74","H,,S","83",",,S","65",",,S"
"DRM00078458","PUERTO PLATA, DR","19.75","-70.55","5.0","2010-12-09","75","H,,S","80",",,S","69",",,S"
"DRM00078458","PUERTO PLATA, DR","19.75","-70.55","5.0","2010-12-10","77","H,,S","84",",,S","70",",,S"
"DRM00078458","PUERTO PLATA, DR","19.75","-70.55","5.0","2010-12-11","76","H,,S","85",",,S","70",",,S"
"DRM00078458","PUERTO PLATA, DR","19.75","-70.55","5.0","2010-12-12","75","H,,S","82",",,S","69",",,S"
"DRM00078458","PUERTO PLATA, DR","19.75","-70.55","5.0","2010-12-13","75","H,,S","83",",,S","68",",,S"
"DRM00078458","PUERTO PLATA, DR","19.75","-70.55","5.0","2010-12-14","71","H,,S","82",",,S","68",",,S"
"DRM00078458","PUERTO PLATA, DR","19.75","-70.55","5.0","2010-12-15","69","H,,S","75",",,S","66",",,S"
"DRM00078458","PUERTO PLATA, DR","19.75","-70.55","5.0","2010-12-16","69","H,,S","76",",,S","66",",,S"
"DRM00078458","PUERTO PLATA, DR","19.75","-70.55","5.0","2010-12-17","72","H,,S","79",",,S","66",",,S"
"DRM00078458","PUERTO PLATA, DR","19.75","-70.55","5.0","2010-12-18","75","H,,S","83",",,S","66",",,S"
"DRM00078458","PUERTO PLATA, DR","19.75","-70.55","5.0","2010-12-19","74","H,,S","83",",,S","67",",,S"
"DRM00078458","PUERTO PLATA, DR","19.75","-70.55","5.0","2010-12-20","76","H,,S","84",",,S","67",",,S"
"DRM00078458","PUERTO PLATA, DR","19.75","-70.55","5.0","2010-12-21","75","H,,S",,,,
"DRM00078458","PUERTO PLATA, DR","19.75","-70.55","5.0","2010-12-22","72","H,,S","82",",,S","67",",,S"
"DRM00078458","PUERTO PLATA, DR","19.75","-70.55","5.0","2010-12-23","72","H,,S","85",",,S","64",",,S"
"DRM00078458","PUERTO PLATA, DR","19.75","-70.55","5.0","2010-12-24","72","H,,S","82",",,S","64",",,S"
"DRM00078458","PUERTO PLATA, DR","19.75","-70.55","5.0","2010-12-25","74","H,,S","81",",,S","65",",,S"
"DRM00078458","PUERTO PLATA, DR","19.75","-70.55","5.0","2010-12-26","75","H,,S",,,,
"DRM00078458","PUERTO PLATA, DR","19.75","-70.55","5.0","2010-12-27","73","H,,S","85",",,S","64",",,S"
"DRM00078458","PUERTO PLATA, DR","19.75","-70.55","5.0","2010-12-28","69","H,,S","84",",,S","63",",,S"
"DRM00078458","PUERTO PLATA, DR","19.75","-70.55","5.0","2010-12-29","70","H,,S","77",",,S","63",",,S"
"DRM00078458","PUERTO PLATA, DR","19.75","-70.55","5.0","2010-12-30","70","H,,S","81",",,S","61",",,S"
"DRM00078458","PUERTO PLATA, DR","19.75","-70.55","5.0","2010-12-31","70","H,,S","81",",,S","61",",,S"
"DRM00078458","PUERTO PLATA, DR","19.75","-70.55","5.0","2011-01-01","73","H,,S",,,,
"DRM00078458","PUERTO PLATA, DR","19.75","-70.55","5.0","2011-01-02","73","H,,S","81",",,S","64",",,S"
"DRM00078458","PUERTO PLATA, DR","19.75","-70.55","5.0","2011-01-03","72","H,,S","81",",,S","63",",,S"
"DRM00078458","PUERTO PLATA, DR","19.75","-70.55","5.0","2011-01-04","72","H,,S","81",",,S","63",",,S"
"DRM00078458","PUERTO PLATA, DR","19.75","-70.55","5.0","2011-01-05","72","H,,S","85",",,S","60",",,S"
"DRM00078458","PUERTO PLATA, DR","19.75","-70.55","5.0","2011-01-06","72","H,,S","85",",,S","60",",,S"
"DRM00078458","PUERTO PLATA, DR","19.75","-70.55","5.0","2011-01-07","74","H,,S","85",",,S","64",",,S"
"DRM00078458","PUERTO PLATA, DR","19.75","-70.55","5.0","2011-01-08","76","H,,S","85",",,S","68",",,S"
"DRM00078458","PUERTO PLATA, DR","19.75","-70.55","5.0","2011-01-09","75","H,,S","81",",,S","68",",,S"
"DRM00078458","PUERTO PLATA, DR","19.75","-70.55","5.0","2011-01-10","75","H,,S","84",",,S","68",",,S"
"DRM00078458","PUERTO PLATA, DR","19.75","-70.55","5.0","2011-01-11","76","H,,S","85",",,S","68",",,S"
"DRM00078458","PUERTO PLATA, DR","19.75","-70.55","5.0","2011-01-12","75","H,,S","84",",,S","66",",,S"
"DRM00078458","PUERTO PLATA, DR","19.75","-70.55","5.0","2011-01-13","75","H,,S","83",",,S","66",",,S"
"DRM00078458","PUERTO PLATA, DR","19.75","-70.55","5.0","2011-01-14","76","H,,S","83",",,S","69",",,S"
"DRM00078458","PUERTO PLATA, DR","19.75","-70.55","5.0","2011-01-15","74","H,,S","83",",,S","68",",,S"
"DRM00078458","PUERTO PLATA, DR","19.75","-70.55","5.0","2011-01-16","74","H,,S","86",",,S","66",",,S"
"DRM00078458","PUERTO PLATA, DR","19.75","-70.55","5.0","2011-01-17","75","H,,S","84",",,S","66",",,S"
"DRM00078458","PUERTO PLATA, DR","19.75","-70.55","5.0","2011-01-18","78","H,,S","88",",,S","66",",,S"
"DRM00078458","PUERTO PLATA, DR","19.75","-70.55","5.0","2011-01-19","78","H,,S","89",",,S","68",",,S"
"DRM00078458","PUERTO PLATA, DR","19.75","-70.55","5.0","2011-01-20","75","H,,S","87",",,S","66",",,S"
"DRM00078458","PUERTO PLATA, DR","19.75","-70.55","5.0","2011-01-21","75","H,,S","85",",,S","66",",,S"
"DRM00078458","PUERTO PLATA, DR","19.75","-70.55","5.0","2011-01-22","76","H,,S","90",",,S","63",",,S"
"DRM00078458","PUERTO PLATA, DR","19.75","-70.55","5.0","2011-01-23","77","H,,S","92",",,S","63",",,S"
"DRM00078458","PUERTO PLATA, DR","19.75","-70.55","5.0","2011-01-24","76","H,,S","85",",,S","68",",,S"
"DRM00078458","PUERTO PLATA, DR","19.75","-70.55","5.0","2011-01-25","74","H,,S","85",",,S","67",",,S"
"DRM00078458","PUERTO PLATA, DR","19.75","-70.55","5.0","2011-01-26","76","H,,S","85",",,S","64",",,S"
"DRM00078458","PUERTO PLATA, DR","19.75","-70.55","5.0","2011-01-27","73","H,,S","86",",,S","62",",,S"
"DRM00078458","PUERTO PLATA, DR","19.75","-70.55","5.0","2011-01-28","76","H,,S","89",",,S","62",",,S"
"DRM00078458","PUERTO PLATA, DR","19.75","-70.55","5.0","2011-01-29","75","H,,S","90",",,S","64",",,S"
"DRM00078458","PUERTO PLATA, DR","19.75","-70.55","5.0","2011-01-30","75","H,,S","85",",,S","64",",,S"
"DRM00078458","PUERTO PLATA, DR","19.75","-70.55","5.0","2011-01-31","74","H,,S","85",",,S","63",",,S"
"DRM00078458","PUERTO PLATA, DR","19.75","-70.55","5.0","2011-02-01","75","H,,S","84",",,S","63",",,S"
"DRM00078458","PUERTO PLATA, DR","19.75","-70.55","5.0","2011-02-02","74","H,,S","85",",,S","68",",,S"
"DRM00078458","PUERTO PLATA, DR","19.75","-70.55","5.0","2011-02-03","76","H,,S","86",",,S","68",",,S"
"DRM00078458","PUERTO PLATA, DR","19.75","-70.55","5.0","2011-02-04","73","H,,S","85",",,S","66",",,S"
"DRM00078458","PUERTO PLATA, DR","19.75","-70.55","5.0","2011-02-05","75","H,,S","85",",,S","66",",,S"
"DRM00078458","PUERTO PLATA, DR","19.75","-70.55","5.0","2011-02-06","76","H,,S","86",",,S","67",",,S"
"DRM00078458","PUERTO PLATA, DR","19.75","-70.55","5.0","2011-02-07","78","H,,S","86",",,S","67",",,S"
"DRM00078458","PUERTO PLATA, DR","19.75","-70.55","5.0","2011-02-08","78","H,,S","89",",,S","65",",,S"
"DRM00078458","PUERTO PLATA, DR","19.75","-70.55","5.0","2011-02-09","77","H,,S","90",",,S","65",",,S"
"DRM00078458","PUERTO PLATA, DR","19.75","-70.55","5.0","2011-02-10","77","H,,S","87",",,S","67",",,S"
"DRM00078458","PUERTO PLATA, DR","19.75","-70.55","5.0","2011-02-11","76","H,,S","87",",,S","66",",,S"
"DRM00078458","PUERTO PLATA, DR","19.75","-70.55","5.0","2011-02-12","77","H,,S","87",",,S","66",",,S"
"DRM00078458","PUERTO PLATA, DR","19.75","-70.55","5.0","2011-02-13","78","H,,S","88",",,S","68",",,S"
"DRM00078458","PUERTO PLATA, DR","19.75","-70.55","5.0","2011-02-14","77","H,,S","88",",,S","68",",,S"
"DRM00078458","PUERTO PLATA, DR","19.75","-70.55","5.0","2011-02-15","75","H,,S","87",",,S","66",",,S"
"DRM00078458","PUERTO PLATA, DR","19.75","-70.55","5.0","2011-02-16","78","H,,S","91",",,S","66",",,S"
"DRM00078458","PUERTO PLATA, DR","19.75","-70.55","5.0","2011-02-17","74","H,,S","81",",,S","70",",,S"
"DRM00078458","PUERTO PLATA, DR","19.75","-70.55","5.0","2011-02-18","74","H,,S","81",",,S","70",",,S"
"DRM00078458","PUERTO PLATA, DR","19.75","-70.55","5.0","2011-02-19","75","H,,S","83",",,S","68",",,S"
"DRM00078458","PUERTO PLATA, DR","19.75","-70.55","5.0","2011-02-20","72","H,,S",,,,
"DRM00078458","PUERTO PLATA, DR","19.75","-70.55","5.0","2011-02-21","75","H,,S","81",",,S","65",",,S"
"DRM00078458","PUERTO PLATA, DR","19.75","-70.55","5.0","2011-02-22","74","H,,S","83",",,S","65",",,S"
"DRM00078458","PUERTO PLATA, DR","19.75","-70.55","5.0","2011-02-23","74","H,,S","83",",,S","64",",,S"
"DRM00078458","PUERTO PLATA, DR","19.75","-70.55","5.0","2011-02-24","75","H,,S","83",",,S","64",",,S"
"DRM00078458","PUERTO PLATA, DR","19.75","-70.55","5.0","2011-02-25","76","H,,S",,,,
"DRM00078458","PUERTO PLATA, DR","19.75","-70.55","5.0","2011-02-26","75","H,,S","86",",,S","65",",,S"
"DRM00078458","PUERTO PLATA, DR","19.75","-70.55","5.0","2011-02-27","75","H,,S","83",",,S","67",",,S"
"DRM00078458","PUERTO PLATA, DR","19.75","-70.55","5.0","2011-02-28","77","H,,S","83",",,S","67",",,S"
"DRM00078458","PUERTO PLATA, DR","19.75","-70.55","5.0","2011-03-01","75","H,,S","83",",,S","67",",,S"
"DRM00078458","PUERTO PLATA, DR","19.75","-70.55","5.0","2011-03-02","74","H,,S","84",",,S","65",",,S"
"DRM00078458","PUERTO PLATA, DR","19.75","-70.55","5.0","2011-03-03","74","H,,S","84",",,S","65",",,S"
"DRM00078458","PUERTO PLATA, DR","19.75","-70.55","5.0","2011-03-04","75","H,,S","83",",,S","65",",,S"
"DRM00078458","PUERTO PLATA, DR","19.75","-70.55","5.0","2011-03-05","75","H,,S","83",",,S","67",",,S"
"DRM00078458","PUERTO PLATA, DR","19.75","-70.55","5.0","2011-03-06","75","H,,S","83",",,S","65",",,S"
"DRM00078458","PUERTO PLATA, DR","19.75","-70.55","5.0","2011-03-07","76","H,,S","84",",,S","65",",,S"
"DRM00078458","PUERTO PLATA, DR","19.75","-70.55","5.0","2011-03-08","76","H,,S","85",",,S","64",",,S"
"DRM00078458","PUERTO PLATA, DR","19.75","-70.55","5.0","2011-03-09","74","H,,S","83",",,S","65",",,S"
"DRM00078458","PUERTO PLATA, DR","19.75","-70.55","5.0","2011-03-10","75","H,,S","83",",,S","65",",,S"
"DRM00078458","PUERTO PLATA, DR","19.75","-70.55","5.0","2011-03-11","74","H,,S","83",",,S","65",",,S"
"DRM00078458","PUERTO PLATA, DR","19.75","-70.55","5.0","2011-03-12","74","H,,S","83",",,S","64",",,S"
"DRM00078458","PUERTO PLATA, DR","19.75","-70.55","5.0","2011-03-13","75","H,,S","83",",,S","64",",,S"
"DRM00078458","PUERTO PLATA, DR","19.75","-70.55","5.0","2011-03-14","74","H,,S","83",",,S","66",",,S"
"DRM00078458","PUERTO PLATA, DR","19.75","-70.55","5.0","2011-03-15","75","H,,S","83",",,S","68",",,S"
"DRM00078458","PUERTO PLATA, DR","19.75","-70.55","5.0","2011-03-16","75","H,,S","83",",,S","68",",,S"
"DRM00078458","PUERTO PLATA, DR","19.75","-70.55","5.0","2011-03-17","77","H,,S",,,,
"DRM00078458","PUERTO PLATA, DR","19.75","-70.55","5.0","2011-03-18","75","H,,S","84",",,S","65",",,S"
"DRM00078458","PUERTO PLATA, DR","19.75","-70.55","5.0","2011-03-19","75","H,,S","83",",,S","64",",,S"
"DRM00078458","PUERTO PLATA, DR","19.75","-70.55","5.0","2011-03-20","73","H,,S","82",",,S","64",",,S"
"DRM00078458","PUERTO PLATA, DR","19.75","-70.55","5.0","2011-03-21","75","H,,S","81",",,S","63",",,S"
"DRM00078458","PUERTO PLATA, DR","19.75","-70.55","5.0","2011-03-22","73","H,,S","81",",,S","63",",,S"
"DRM00078458","PUERTO PLATA, DR","19.75","-70.55","5.0","2011-03-23","74","H,,S","81",",,S","63",",,S"
"DRM00078458","PUERTO PLATA, DR","19.75","-70.55","5.0","2011-03-24","73","H,,S","85",",,S","62",",,S"
"DRM00078458","PUERTO PLATA, DR","19.75","-70.55","5.0","2011-03-25","77","H,,S","88",",,S","62",",,S"
"DRM00078458","PUERTO PLATA, DR","19.75","-70.55","5.0","2011-03-26","79","H,,S","88",",,S","67",",,S"
"DRM00078458","PUERTO PLATA, DR","19.75","-70.55","5.0","2011-03-27","79","H,,S","91",",,S","71",",,S"
"DRM00078458","PUERTO PLATA, DR","19.75","-70.55","5.0","2011-03-28","79","H,,S","91",",,S","69",",,S"
"DRM00078458","PUERTO PLATA, DR","19.75","-70.55","5.0","2011-03-29","80","H,,S","89",",,S","66",",,S"
"DRM00078458","PUERTO PLATA, DR","19.75","-70.55","5.0","2011-03-30","79","H,,S","88",",,S","66",",,S"
"DRM00078458","PUERTO PLATA, DR","19.75","-70.55","5.0","2011-03-31","80","H,,S",,,,
"DRM00078458","PUERTO PLATA, DR","19.75","-70.55","5.0","2011-04-01","80","H,,S","90",",,S","69",",,S"
"DRM00078458","PUERTO PLATA, DR","19.75","-70.55","5.0","2011-04-02","78","H,,S","90",",,S","65",",,S"
"DRM00078458","PUERTO PLATA, DR","19.75","-70.55","5.0","2011-04-03","78","H,,S","87",",,S","65",",,S"
"DRM00078458","PUERTO PLATA, DR","19.75","-70.55","5.0","2011-04-04","78","H,,S","87",",,S","67",",,S"
"DRM00078458","PUERTO PLATA, DR","19.75","-70.55","5.0","2011-04-05","80","H,,S","88",",,S","70",",,S"
"DRM00078458","PUERTO PLATA, DR","19.75","-70.55","5.0","2011-04-06","79","H,,S",,,,
"DRM00078458","PUERTO PLATA, DR","19.75","-70.55","5.0","2011-04-07","81","H,,S","90",",,S","68",",,S"
"DRM00078458","PUERTO PLATA, DR","19.75","-70.55","5.0","2011-04-08","77","H,,S","87",",,S","68",",,S"
"DRM00078458","PUERTO PLATA, DR","19.75","-70.55","5.0","2011-04-09","78","H,,S","87",",,S","66",",,S"
"DRM00078458","PUERTO PLATA, DR","19.75","-70.55","5.0","2011-04-10","78","H,,S","86",",,S","66",",,S"
"DRM00078458","PUERTO PLATA, DR","19.75","-70.55","5.0","2011-04-11","76","H,,S","86",",,S","68",",,S"
"DRM00078458","PUERTO PLATA, DR","19.75","-70.55","5.0","2011-04-12","77","H,,S","85",",,S","66",",,S"
"DRM00078458","PUERTO PLATA, DR","19.75","-70.55","5.0","2011-04-13","81","H,,S","87",",,S","66",",,S"
"DRM00078458","PUERTO PLATA, DR","19.75","-70.55","5.0","2011-04-14","77","H,,S","86",",,S","67",",,S"
"DRM00078458","PUERTO PLATA, DR","19.75","-70.55","5.0","2011-04-15","77","H,,S","87",",,S","68",",,S"
"DRM00078458","PUERTO PLATA, DR","19.75","-70.55","5.0","2011-04-16","77","H,,S","86",",,S","68",",,S"
"DRM00078458","PUERTO PLATA, DR","19.75","-70.55","5.0","2011-04-17","79","H,,S","86",",,S","68",",,S"
"DRM00078458","PUERTO PLATA, DR","19.75","-70.55","5.0","2011-04-18","76","H,,S","86",",,S","66",",,S"
"DRM00078458","PUERTO PLATA, DR","19.75","-70.55","5.0","2011-04-19","78","H,,S","86",",,S","66",",,S"
"DRM00078458","PUERTO PLATA, DR","19.75","-70.55","5.0","2011-04-20","78","H,,S","86",",,S","69",",,S"
"DRM00078458","PUERTO PLATA, DR","19.75","-70.55","5.0","2011-04-21","78","H,,S","85",",,S","70",",,S"
"DRM00078458","PUERTO PLATA, DR","19.75","-70.55","5.0","2011-04-22","78","H,,S","84",",,S","70",",,S"
"DRM00078458","PUERTO PLATA, DR","19.75","-70.55","5.0","2011-04-23","78","H,,S",,,,
"DRM00078458","PUERTO PLATA, DR","19.75","-70.55","5.0","2011-04-24","78","H,,S","85",",,S","67",",,S"
"DRM00078458","PUERTO PLATA, DR","19.75","-70.55","5.0","2011-04-25","78","H,,S","87",",,S","67",",,S"
"DRM00078458","PUERTO PLATA, DR","19.75","-70.55","5.0","2011-04-26","79","H,,S","88",",,S","68",",,S"
"DRM00078458","PUERTO PLATA, DR","19.75","-70.55","5.0","2011-04-27","79","H,,S","88",",,S","68",",,S"
"DRM00078458","PUERTO PLATA, DR","19.75","-70.55","5.0","2011-04-28","83","H,,S","87",",,S","73",",,S"
"DRM00078458","PUERTO PLATA, DR","19.75","-70.55","5.0","2011-04-29","77","H,,S","87",",,S","68",",,S"
"DRM00078458","PUERTO PLATA, DR","19.75","-70.55","5.0","2011-04-30","80","H,,S",,,,
"DRM00078458","PUERTO PLATA, DR","19.75","-70.55","5.0","2011-05-01","79","H,,S","88",",,S","67",",,S"
"DRM00078458","PUERTO PLATA, DR","19.75","-70.55","5.0","2011-05-02","76","H,,S","87",",,S","67",",,S"
"DRM00078458","PUERTO PLATA, DR","19.75","-70.55","5.0","2011-05-03","78","H,,S","85",",,S","68",",,S"
"DRM00078458","PUERTO PLATA, DR","19.75","-70.55","5.0","2011-05-04","76","H,,S","85",",,S","69",",,S"
"DRM00078458","PUERTO PLATA, DR","19.75","-70.55","5.0","2011-05-05","76","H,,S","82",",,S","68",",,S"
"DRM00078458","PUERTO PLATA, DR","19.75","-70.55","5.0","2011-05-06","77","H,,S",,,,
"DRM00078458","PUERTO PLATA, DR","19.75","-70.55","5.0","2011-05-07","78","H,,S","85",",,S","66",",,S"
"DRM00078458","PUERTO PLATA, DR","19.75","-70.55","5.0","2011-05-08","78","H,,S","85",",,S","66",",,S"
"DRM00078458","PUERTO PLATA, DR","19.75","-70.55","5.0","2011-05-09","78","H,,S","87",",,S","67",",,S"
"DRM00078458","PUERTO PLATA, DR","19.75","-70.55","5.0","2011-05-10","78","H,,S","87",",,S","69",",,S"
"DRM00078458","PUERTO PLATA, DR","19.75","-70.55","5.0","2011-05-11","78","H,,S","85",",,S","69",",,S"
"DRM00078458","PUERTO PLATA, DR","19.75","-70.55","5.0","2011-05-12","78","H,,S","85",",,S","68",",,S"
"DRM00078458","PUERTO PLATA, DR","19.75","-70.55","5.0","2011-05-13","76","H,,S","85",",,S","68",",,S"
"DRM00078458","PUERTO PLATA, DR","19.75","-70.55","5.0","2011-05-14","77","H,,S","85",",,S","67",",,S"
"DRM00078458","PUERTO PLATA, DR","19.75","-70.55","5.0","2011-05-15","80","H,,S","85",",,S","67",",,S"
"DRM00078458","PUERTO PLATA, DR","19.75","-70.55","5.0","2011-05-16","80","H,,S","88",",,S","69",",,S"
"DRM00078458","PUERTO PLATA, DR","19.75","-70.55","5.0","2011-05-17","79","H,,S","88",",,S","69",",,S"
"DRM00078458","PUERTO PLATA, DR","19.75","-70.55","5.0","2011-05-18","78","H,,S","93",",,S","69",",,S"
"DRM00078458","PUERTO PLATA, DR","19.75","-70.55","5.0","2011-05-19","79","H,,S","88",",,S","67",",,S"
"DRM00078458","PUERTO PLATA, DR","19.75","-70.55","5.0","2011-05-20","78","H,,S","87",",,S","69",",,S"
"DRM00078458","PUERTO PLATA, DR","19.75","-70.55","5.0","2011-05-21","80","H,,S","88",",,S","70",",,S"
"DRM00078458","PUERTO PLATA, DR","19.75","-70.55","5.0","2011-05-22","80","H,,S","88",",,S","70",",,S"
"DRM00078458","PUERTO PLATA, DR","19.75","-70.55","5.0","2011-05-23","82","H,,S","87",",,S","70",",,S"
"DRM00078458","PUERTO PLATA, DR","19.75","-70.55","5.0","2011-05-24","80","H,,S","88",",,S","70",",,S"
"DRM00078458","PUERTO PLATA, DR","19.75","-70.55","5.0","2011-05-25","77","H,,S","91",",,S","73",",,S"
"DRM00078458","PUERTO PLATA, DR","19.75","-70.55","5.0","2011-05-26","77","H,,S","85",",,S","72",",,S"
"DRM00078458","PUERTO PLATA, DR","19.75","-70.55","5.0","2011-05-27","79","H,,S",,,,
"DRM00078458","PUERTO PLATA, DR","19.75","-70.55","5.0","2011-05-28","78","H,,S","87",",,S","70",",,S"
"DRM00078458","PUERTO PLATA, DR","19.75","-70.55","5.0","2011-05-29","77","H,,S","89",",,S","69",",,S"
"DRM00078458","PUERTO PLATA, DR","19.75","-70.55","5.0","2011-05-30","79","H,,S","86",",,S","69",",,S"
"DRM00078458","PUERTO PLATA, DR","19.75","-70.55","5.0","2011-05-31","78","H,,S","86",",,S","70",",,S"
"DRM00078458","PUERTO PLATA, DR","19.75","-70.55","5.0","2011-06-01","78","H,,S","87",",,S","70",",,S"
"DRM00078458","PUERTO PLATA, DR","19.75","-70.55","5.0","2011-06-02","78","H,,S","85",",,S","70",",,S"
"DRM00078458","PUERTO PLATA, DR","19.75","-70.55","5.0","2011-06-03","80","H,,S","89",",,S","70",",,S"
"DRM00078458","PUERTO PLATA, DR","19.75","-70.55","5.0","2011-06-04","78","H,,S","89",",,S","73",",,S"
"DRM00078458","PUERTO PLATA, DR","19.75","-70.55","5.0","2011-06-05","77","H,,S","87",",,S","72",",,S"
"DRM00078458","PUERTO PLATA, DR","19.75","-70.55","5.0","2011-06-06","78","H,,S","87",",,S","70",",,S"
"DRM00078458","PUERTO PLATA, DR","19.75","-70.55","5.0","2011-06-07","77","H,,S","86",",,S","71",",,S"
"DRM00078458","PUERTO PLATA, DR","19.75","-70.55","5.0","2011-06-08","78","H,,S","86",",,S","71",",,S"
"DRM00078458","PUERTO PLATA, DR","19.75","-70.55","5.0","2011-06-09","81","H,,S",,,,
"DRM00078458","PUERTO PLATA, DR","19.75","-70.55","5.0","2011-06-10","79","H,,S","88",",,S","72",",,S"
"DRM00078458","PUERTO PLATA, DR","19.75","-70.55","5.0","2011-06-11","84","H,,S",,,,
"DRM00078458","PUERTO PLATA, DR","19.75","-70.55","5.0","2011-06-12","85","H,,S","95",",,S","74",",,S"
"DRM00078458","PUERTO PLATA, DR","19.75","-70.55","5.0","2011-06-13","82","H,,S","94",",,S","72",",,S"
"DRM00078458","PUERTO PLATA, DR","19.75","-70.55","5.0","2011-06-14","84","H,,S","91",",,S","74",",,S"
"DRM00078458","PUERTO PLATA, DR","19.75","-70.55","5.0","2011-06-15","85","H,,S","93",",,S","76",",,S"
"DRM00078458","PUERTO PLATA, DR","19.75","-70.55","5.0","2011-06-16","82","H,,S","94",",,S","75",",,S"
"DRM00078458","PUERTO PLATA, DR","19.75","-70.55","5.0","2011-06-17","86","H,,S","94",",,S","76",",,S"
"DRM00078458","PUERTO PLATA, DR","19.75","-70.55","5.0","2011-06-18","84","H,,S","93",",,S","74",",,S"
"DRM00078458","PUERTO PLATA, DR","19.75","-70.55","5.0","2011-06-19","82","H,,S","91",",,S","72",",,S"
"DRM00078458","PUERTO PLATA, DR","19.75","-70.55","5.0","2011-06-20","84","H,,S","90",",,S","74",",,S"
"DRM00078458","PUERTO PLATA, DR","19.75","-70.55","5.0","2011-06-21","82","H,,S","90",",,S","74",",,S"
"DRM00078458","PUERTO PLATA, DR","19.75","-70.55","5.0","2011-06-22","84","H,,S","90",",,S","75",",,S"
"DRM00078458","PUERTO PLATA, DR","19.75","-70.55","5.0","2011-06-23","83","H,,S","90",",,S","75",",,S"
"DRM00078458","PUERTO PLATA, DR","19.75","-70.55","5.0","2011-06-24","84","H,,S","91",",,S","75",",,S"
"DRM00078458","PUERTO PLATA, DR","19.75","-70.55","5.0","2011-06-25","82","H,,S","91",",,S","72",",,S"
"DRM00078458","PUERTO PLATA, DR","19.75","-70.55","5.0","2011-06-26","83","H,,S","91",",,S","72",",,S"
"DRM00078458","PUERTO PLATA, DR","19.75","-70.55","5.0","2011-06-27","79","H,,S","92",",,S","74",",,S"
"DRM00078458","PUERTO PLATA, DR","19.75","-70.55","5.0","2011-06-28","81","H,,S","91",",,S","72",",,S"
"DRM00078458","PUERTO PLATA, DR","19.75","-70.55","5.0","2011-06-29","83","H,,S","92",",,S","72",",,S"
"DRM00078458","PUERTO PLATA, DR","19.75","-70.55","5.0","2011-06-30","83","H,,S","92",",,S","77",",,S"
"DRM00078458","PUERTO PLATA, DR","19.75","-70.55","5.0","2011-07-01","83","H,,S","90",",,S","76",",,S"
"DRM00078458","PUERTO PLATA, DR","19.75","-70.55","5.0","2011-07-02","81","H,,S","89",",,S","73",",,S"
"DRM00078458","PUERTO PLATA, DR","19.75","-70.55","5.0","2011-07-03","81","H,,S","92",",,S","73",",,S"
"DRM00078458","PUERTO PLATA, DR","19.75","-70.55","5.0","2011-07-04","82","H,,S","92",",,S","73",",,S"
"DRM00078458","PUERTO PLATA, DR","19.75","-70.55","5.0","2011-07-05","83","H,,S","93",",,S","73",",,S"
"DRM00078458","PUERTO PLATA, DR","19.75","-70.55","5.0","2011-07-06","84","H,,S","93",",,S","77",",,S"
"DRM00078458","PUERTO PLATA, DR","19.75","-70.55","5.0","2011-07-07","83","H,,S","92",",,S","74",",,S"
"DRM00078458","PUERTO PLATA, DR","19.75","-70.55","5.0","2011-07-08","82","H,,S","92",",,S","73",",,S"
"DRM00078458","PUERTO PLATA, DR","19.75","-70.55","5.0","2011-07-09","81","H,,S","91",",,S","73",",,S"
"DRM00078458","PUERTO PLATA, DR","19.75","-70.55","5.0","2011-07-10","81","H,,S","91",",,S","74",",,S"
"DRM00078458","PUERTO PLATA, DR","19.75","-70.55","5.0","2011-07-11","84","H,,S","90",",,S","73",",,S"
"DRM00078458","PUERTO PLATA, DR","19.75","-70.55","5.0","2011-07-12","82","H,,S","89",",,S","73",",,S"
"DRM00078458","PUERTO PLATA, DR","19.75","-70.55","5.0","2011-07-13","81","H,,S","91",",,S","73",",,S"
"DRM00078458","PUERTO PLATA, DR","19.75","-70.55","5.0","2011-07-14","80","H,,S","91",",,S","71",",,S"
"DRM00078458","PUERTO PLATA, DR","19.75","-70.55","5.0","2011-07-15","82","H,,S","89",",,S","68",",,S"
"DRM00078458","PUERTO PLATA, DR","19.75","-70.55","5.0","2011-07-16","80","H,,S","89",",,S","71",",,S"
"DRM00078458","PUERTO PLATA, DR","19.75","-70.55","5.0","2011-07-17","82","H,,S","91",",,S","72",",,S"
"DRM00078458","PUERTO PLATA, DR","19.75","-70.55","5.0","2011-07-18","82","H,,S","91",",,S","72",",,S"
"DRM00078458","PUERTO PLATA, DR","19.75","-70.55","5.0","2011-07-19","80","H,,S","92",",,S","72",",,S"
"DRM00078458","PUERTO PLATA, DR","19.75","-70.55","5.0","2011-07-20","83","H,,S",,,,
"DRM00078458","PUERTO PLATA, DR","19.75","-70.55","5.0","2011-07-21","84","H,,S","93",",,S","73",",,S"
"DRM00078458","PUERTO PLATA, DR","19.75","-70.55","5.0","2011-07-22","83","H,,S","93",",,S","73",",,S"
"DRM00078458","PUERTO PLATA, DR","19.75","-70.55","5.0","2011-07-23","79","H,,S","91",",,S","73",",,S"
"DRM00078458","PUERTO PLATA, DR","19.75","-70.55","5.0","2011-07-24","78","H,,S","85",",,S","74",",,S"
"DRM00078458","PUERTO PLATA, DR","19.75","-70.55","5.0","2011-07-25","78","H,,S","89",",,S","68",",,S"
"DRM00078458","PUERTO PLATA, DR","19.75","-70.55","5.0","2011-07-26","81","H,,S","89",",,S","72",",,S"
"DRM00078458","PUERTO PLATA, DR","19.75","-70.55","5.0","2011-07-27","81","H,,S","89",",,S","72",",,S"
"DRM00078458","PUERTO PLATA, DR","19.75","-70.55","5.0","2011-07-28","80","H,,S","89",",,S","73",",,S"
"DRM00078458","PUERTO PLATA, DR","19.75","-70.55","5.0","2011-07-29","81","H,,S","89",",,S","73",",,S"
"DRM00078458","PUERTO PLATA, DR","19.75","-70.55","5.0","2011-07-30","81","H,,S","90",",,S","73",",,S"
"DRM00078458","PUERTO PLATA, DR","19.75","-70.55","5.0","2011-07-31","81","H,,S","90",",,S","73",",,S"
"DRM00078458","PUERTO PLATA, DR","19.75","-70.55","5.0","2011-08-01","82","H,,S","89",",,S","72",",,S"
"DRM00078458","PUERTO PLATA, DR","19.75","-70.55","5.0","2011-08-02","82","H,,S","90",",,S","72",",,S"
"DRM00078458","PUERTO PLATA, DR","19.75","-70.55","5.0","2011-08-03","83","H,,S","90",",,S","74",",,S"
"DRM00078458","PUERTO PLATA, DR","19.75","-70.55","5.0","2011-08-04","79","H,,S","89",",,S","73",",,S"
"DRM00078458","PUERTO PLATA, DR","19.75","-70.55","5.0","2011-08-05","81","H,,S",,,,
"DRM00078458","PUERTO PLATA, DR","19.75","-70.55","5.0","2011-08-06","84","H,,S","92",",,S","73",",,S"
"DRM00078458","PUERTO PLATA, DR","19.75","-70.55","5.0","2011-08-07","82","H,,S","91",",,S","74",",,S"
"DRM00078458","PUERTO PLATA, DR","19.75","-70.55","5.0","2011-08-08","83","H,,S","91",",,S","73",",,S"
"DRM00078458","PUERTO PLATA, DR","19.75","-70.55","5.0","2011-08-09","83","H,,S","91",",,S","73",",,S"
"DRM00078458","PUERTO PLATA, DR","19.75","-70.55","5.0","2011-08-10","83","H,,S","90",",,S","74",",,S"
"DRM00078458","PUERTO PLATA, DR","19.75","-70.55","5.0","2011-08-11","85","H,,S","91",",,S","74",",,S"
"DRM00078458","PUERTO PLATA, DR","19.75","-70.55","5.0","2011-08-12","86","H,,S","95",",,S","74",",,S"
"DRM00078458","PUERTO PLATA, DR","19.75","-70.55","5.0","2011-08-13","84","H,,S","95",",,S","74",",,S"
"DRM00078458","PUERTO PLATA, DR","19.75","-70.55","5.0","2011-08-14","81","H,,S","90",",,S","73",",,S"
"DRM00078458","PUERTO PLATA, DR","19.75","-70.55","5.0","2011-08-15","83","H,,S","93",",,S","72",",,S"
"DRM00078458","PUERTO PLATA, DR","19.75","-70.55","5.0","2011-08-16","83","H,,S","93",",,S","72",",,S"
"DRM00078458","PUERTO PLATA, DR","19.75","-70.55","5.0","2011-08-17","80","H,,S","90",",,S","72",",,S"
"DRM00078458","PUERTO PLATA, DR","19.75","-70.55","5.0","2011-08-18","83","H,,S","92",",,S","72",",,S"
"DRM00078458","PUERTO PLATA, DR","19.75","-70.55","5.0","2011-08-19","81","H,,S","92",",,S","74",",,S"
"DRM00078458","PUERTO PLATA, DR","19.75","-70.55","5.0","2011-08-20","81","H,,S","91",",,S","72",",,S"
"DRM00078458","PUERTO PLATA, DR","19.75","-70.55","5.0","2011-08-21","83","H,,S","91",",,S","72",",,S"
"DRM00078458","PUERTO PLATA, DR","19.75","-70.55","5.0","2011-08-22","79","H,,S","90",",,S","73",",,S"
"DRM00078458","PUERTO PLATA, DR","19.75","-70.55","5.0","2011-08-23","78","H,,S","87",",,S","73",",,S"
"DRM00078458","PUERTO PLATA, DR","19.75","-70.55","5.0","2011-08-24","84","H,,S",,,,
"DRM00078458","PUERTO PLATA, DR","19.75","-70.55","5.0","2011-08-25","87","H,,S","96",",,S","77",",,S"
"DRM00078458","PUERTO PLATA, DR","19.75","-70.55","5.0","2011-08-26","84","H,,S","95",",,S","76",",,S"
"DRM00078458","PUERTO PLATA, DR","19.75","-70.55","5.0","2011-08-27","80","H,,S","95",",,S","74",",,S"
"DRM00078458","PUERTO PLATA, DR","19.75","-70.55","5.0","2011-08-28","82","H,,S","93",",,S","72",",,S"
"DRM00078458","PUERTO PLATA, DR","19.75","-70.55","5.0","2011-08-29","84","H,,S","94",",,S","72",",,S"
"DRM00078458","PUERTO PLATA, DR","19.75","-70.55","5.0","2011-08-30","84","H,,S","94",",,S","73",",,S"
"DRM00078458","PUERTO PLATA, DR","19.75","-70.55","5.0","2011-08-31","84","H,,S","92",",,S","75",",,S"
"DRM00078458","PUERTO PLATA, DR","19.75","-70.55","5.0","2011-09-01","82","H,,S","91",",,S","75",",,S"
"DRM00078458","PUERTO PLATA, DR","19.75","-70.55","5.0","2011-09-02","82","H,,S","91",",,S","74",",,S"
"DRM00078458","PUERTO PLATA, DR","19.75","-70.55","5.0","2011-09-03","80","H,,S","90",",,S","74",",,S"
"DRM00078458","PUERTO PLATA, DR","19.75","-70.55","5.0","2011-09-04","80","H,,S","90",",,S","72",",,S"
"DRM00078458","PUERTO PLATA, DR","19.75","-70.55","5.0","2011-09-05","80","H,,S","90",",,S","72",",,S"
"DRM00078458","PUERTO PLATA, DR","19.75","-70.55","5.0","2011-09-06","83","H,,S",,,,
"DRM00078458","PUERTO PLATA, DR","19.75","-70.55","5.0","2011-09-07","84","H,,S","91",",,S","74",",,S"
"DRM00078458","PUERTO PLATA, DR","19.75","-70.55","5.0","2011-09-08","83","H,,S","92",",,S","74",",,S"
"DRM00078458","PUERTO PLATA, DR","19.75","-70.55","5.0","2011-09-09","82","H,,S","92",",,S","73",",,S"
"DRM00078458","PUERTO PLATA, DR","19.75","-70.55","5.0","2011-09-10","82","H,,S","92",",,S","73",",,S"
"DRM00078458","PUERTO PLATA, DR","19.75","-70.55","5.0","2011-09-11","82","H,,S","92",",,S","73",",,S"
"DRM00078458","PUERTO PLATA, DR","19.75","-70.55","5.0","2011-09-12","80","H,,S","90",",,S","73",",,S"
"DRM00078458","PUERTO PLATA, DR","19.75","-70.55","5.0","2011-09-13","84","H,,S","90",",,S","73",",,S"
"DRM00078458","PUERTO PLATA, DR","19.75","-70.55","5.0","2011-09-14","82","H,,S","90",",,S","75",",,S"
"DRM00078458","PUERTO PLATA, DR","19.75","-70.55","5.0","2011-09-15","81","H,,S","92",",,S","73",",,S"
"DRM00078458","PUERTO PLATA, DR","19.75","-70.55","5.0","2011-09-16","78","H,,S","95",",,S","71",",,S"
"DRM00078458","PUERTO PLATA, DR","19.75","-70.55","5.0","2011-09-17","82","H,,S","91",",,S","71",",,S"
"DRM00078458","PUERTO PLATA, DR","19.75","-70.55","5.0","2011-09-18","80","H,,S","89",",,S","71",",,S"
"DRM00078458","PUERTO PLATA, DR","19.75","-70.55","5.0","2011-09-19","81","H,,S",,,,
"DRM00078458","PUERTO PLATA, DR","19.75","-70.55","5.0","2011-09-20","80","H,,S","90",",,S","70",",,S"
"DRM00078458","PUERTO PLATA, DR","19.75","-70.55","5.0","2011-09-21","81","H,,S","91",",,S","69",",,S"
"DRM00078458","PUERTO PLATA, DR","19.75","-70.55","5.0","2011-09-22","83","H,,S","91",",,S","72",",,S"
"DRM00078458","PUERTO PLATA, DR","19.75","-70.55","5.0","2011-09-23","83","H,,S","90",",,S","73",",,S"
"DRM00078458","PUERTO PLATA, DR","19.75","-70.55","5.0","2011-09-24","82","H,,S","89",",,S","73",",,S"
"DRM00078458","PUERTO PLATA, DR","19.75","-70.55","5.0","2011-09-25","80","H,,S","89",",,S","72",",,S"
"DRM00078458","PUERTO PLATA, DR","19.75","-70.55","5.0","2011-09-26","81","H,,S","89",",,S","72",",,S"
"DRM00078458","PUERTO PLATA, DR","19.75","-70.55","5.0","2011-09-27","81","H,,S","89",",,S","72",",,S"
"DRM00078458","PUERTO PLATA, DR","19.75","-70.55","5.0","2011-09-28","81","H,,S","89",",,S","73",",,S"
"DRM00078458","PUERTO PLATA, DR","19.75","-70.55","5.0","2011-09-29","81","H,,S","89",",,S","72",",,S"
"DRM00078458","PUERTO PLATA, DR","19.75","-70.55","5.0","2011-09-30","80","H,,S","89",",,S","72",",,S"
"DRM00078458","PUERTO PLATA, DR","19.75","-70.55","5.0","2011-10-01","83","H,,S","90",",,S","72",",,S"
"DRM00078458","PUERTO PLATA, DR","19.75","-70.55","5.0","2011-10-02","83","H,,S","92",",,S","74",",,S"
"DRM00078458","PUERTO PLATA, DR","19.75","-70.55","5.0","2011-10-03","81","H,,S","92",",,S","74",",,S"
"DRM00078458","PUERTO PLATA, DR","19.75","-70.55","5.0","2011-10-04","81","H,,S","92",",,S","72",",,S"
"DRM00078458","PUERTO PLATA, DR","19.75","-70.55","5.0","2011-10-05","81","H,,S","90",",,S","70",",,S"
"DRM00078458","PUERTO PLATA, DR","19.75","-70.55","5.0","2011-10-06","82","H,,S","92",",,S","70",",,S"
"DRM00078458","PUERTO PLATA, DR","19.75","-70.55","5.0","2011-10-07","81","H,,S","92",",,S","70",",,S"
"DRM00078458","PUERTO PLATA, DR","19.75","-70.55","5.0","2011-10-08","83","H,,S","91",",,S","72",",,S"
"DRM00078458","PUERTO PLATA, DR","19.75","-70.55","5.0","2011-10-09","82","H,,S","88",",,S","73",",,S"
"DRM00078458","PUERTO PLATA, DR","19.75","-70.55","5.0","2011-10-10","84","H,,S","94",",,S","74",",,S"
"DRM00078458","PUERTO PLATA, DR","19.75","-70.55","5.0","2011-10-11","83","H,,S","94",",,S","73",",,S"
"DRM00078458","PUERTO PLATA, DR","19.75","-70.55","5.0","2011-10-12","82","H,,S","91",",,S","73",",,S"
"DRM00078458","PUERTO PLATA, DR","19.75","-70.55","5.0","2011-10-13","80","H,,S","91",",,S","70",",,S"
"DRM00078458","PUERTO PLATA, DR","19.75","-70.55","5.0","2011-10-14","80","H,,S","90",",,S","70",",,S"
"DRM00078458","PUERTO PLATA, DR","19.75","-70.55","5.0","2011-10-15","82","H,,S","91",",,S","71",",,S"
"DRM00078458","PUERTO PLATA, DR","19.75","-70.55","5.0","2011-10-16","80","H,,S","91",",,S","71",",,S"
"DRM00078458","PUERTO PLATA, DR","19.75","-70.55","5.0","2011-10-17","80","H,,S","90",",,S","71",",,S"
"DRM00078458","PUERTO PLATA, DR","19.75","-70.55","5.0","2011-10-18","82","H,,S","91",",,S","71",",,S"
"DRM00078458","PUERTO PLATA, DR","19.75","-70.55","5.0","2011-10-19","82","H,,S","92",",,S","72",",,S"
"DRM00078458","PUERTO PLATA, DR","19.75","-70.55","5.0","2011-10-20","82","H,,S","92",",,S","71",",,S"
"DRM00078458","PUERTO PLATA, DR","19.75","-70.55","5.0","2011-10-21","80","H,,S","91",",,S","71",",,S"
"DRM00078458","PUERTO PLATA, DR","19.75","-70.55","5.0","2011-10-22","78","H,,S","90",",,S","69",",,S"
"DRM00078458","PUERTO PLATA, DR","19.75","-70.55","5.0","2011-10-23","80","H,,S","90",",,S","69",",,S"
"DRM00078458","PUERTO PLATA, DR","19.75","-70.55","5.0","2011-10-24","81","H,,S","90",",,S","72",",,S"
"DRM00078458","PUERTO PLATA, DR","19.75","-70.55","5.0","2011-10-25","82","H,,S","90",",,S","72",",,S"
"DRM00078458","PUERTO PLATA, DR","19.75","-70.55","5.0","2011-10-26","80","H,,S","90",",,S","72",",,S"
"DRM00078458","PUERTO PLATA, DR","19.75","-70.55","5.0","2011-10-27","81","H,,S","90",",,S","71",",,S"
"DRM00078458","PUERTO PLATA, DR","19.75","-70.55","5.0","2011-10-28","81","H,,S","92",",,S","71",",,S"
"DRM00078458","PUERTO PLATA, DR","19.75","-70.55","5.0","2011-10-29","82","H,,S","92",",,S","71",",,S"
"DRM00078458","PUERTO PLATA, DR","19.75","-70.55","5.0","2011-10-30","82","H,,S","90",",,S","73",",,S"
"DRM00078458","PUERTO PLATA, DR","19.75","-70.55","5.0","2011-10-31","81","H,,S","90",",,S","72",",,S"
"DRM00078458","PUERTO PLATA, DR","19.75","-70.55","5.0","2011-11-01","81","H,,S","90",",,S","71",",,S"
"DRM00078458","PUERTO PLATA, DR","19.75","-70.55","5.0","2011-11-02","80","H,,S","90",",,S","71",",,S"
"DRM00078458","PUERTO PLATA, DR","19.75","-70.55","5.0","2011-11-03","78","H,,S","87",",,S","70",",,S"
"DRM00078458","PUERTO PLATA, DR","19.75","-70.55","5.0","2011-11-04","78","H,,S","89",",,S","70",",,S"
"DRM00078458","PUERTO PLATA, DR","19.75","-70.55","5.0","2011-11-05","78","H,,S","89",",,S","71",",,S"
"DRM00078458","PUERTO PLATA, DR","19.75","-70.55","5.0","2011-11-06","80","H,,S","89",",,S","72",",,S"
"DRM00078458","PUERTO PLATA, DR","19.75","-70.55","5.0","2011-11-07","79","H,,S","86",",,S","72",",,S"
"DRM00078458","PUERTO PLATA, DR","19.75","-70.55","5.0","2011-11-08","79","H,,S","87",",,S","72",",,S"
"DRM00078458","PUERTO PLATA, DR","19.75","-70.55","5.0","2011-11-09","81","H,,S","87",",,S","73",",,S"
"DRM00078458","PUERTO PLATA, DR","19.75","-70.55","5.0","2011-11-10","78","H,,S","87",",,S","69",",,S"
"DRM00078458","PUERTO PLATA, DR","19.75","-70.55","5.0","2011-11-11","80","H,,S","88",",,S","69",",,S"
"DRM00078458","PUERTO PLATA, DR","19.75","-70.55","5.0","2011-11-12","78","H,,S","88",",,S","71",",,S"
"DRM00078458","PUERTO PLATA, DR","19.75","-70.55","5.0","2011-11-13","78","H,,S","85",",,S","72",",,S"
"DRM00078458","PUERTO PLATA, DR","19.75","-70.55","5.0","2011-11-14","78","H,,S","86",",,S","72",",,S"
"DRM00078458","PUERTO PLATA, DR","19.75","-70.55","5.0","2011-11-15","79","H,,S","87",",,S","71",",,S"
"DRM00078458","PUERTO PLATA, DR","19.75","-70.55","5.0","2011-11-16","78","H,,S","87",",,S","71",",,S"
"DRM00078458","PUERTO PLATA, DR","19.75","-70.55","5.0","2011-11-17","76","H,,S","87",",,S","71",",,S"
"DRM00078458","PUERTO PLATA, DR","19.75","-70.55","5.0","2011-11-18","76","H,,S",,,,
"DRM00078458","PUERTO PLATA, DR","19.75","-70.55","5.0","2011-11-19","77","H,,S","87",",,S","70",",,S"
"DRM00078458","PUERTO PLATA, DR","19.75","-70.55","5.0","2011-11-20","77","H,,S","94",",,S","70",",,S"
"DRM00078458","PUERTO PLATA, DR","19.75","-70.55","5.0","2011-11-21","81","H,,S","88",",,S","70",",,S"
"DRM00078458","PUERTO PLATA, DR","19.75","-70.55","5.0","2011-11-22","78","H,,S","87",",,S","71",",,S"
"DRM00078458","PUERTO PLATA, DR","19.75","-70.55","5.0","2011-11-23","77","H,,S","87",",,S","70",",,S"
"DRM00078458","PUERTO PLATA, DR","19.75","-70.55","5.0","2011-11-24","78","H,,S","86",",,S","68",",,S"
"DRM00078458","PUERTO PLATA, DR","19.75","-70.55","5.0","2011-11-25","78","H,,S","86",",,S","68",",,S"
"DRM00078458","PUERTO PLATA, DR","19.75","-70.55","5.0","2011-11-26","73","H,,S","83",",,S","69",",,S"
"DRM00078458","PUERTO PLATA, DR","19.75","-70.55","5.0","2011-11-27","73","H,,S","81",",,S","69",",,S"
"DRM00078458","PUERTO PLATA, DR","19.75","-70.55","5.0","2011-11-28","77","H,,S",,,,
"DRM00078458","PUERTO PLATA, DR","19.75","-70.55","5.0","2011-11-29","75","H,,S","84",",,S","69",",,S"
"DRM00078458","PUERTO PLATA, DR","19.75","-70.55","5.0","2011-11-30","75","H,,S",,,,
"DRM00078458","PUERTO PLATA, DR","19.75","-70.55","5.0","2011-12-01","74","H,,S","82",",,S","66",",,S"
"DRM00078458","PUERTO PLATA, DR","19.75","-70.55","5.0","2011-12-02","76","H,,S","84",",,S","66",",,S"
"DRM00078458","PUERTO PLATA, DR","19.75","-70.55","5.0","2011-12-03","75","H,,S","84",",,S","69",",,S"
"DRM00078458","PUERTO PLATA, DR","19.75","-70.55","5.0","2011-12-04","76","H,,S","82",",,S","67",",,S"
"DRM00078458","PUERTO PLATA, DR","19.75","-70.55","5.0","2011-12-05","74","H,,S","83",",,S","67",",,S"
"DRM00078458","PUERTO PLATA, DR","19.75","-70.55","5.0","2011-12-06","75","H,,S",,,,
"DRM00078458","PUERTO PLATA, DR","19.75","-70.55","5.0","2011-12-07","77","H,,S","85",",,S","68",",,S"
"DRM00078458","PUERTO PLATA, DR","19.75","-70.55","5.0","2011-12-08","77","H,,S","86",",,S","68",",,S"
"DRM00078458","PUERTO PLATA, DR","19.75","-70.55","5.0","2011-12-09","76","H,,S","86",",,S","69",",,S"
"DRM00078458","PUERTO PLATA, DR","19.75","-70.55","5.0","2011-12-10","76","H,,S","84",",,S","70",",,S"
"DRM00078458","PUERTO PLATA, DR","19.75","-70.55","5.0","2011-12-11","77","H,,S",,,,
"DRM00078458","PUERTO PLATA, DR","19.75","-70.55","5.0","2011-12-12","76","H,,S","84",",,S","69",",,S"
"DRM00078458","PUERTO PLATA, DR","19.75","-70.55","5.0","2011-12-13","77","H,,S","84",",,S","69",",,S"
"DRM00078458","PUERTO PLATA, DR","19.75","-70.55","5.0","2011-12-14","76","H,,S","84",",,S","69",",,S"
"DRM00078458","PUERTO PLATA, DR","19.75","-70.55","5.0","2011-12-15","77","H,,S",,,,
"DRM00078458","PUERTO PLATA, DR","19.75","-70.55","5.0","2011-12-16","75","H,,S","84",",,S","65",",,S"
"DRM00078458","PUERTO PLATA, DR","19.75","-70.55","5.0","2011-12-17","74","H,,S","84",",,S","65",",,S"
"DRM00078458","PUERTO PLATA, DR","19.75","-70.55","5.0","2011-12-18","74","H,,S","81",",,S","67",",,S"
"DRM00078458","PUERTO PLATA, DR","19.75","-70.55","5.0","2011-12-19","75","H,,S","82",",,S","66",",,S"
"DRM00078458","PUERTO PLATA, DR","19.75","-70.55","5.0","2011-12-20","76","H,,S","83",",,S","66",",,S"
"DRM00078458","PUERTO PLATA, DR","19.75","-70.55","5.0","2011-12-21","73","H,,S","81",",,S","67",",,S"
"DRM00078458","PUERTO PLATA, DR","19.75","-70.55","5.0","2011-12-22","74","H,,S","84",",,S","67",",,S"
"DRM00078458","PUERTO PLATA, DR","19.75","-70.55","5.0","2011-12-23","74","H,,S","84",",,S","68",",,S"
"DRM00078458","PUERTO PLATA, DR","19.75","-70.55","5.0","2011-12-24","77","H,,S",,,,
"DRM00078458","PUERTO PLATA, DR","19.75","-70.55","5.0","2011-12-25","76","H,,S",,,,
"DRM00078458","PUERTO PLATA, DR","19.75","-70.55","5.0","2011-12-26","75","H,,S","83",",,S","67",",,S"
"DRM00078458","PUERTO PLATA, DR","19.75","-70.55","5.0","2011-12-27","74","H,,S","83",",,S","67",",,S"
"DRM00078458","PUERTO PLATA, DR","19.75","-70.55","5.0","2011-12-28","73","H,,S",,,,
"DRM00078458","PUERTO PLATA, DR","19.75","-70.55","5.0","2011-12-29","76","H,,S","85",",,S","67",",,S"
"DRM00078458","PUERTO PLATA, DR","19.75","-70.55","5.0","2011-12-30","77","H,,S","85",",,S","67",",,S"
"DRM00078458","PUERTO PLATA, DR","19.75","-70.55","5.0","2011-12-31","75","H,,S","85",",,S","68",",,S"
"DRM00078458","PUERTO PLATA, DR","19.75","-70.55","5.0","2012-01-01","78","H,,S","85",",,S","68",",,S"
"DRM00078458","PUERTO PLATA, DR","19.75","-70.55","5.0","2012-01-02","76","H,,S","83",",,S","66",",,S"
"DRM00078458","PUERTO PLATA, DR","19.75","-70.55","5.0","2012-01-03","76","H,,S","84",",,S","66",",,S"
"DRM00078458","PUERTO PLATA, DR","19.75","-70.55","5.0","2012-01-04","75","H,,S","84",",,S","66",",,S"
"DRM00078458","PUERTO PLATA, DR","19.75","-70.55","5.0","2012-01-05","70","H,,S","78",",,S","66",",,S"
"DRM00078458","PUERTO PLATA, DR","19.75","-70.55","5.0","2012-01-06","71","H,,S","77",",,S","65",",,S"
"DRM00078458","PUERTO PLATA, DR","19.75","-70.55","5.0","2012-01-07","72","H,,S",,,,
"DRM00078458","PUERTO PLATA, DR","19.75","-70.55","5.0","2012-01-08","73","H,,S","83",",,S","65",",,S"
"DRM00078458","PUERTO PLATA, DR","19.75","-70.55","5.0","2012-01-09","75","H,,S","83",",,S","65",",,S"
"DRM00078458","PUERTO PLATA, DR","19.75","-70.55","5.0","2012-01-10","75","H,,S","82",",,S","65",",,S"
"DRM00078458","PUERTO PLATA, DR","19.75","-70.55","5.0","2012-01-11","77","H,,S","86",",,S","65",",,S"
"DRM00078458","PUERTO PLATA, DR","19.75","-70.55","5.0","2012-01-12","78","H,,S",,,,
"DRM00078458","PUERTO PLATA, DR","19.75","-70.55","5.0","2012-01-13","76","H,,S","88",",,S","65",",,S"
"DRM00078458","PUERTO PLATA, DR","19.75","-70.55","5.0","2012-01-14","76","H,,S","86",",,S","65",",,S"
"DRM00078458","PUERTO PLATA, DR","19.75","-70.55","5.0","2012-01-15","74","H,,S","85",",,S","67",",,S"
"DRM00078458","PUERTO PLATA, DR","19.75","-70.55","5.0","2012-01-16","76","H,,S","83",",,S","67",",,S"
"DRM00078458","PUERTO PLATA, DR","19.75","-70.55","5.0","2012-01-17","72","H,,S","81",",,S","68",",,S"
"DRM00078458","PUERTO PLATA, DR","19.75","-70.55","5.0","2012-01-18","73","H,,S","78",",,S","68",",,S"
"DRM00078458","PUERTO PLATA, DR","19.75","-70.55","5.0","2012-01-19","73","H,,S","83",",,S","65",",,S"
"DRM00078458","PUERTO PLATA, DR","19.75","-70.55","5.0","2012-01-20","74","H,,S","83",",,S","65",",,S"
"DRM00078458","PUERTO PLATA, DR","19.75","-70.55","5.0","2012-01-21","73","H,,S",,,,
"DRM00078458","PUERTO PLATA, DR","19.75","-70.55","5.0","2012-01-22","76","H,,S","84",",,S","65",",,S"
"DRM00078458","PUERTO PLATA, DR","19.75","-70.55","5.0","2012-01-23","75","H,,S","84",",,S","65",",,S"
"DRM00078458","PUERTO PLATA, DR","19.75","-70.55","5.0","2012-01-24","75","H,,S","83",",,S","64",",,S"
"DRM00078458","PUERTO PLATA, DR","19.75","-70.55","5.0","2012-01-25","74","H,,S","83",",,S","64",",,S"
"DRM00078458","PUERTO PLATA, DR","19.75","-70.55","5.0","2012-01-26","72","H,,S","82",",,S","66",",,S"
"DRM00078458","PUERTO PLATA, DR","19.75","-70.55","5.0","2012-01-27","73","H,,S","83",",,S","66",",,S"
"DRM00078458","PUERTO PLATA, DR","19.75","-70.55","5.0","2012-01-28","74","H,,S","81",",,S","66",",,S"
"DRM00078458","PUERTO PLATA, DR","19.75","-70.55","5.0","2012-01-29","74","H,,S","81",",,S","66",",,S"
"DRM00078458","PUERTO PLATA, DR","19.75","-70.55","5.0","2012-01-30","74","H,,S","80",",,S","66",",,S"
"DRM00078458","PUERTO PLATA, DR","19.75","-70.55","5.0","2012-01-31","75","H,,S","81",",,S","66",",,S"
"DRM00078458","PUERTO PLATA, DR","19.75","-70.55","5.0","2012-02-01","74","H,,S","81",",,S","65",",,S"
"DRM00078458","PUERTO PLATA, DR","19.75","-70.55","5.0","2012-02-02","74","H,,S","83",",,S","65",",,S"
"DRM00078458","PUERTO PLATA, DR","19.75","-70.55","5.0","2012-02-03","74","H,,S","83",",,S","64",",,S"
"DRM00078458","PUERTO PLATA, DR","19.75","-70.55","5.0","2012-02-04","75","H,,S","83",",,S","64",",,S"
"DRM00078458","PUERTO PLATA, DR","19.75","-70.55","5.0","2012-02-05","74","H,,S","82",",,S","66",",,S"
"DRM00078458","PUERTO PLATA, DR","19.75","-70.55","5.0","2012-02-06","77","H,,S","86",",,S","66",",,S"
"DRM00078458","PUERTO PLATA, DR","19.75","-70.55","5.0","2012-02-07","77","H,,S","86",",,S","67",",,S"
"DRM00078458","PUERTO PLATA, DR","19.75","-70.55","5.0","2012-02-08","74","H,,S","86",",,S","66",",,S"
"DRM00078458","PUERTO PLATA, DR","19.75","-70.55","5.0","2012-02-09","78","H,,S","86",",,S","68",",,S"
"DRM00078458","PUERTO PLATA, DR","19.75","-70.55","5.0","2012-02-10","78","H,,S","86",",,S","68",",,S"
"DRM00078458","PUERTO PLATA, DR","19.75","-70.55","5.0","2012-02-11","77","H,,S","86",",,S","67",",,S"
"DRM00078458","PUERTO PLATA, DR","19.75","-70.55","5.0","2012-02-12","77","H,,S","85",",,S","67",",,S"
"DRM00078458","PUERTO PLATA, DR","19.75","-70.55","5.0","2012-02-13","72","H,,S","84",",,S","68",",,S"
"DRM00078458","PUERTO PLATA, DR","19.75","-70.55","5.0","2012-02-14","69","H,,S",,,,
"DRM00078458","PUERTO PLATA, DR","19.75","-70.55","5.0","2012-02-15","73","H,,S","79",",,S","65",",,S"
"DRM00078458","PUERTO PLATA, DR","19.75","-70.55","5.0","2012-02-16","73","H,,S",,,,
"DRM00078458","PUERTO PLATA, DR","19.75","-70.55","5.0","2012-02-17","76","H,,S","82",",,S","68",",,S"
"DRM00078458","PUERTO PLATA, DR","19.75","-70.55","5.0","2012-02-18","73","H,,S","82",",,S","62",",,S"
"DRM00078458","PUERTO PLATA, DR","19.75","-70.55","5.0","2012-02-19","76","H,,S","83",",,S","62",",,S"
"DRM00078458","PUERTO PLATA, DR","19.75","-70.55","5.0","2012-02-20","77","H,,S","85",",,S","64",",,S"
"DRM00078458","PUERTO PLATA, DR","19.75","-70.55","5.0","2012-02-21","76","H,,S","84",",,S","65",",,S"
"DRM00078458","PUERTO PLATA, DR","19.75","-70.55","5.0","2012-02-22","73","H,,S","85",",,S","65",",,S"
"DRM00078458","PUERTO PLATA, DR","19.75","-70.55","5.0","2012-02-23","75","H,,S","87",",,S","65",",,S"
"DRM00078458","PUERTO PLATA, DR","19.75","-70.55","5.0","2012-02-24","77","H,,S","87",",,S","65",",,S"
"DRM00078458","PUERTO PLATA, DR","19.75","-70.55","5.0","2012-02-25","76","H,,S",,,,
"DRM00078458","PUERTO PLATA, DR","19.75","-70.55","5.0","2012-02-26","78","H,,S","85",",,S","67",",,S"
"DRM00078458","PUERTO PLATA, DR","19.75","-70.55","5.0","2012-02-27","73","H,,S","84",",,S","65",",,S"
"DRM00078458","PUERTO PLATA, DR","19.75","-70.55","5.0","2012-02-28","74","H,,S","82",",,S","65",",,S"
"DRM00078458","PUERTO PLATA, DR","19.75","-70.55","5.0","2012-02-29","74","H,,S","85",",,S","69",",,S"
"DRM00078458","PUERTO PLATA, DR","19.75","-70.55","5.0","2012-03-01","76","H,,S","83",",,S","66",",,S"
"DRM00078458","PUERTO PLATA, DR","19.75","-70.55","5.0","2012-03-02","75","H,,S","84",",,S","64",",,S"
"DRM00078458","PUERTO PLATA, DR","19.75","-70.55","5.0","2012-03-03","77","H,,S","85",",,S","64",",,S"
"DRM00078458","PUERTO PLATA, DR","19.75","-70.55","5.0","2012-03-04","77","H,,S","87",",,S","67",",,S"
"DRM00078458","PUERTO PLATA, DR","19.75","-70.55","5.0","2012-03-05","77","H,,S","87",",,S","68",",,S"
"DRM00078458","PUERTO PLATA, DR","19.75","-70.55","5.0","2012-03-06","77","H,,S","89",",,S","69",",,S"
"DRM00078458","PUERTO PLATA, DR","19.75","-70.55","5.0","2012-03-07","76","H,,S","85",",,S","68",",,S"
"DRM00078458","PUERTO PLATA, DR","19.75","-70.55","5.0","2012-03-08","73","H,,S",,,,
"DRM00078458","PUERTO PLATA, DR","19.75","-70.55","5.0","2012-03-09","76","H,,S","83",",,S","65",",,S"
"DRM00078458","PUERTO PLATA, DR","19.75","-70.55","5.0","2012-03-10","76","H,,S","83",",,S","65",",,S"
"DRM00078458","PUERTO PLATA, DR","19.75","-70.55","5.0","2012-03-11","76","H,,S","83",",,S","65",",,S"
"DRM00078458","PUERTO PLATA, DR","19.75","-70.55","5.0","2012-03-12","75","H,,S","82",",,S","67",",,S"
"DRM00078458","PUERTO PLATA, DR","19.75","-70.55","5.0","2012-03-13","75","H,,S","83",",,S","66",",,S"
"DRM00078458","PUERTO PLATA, DR","19.75","-70.55","5.0","2012-03-14","72","H,,S","83",",,S","66",",,S"
"DRM00078458","PUERTO PLATA, DR","19.75","-70.55","5.0","2012-03-15","73","H,,S","83",",,S","66",",,S"
"DRM00078458","PUERTO PLATA, DR","19.75","-70.55","5.0","2012-03-16","77","H,,S","83",",,S","66",",,S"
"DRM00078458","PUERTO PLATA, DR","19.75","-70.55","5.0","2012-03-17","76","H,,S","83",",,S","66",",,S"
"DRM00078458","PUERTO PLATA, DR","19.75","-70.55","5.0","2012-03-18","74","H,,S","83",",,S","65",",,S"
"DRM00078458","PUERTO PLATA, DR","19.75","-70.55","5.0","2012-03-19","75","H,,S","82",",,S","65",",,S"
"DRM00078458","PUERTO PLATA, DR","19.75","-70.55","5.0","2012-03-20","75","H,,S","84",",,S","65",",,S"
"DRM00078458","PUERTO PLATA, DR","19.75","-70.55","5.0","2012-03-21","76","H,,S","84",",,S","66",",,S"
"DRM00078458","PUERTO PLATA, DR","19.75","-70.55","5.0","2012-03-22","73","H,,S","82",",,S","66",",,S"
"DRM00078458","PUERTO PLATA, DR","19.75","-70.55","5.0","2012-03-23","72","H,,S","78",",,S","66",",,S"
"DRM00078458","PUERTO PLATA, DR","19.75","-70.55","5.0","2012-03-24","76","H,,S","83",",,S","66",",,S"
"DRM00078458","PUERTO PLATA, DR","19.75","-70.55","5.0","2012-03-25","74","H,,S","84",",,S","64",",,S"
"DRM00078458","PUERTO PLATA, DR","19.75","-70.55","5.0","2012-03-26","77","H,,S","85",",,S","64",",,S"
"DRM00078458","PUERTO PLATA, DR","19.75","-70.55","5.0","2012-03-27","77","H,,S","85",",,S","68",",,S"
"DRM00078458","PUERTO PLATA, DR","19.75","-70.55","5.0","2012-03-28","74","H,,S",,,,
"DRM00078458","PUERTO PLATA, DR","19.75","-70.55","5.0","2012-03-29","73","H,,S","81",",,S","67",",,S"
"DRM00078458","PUERTO PLATA, DR","19.75","-70.55","5.0","2012-03-30","78","H,,S","84",",,S","67",",,S"
"DRM00078458","PUERTO PLATA, DR","19.75","-70.55","5.0","2012-03-31","78","H,,S","89",",,S","67",",,S"
"DRM00078458","PUERTO PLATA, DR","19.75","-70.55","5.0","2012-04-01","78","H,,S","89",",,S","67",",,S"
"DRM00078458","PUERTO PLATA, DR","19.75","-70.55","5.0","2012-04-02","80","H,,S","86",",,S","67",",,S"
"DRM00078458","PUERTO PLATA, DR","19.75","-70.55","5.0","2012-04-03","78","H,,S","86",",,S","71",",,S"
"DRM00078458","PUERTO PLATA, DR","19.75","-70.55","5.0","2012-04-04","78","H,,S","85",",,S","71",",,S"
"DRM00078458","PUERTO PLATA, DR","19.75","-70.55","5.0","2012-04-05","78","H,,S","90",",,S","71",",,S"
"DRM00078458","PUERTO PLATA, DR","19.75","-70.55","5.0","2012-04-06","78","H,,S","90",",,S","68",",,S"
"DRM00078458","PUERTO PLATA, DR","19.75","-70.55","5.0","2012-04-07","79","H,,S","85",",,S","68",",,S"
"DRM00078458","PUERTO PLATA, DR","19.75","-70.55","5.0","2012-04-08","79","H,,S","85",",,S","68",",,S"
"DRM00078458","PUERTO PLATA, DR","19.75","-70.55","5.0","2012-04-09","75","H,,S","84",",,S","68",",,S"
"DRM00078458","PUERTO PLATA, DR","19.75","-70.55","5.0","2012-04-10","76","H,,S","83",",,S","68",",,S"
"DRM00078458","PUERTO PLATA, DR","19.75","-70.55","5.0","2012-04-11","79","H,,S","87",",,S","68",",,S"
"DRM00078458","PUERTO PLATA, DR","19.75","-70.55","5.0","2012-04-12","75","H,,S","87",",,S","67",",,S"
"DRM00078458","PUERTO PLATA, DR","19.75","-70.55","5.0","2012-04-13","76","H,,S","85",",,S","69",",,S"
"DRM00078458","PUERTO PLATA, DR","19.75","-70.55","5.0","2012-04-14","78","H,,S","83",",,S","69",",,S"
"DRM00078458","PUERTO PLATA, DR","19.75","-70.55","5.0","2012-04-15","74","H,,S","82",",,S","67",",,S"
"DRM00078458","PUERTO PLATA, DR","19.75","-70.55","5.0","2012-04-16","74","H,,S","82",",,S","67",",,S"
"DRM00078458","PUERTO PLATA, DR","19.75","-70.55","5.0","2012-04-17","76","H,,S","83",",,S","67",",,S"
"DRM00078458","PUERTO PLATA, DR","19.75","-70.55","5.0","2012-04-18","75","H,,S","83",",,S","64",",,S"
"DRM00078458","PUERTO PLATA, DR","19.75","-70.55","5.0","2012-04-19","72","H,,S","83",",,S","64",",,S"
"DRM00078458","PUERTO PLATA, DR","19.75","-70.55","5.0","2012-04-20","76","H,,S","84",",,S","64",",,S"
"DRM00078458","PUERTO PLATA, DR","19.75","-70.55","5.0","2012-04-21","78","H,,S","87",",,S","65",",,S"
"DRM00078458","PUERTO PLATA, DR","19.75","-70.55","5.0","2012-04-22","81","H,,S","90",",,S","68",",,S"
"DRM00078458","PUERTO PLATA, DR","19.75","-70.55","5.0","2012-04-23","81","H,,S","90",",,S","68",",,S"
"DRM00078458","PUERTO PLATA, DR","19.75","-70.55","5.0","2012-04-24","78","H,,S","88",",,S","72",",,S"
"DRM00078458","PUERTO PLATA, DR","19.75","-70.55","5.0","2012-04-25","76","H,,S","81",",,S","70",",,S"
"DRM00078458","PUERTO PLATA, DR","19.75","-70.55","5.0","2012-04-26","76","H,,S","82",",,S","71",",,S"
"DRM00078458","PUERTO PLATA, DR","19.75","-70.55","5.0","2012-04-27","77","H,,S","86",",,S","71",",,S"
"DRM00078458","PUERTO PLATA, DR","19.75","-70.55","5.0","2012-04-28","78","H,,S","86",",,S","70",",,S"
"DRM00078458","PUERTO PLATA, DR","19.75","-70.55","5.0","2012-04-29","80","H,,S","86",",,S","70",",,S"
"DRM00078458","PUERTO PLATA, DR","19.75","-70.55","5.0","2012-04-30","79","H,,S","86",",,S","71",",,S"
"DRM00078458","PUERTO PLATA, DR","19.75","-70.55","5.0","2012-05-01","78","H,,S","86",",,S","72",",,S"
"DRM00078458","PUERTO PLATA, DR","19.75","-70.55","5.0","2012-05-02","78","H,,S","85",",,S","71",",,S"
"DRM00078458","PUERTO PLATA, DR","19.75","-70.55","5.0","2012-05-03","77","H,,S","85",",,S","71",",,S"
"DRM00078458","PUERTO PLATA, DR","19.75","-70.55","5.0","2012-05-04","75","H,,S","84",",,S","68",",,S"
"DRM00078458","PUERTO PLATA, DR","19.75","-70.55","5.0","2012-05-05","79","H,,S","84",",,S","68",",,S"
"DRM00078458","PUERTO PLATA, DR","19.75","-70.55","5.0","2012-05-06","75","H,,S","83",",,S","67",",,S"
"DRM00078458","PUERTO PLATA, DR","19.75","-70.55","5.0","2012-05-07","78","H,,S","83",",,S","67",",,S"
"DRM00078458","PUERTO PLATA, DR","19.75","-70.55","5.0","2012-05-08","77","H,,S","85",",,S","68",",,S"
"DRM00078458","PUERTO PLATA, DR","19.75","-70.55","5.0","2012-05-09","79","H,,S","88",",,S","68",",,S"
"DRM00078458","PUERTO PLATA, DR","19.75","-70.55","5.0","2012-05-10","80","H,,S","88",",,S","70",",,S"
"DRM00078458","PUERTO PLATA, DR","19.75","-70.55","5.0","2012-05-12","79","H,,S","90",",,S","72",",,S"
"DRM00078458","PUERTO PLATA, DR","19.75","-70.55","5.0","2012-05-13","76","H,,S","88",",,S","69",",,S"
"DRM00078458","PUERTO PLATA, DR","19.75","-70.55","5.0","2012-05-14","76","H,,S","87",",,S","69",",,S"
"DRM00078458","PUERTO PLATA, DR","19.75","-70.55","5.0","2012-05-15","80","H,,S","88",",,S","69",",,S"
"DRM00078458","PUERTO PLATA, DR","19.75","-70.55","5.0","2012-05-16","80","H,,S","89",",,S","69",",,S"
"DRM00078458","PUERTO PLATA, DR","19.75","-70.55","5.0","2012-05-18","80","H,,S","88",",,S","72",",,S"
"DRM00078458","PUERTO PLATA, DR","19.75","-70.55","5.0","2012-05-19","81","H,,S","91",",,S","72",",,S"
"DRM00078458","PUERTO PLATA, DR","19.75","-70.55","5.0","2012-05-20","86","H,,S","93",",,S","72",",,S"
"DRM00078458","PUERTO PLATA, DR","19.75","-70.55","5.0","2012-05-21","83","H,,S","94",",,S","70",",,S"
"DRM00078458","PUERTO PLATA, DR","19.75","-70.55","5.0","2012-05-22","78","H,,S","92",",,S","73",",,S"
"DRM00078458","PUERTO PLATA, DR","19.75","-70.55","5.0","2012-05-23","83","H,,S","92",",,S","73",",,S"
"DRM00078458","PUERTO PLATA, DR","19.75","-70.55","5.0","2012-05-24","83","H,,S","92",",,S","73",",,S"
"DRM00078458","PUERTO PLATA, DR","19.75","-70.55","5.0","2012-05-25","82","H,,S","92",",,S","72",",,S"
"DRM00078458","PUERTO PLATA, DR","19.75","-70.55","5.0","2012-05-26","80","H,,S","92",",,S","72",",,S"
"DRM00078458","PUERTO PLATA, DR","19.75","-70.55","5.0","2012-05-27","80","H,,S","89",",,S","72",",,S"
"DRM00078458","PUERTO PLATA, DR","19.75","-70.55","5.0","2012-05-28","81","H,,S","88",",,S","72",",,S"
"DRM00078458","PUERTO PLATA, DR","19.75","-70.55","5.0","2012-05-29","82","H,,S","90",",,S","72",",,S"
"DRM00078458","PUERTO PLATA, DR","19.75","-70.55","5.0","2012-05-30","81","H,,S","90",",,S","72",",,S"
"DRM00078458","PUERTO PLATA, DR","19.75","-70.55","5.0","2012-05-31","83","H,,S","96",",,S","72",",,S"
"DRM00078458","PUERTO PLATA, DR","19.75","-70.55","5.0","2012-06-01","86","H,,S","97",",,S","72",",,S"
"DRM00078458","PUERTO PLATA, DR","19.75","-70.55","5.0","2012-06-02","87","H,,S","97",",,S","76",",,S"
"DRM00078458","PUERTO PLATA, DR","19.75","-70.55","5.0","2012-06-03","84","H,,S",,,,
"DRM00078458","PUERTO PLATA, DR","19.75","-70.55","5.0","2012-06-04","80","H,,S","90",",,S","69",",,S"
"DRM00078458","PUERTO PLATA, DR","19.75","-70.55","5.0","2012-06-05","82","H,,S","94",",,S","72",",,S"
"DRM00078458","PUERTO PLATA, DR","19.75","-70.55","5.0","2012-06-06","83","H,,S","96",",,S","71",",,S"
"DRM00078458","PUERTO PLATA, DR","19.75","-70.55","5.0","2012-06-07","87","H,,S","96",",,S","71",",,S"
"DRM00078458","PUERTO PLATA, DR","19.75","-70.55","5.0","2012-06-08","86","H,,S","98",",,S","73",",,S"
"DRM00078458","PUERTO PLATA, DR","19.75","-70.55","5.0","2012-06-09","83","H,,S","98",",,S","69",",,S"
"DRM00078458","PUERTO PLATA, DR","19.75","-70.55","5.0","2012-06-10","83","H,,S","96",",,S","69",",,S"
"DRM00078458","PUERTO PLATA, DR","19.75","-70.55","5.0","2012-06-11","81","H,,S","91",",,S","72",",,S"
"DRM00078458","PUERTO PLATA, DR","19.75","-70.55","5.0","2012-06-12","81","H,,S","90",",,S","72",",,S"
"DRM00078458","PUERTO PLATA, DR","19.75","-70.55","5.0","2012-06-13","83","H,,S","96",",,S","72",",,S"
"DRM00078458","PUERTO PLATA, DR","19.75","-70.55","5.0","2012-06-14","83","H,,S","96",",,S","72",",,S"
"DRM00078458","PUERTO PLATA, DR","19.75","-70.55","5.0","2012-06-15","85","H,,S","94",",,S","73",",,S"
"DRM00078458","PUERTO PLATA, DR","19.75","-70.55","5.0","2012-06-16","83","H,,S","94",",,S","69",",,S"
"DRM00078458","PUERTO PLATA, DR","19.75","-70.55","5.0","2012-06-17","77","H,,S","94",",,S","68",",,S"
"DRM00078458","PUERTO PLATA, DR","19.75","-70.55","5.0","2012-06-18","80","H,,S","86",",,S","68",",,S"
"DRM00078458","PUERTO PLATA, DR","19.75","-70.55","5.0","2012-06-19","82","H,,S","94",",,S","72",",,S"
"DRM00078458","PUERTO PLATA, DR","19.75","-70.55","5.0","2012-06-20","84","H,,S","94",",,S","73",",,S"
"DRM00078458","PUERTO PLATA, DR","19.75","-70.55","5.0","2012-06-21","85","H,,S",,,,
"DRM00078458","PUERTO PLATA, DR","19.75","-70.55","5.0","2012-06-22","85","H,,S","96",",,S","75",",,S"
"DRM00078458","PUERTO PLATA, DR","19.75","-70.55","5.0","2012-06-23","86","H,,S","95",",,S","74",",,S"
"DRM00078458","PUERTO PLATA, DR","19.75","-70.55","5.0","2012-06-24","86","H,,S","96",",,S","72",",,S"
"DRM00078458","PUERTO PLATA, DR","19.75","-70.55","5.0","2012-06-25","84","H,,S","95",",,S","72",",,S"
"DRM00078458","PUERTO PLATA, DR","19.75","-70.55","5.0","2012-06-26","83","H,,S","97",",,S","73",",,S"
"DRM00078458","PUERTO PLATA, DR","19.75","-70.55","5.0","2012-06-27","86","H,,S","98",",,S","73",",,S"
"DRM00078458","PUERTO PLATA, DR","19.75","-70.55","5.0","2012-06-28","84","H,,S","98",",,S","72",",,S"
"DRM00078458","PUERTO PLATA, DR","19.75","-70.55","5.0","2012-06-29","81","H,,S",,,,
"DRM00078458","PUERTO PLATA, DR","19.75","-70.55","5.0","2012-06-30","83","H,,S","91",",,S","72",",,S"
"DRM00078458","PUERTO PLATA, DR","19.75","-70.55","5.0","2012-07-01","83","H,,S","92",",,S","72",",,S"
"DRM00078458","PUERTO PLATA, DR","19.75","-70.55","5.0","2012-07-02","79","H,,S","92",",,S","73",",,S"
"DRM00078458","PUERTO PLATA, DR","19.75","-70.55","5.0","2012-07-03","82","H,,S","92",",,S","73",",,S"
"DRM00078458","PUERTO PLATA, DR","19.75","-70.55","5.0","2012-07-04","81","H,,S","92",",,S","73",",,S"
"DRM00078458","PUERTO PLATA, DR","19.75","-70.55","5.0","2012-07-05","81","H,,S","92",",,S","73",",,S"
"DRM00078458","PUERTO PLATA, DR","19.75","-70.55","5.0","2012-07-06","83","H,,S",,,,
"DRM00078458","PUERTO PLATA, DR","19.75","-70.55","5.0","2012-07-07","84","H,,S","94",",,S","74",",,S"
"DRM00078458","PUERTO PLATA, DR","19.75","-70.55","5.0","2012-07-08","82","H,,S","93",",,S","73",",,S"
"DRM00078458","PUERTO PLATA, DR","19.75","-70.55","5.0","2012-07-09","80","H,,S","91",",,S","73",",,S"
"DRM00078458","PUERTO PLATA, DR","19.75","-70.55","5.0","2012-07-10","83","H,,S","95",",,S","73",",,S"
"DRM00078458","PUERTO PLATA, DR","19.75","-70.55","5.0","2012-07-11","85","H,,S","95",",,S","73",",,S"
"DRM00078458","PUERTO PLATA, DR","19.75","-70.55","5.0","2012-07-12","83","H,,S","94",",,S","73",",,S"
"DRM00078458","PUERTO PLATA, DR","19.75","-70.55","5.0","2012-07-13","81","H,,S","91",",,S","72",",,S"
"DRM00078458","PUERTO PLATA, DR","19.75","-70.55","5.0","2012-07-14","84","H,,S","94",",,S","72",",,S"
"DRM00078458","PUERTO PLATA, DR","19.75","-70.55","5.0","2012-07-15","84","H,,S","94",",,S","72",",,S"
"DRM00078458","PUERTO PLATA, DR","19.75","-70.55","5.0","2012-07-16","84","H,,S","93",",,S","74",",,S"
"DRM00078458","PUERTO PLATA, DR","19.75","-70.55","5.0","2012-07-17","83","H,,S","93",",,S","74",",,S"
"DRM00078458","PUERTO PLATA, DR","19.75","-70.55","5.0","2012-07-18","83","H,,S","93",",,S","74",",,S"
"DRM00078458","PUERTO PLATA, DR","19.75","-70.55","5.0","2012-07-19","80","H,,S","92",",,S","73",",,S"
"DRM00078458","PUERTO PLATA, DR","19.75","-70.55","5.0","2012-07-20","81","H,,S","90",",,S","73",",,S"
"DRM00078458","PUERTO PLATA, DR","19.75","-70.55","5.0","2012-07-21","81","H,,S","90",",,S","74",",,S"
"DRM00078458","PUERTO PLATA, DR","19.75","-70.55","5.0","2012-07-22","84","H,,S",,,,
"DRM00078458","PUERTO PLATA, DR","19.75","-70.55","5.0","2012-07-23","84","H,,S","91",",,S","73",",,S"
"DRM00078458","PUERTO PLATA, DR","19.75","-70.55","5.0","2012-07-24","82","H,,S","90",",,S","74",",,S"
"DRM00078458","PUERTO PLATA, DR","19.75","-70.55","5.0","2012-07-25","84","H,,S","91",",,S","72",",,S"
"DRM00078458","PUERTO PLATA, DR","19.75","-70.55","5.0","2012-07-26","83","H,,S","94",",,S","73",",,S"
"DRM00078458","PUERTO PLATA, DR","19.75","-70.55","5.0","2012-07-27","83","H,,S","93",",,S","72",",,S"
"DRM00078458","PUERTO PLATA, DR","19.75","-70.55","5.0","2012-07-28","83","H,,S","91",",,S","72",",,S"
"DRM00078458","PUERTO PLATA, DR","19.75","-70.55","5.0","2012-07-29","83","H,,S","91",",,S","72",",,S"
"DRM00078458","PUERTO PLATA, DR","19.75","-70.55","5.0","2012-07-30","83","H,,S","92",",,S","72",",,S"
"DRM00078458","PUERTO PLATA, DR","19.75","-70.55","5.0","2012-07-31","78","H,,S","93",",,S","72",",,S"
"DRM00078458","PUERTO PLATA, DR","19.75","-70.55","5.0","2012-08-01","81","H,,S","92",",,S","72",",,S"
"DRM00078458","PUERTO PLATA, DR","19.75","-70.55","5.0","2012-08-02","82","H,,S","93",",,S","73",",,S"
"DRM00078458","PUERTO PLATA, DR","19.75","-70.55","5.0","2012-08-03","83","H,,S","92",",,S","72",",,S"
"DRM00078458","PUERTO PLATA, DR","19.75","-70.55","5.0","2012-08-04","81","H,,S","91",",,S","72",",,S"
"DRM00078458","PUERTO PLATA, DR","19.75","-70.55","5.0","2012-08-05","81","H,,S","91",",,S","72",",,S"
"DRM00078458","PUERTO PLATA, DR","19.75","-70.55","5.0","2012-08-06","83","H,,S","91",",,S","72",",,S"
"DRM00078458","PUERTO PLATA, DR","19.75","-70.55","5.0","2012-08-07","83","H,,S",,,,
"DRM00078458","PUERTO PLATA, DR","19.75","-70.55","5.0","2012-08-08","79","H,,S","90",",,S","72",",,S"
"DRM00078458","PUERTO PLATA, DR","19.75","-70.55","5.0","2012-08-09","80","H,,S","89",",,S","72",",,S"
"DRM00078458","PUERTO PLATA, DR","19.75","-70.55","5.0","2012-08-10","83","H,,S","94",",,S","72",",,S"
"DRM00078458","PUERTO PLATA, DR","19.75","-70.55","5.0","2012-08-11","84","H,,S","94",",,S","72",",,S"
"DRM00078458","PUERTO PLATA, DR","19.75","-70.55","5.0","2012-08-12","84","H,,S","91",",,S","74",",,S"
"DRM00078458","PUERTO PLATA, DR","19.75","-70.55","5.0","2012-08-13","81","H,,S","91",",,S","72",",,S"
"DRM00078458","PUERTO PLATA, DR","19.75","-70.55","5.0","2012-08-14","81","H,,S","91",",,S","72",",,S"
"DRM00078458","PUERTO PLATA, DR","19.75","-70.55","5.0","2012-08-15","81","H,,S","91",",,S","72",",,S"
"DRM00078458","PUERTO PLATA, DR","19.75","-70.55","5.0","2012-08-16","81","H,,S","91",",,S","72",",,S"
"DRM00078458","PUERTO PLATA, DR","19.75","-70.55","5.0","2012-08-17","82","H,,S","92",",,S","72",",,S"
"DRM00078458","PUERTO PLATA, DR","19.75","-70.55","5.0","2012-08-18","80","H,,S","92",",,S","74",",,S"
"DRM00078458","PUERTO PLATA, DR","19.75","-70.55","5.0","2012-08-19","85","H,,S","95",",,S","74",",,S"
"DRM00078458","PUERTO PLATA, DR","19.75","-70.55","5.0","2012-08-21","84","H,,S","93",",,S","72",",,S"
"DRM00078458","PUERTO PLATA, DR","19.75","-70.55","5.0","2012-08-22","82","H,,S","93",",,S","72",",,S"
"DRM00078458","PUERTO PLATA, DR","19.75","-70.55","5.0","2012-08-23","79","H,,S","90",",,S","70",",,S"
"DRM00078458","PUERTO PLATA, DR","19.75","-70.55","5.0","2012-08-24","80","H,,S","85",",,S","73",",,S"
"DRM00078458","PUERTO PLATA, DR","19.75","-70.55","5.0","2012-08-25","77","H,,S","87",",,S","73",",,S"
"DRM00078458","PUERTO PLATA, DR","19.75","-70.55","5.0","2012-08-26","83","H,,S","94",",,S","72",",,S"
"DRM00078458","PUERTO PLATA, DR","19.75","-70.55","5.0","2012-08-27","82","H,,S","94",",,S","75",",,S"
"DRM00078458","PUERTO PLATA, DR","19.75","-70.55","5.0","2012-08-28","82","H,,S","92",",,S","73",",,S"
"DRM00078458","PUERTO PLATA, DR","19.75","-70.55","5.0","2012-08-29","83","H,,S","92",",,S","73",",,S"
"DRM00078458","PUERTO PLATA, DR","19.75","-70.55","5.0","2012-08-30","82","H,,S","92",",,S","73",",,S"
"DRM00078458","PUERTO PLATA, DR","19.75","-70.55","5.0","2012-08-31","82","H,,S","89",",,S","73",",,S"
"DRM00078458","PUERTO PLATA, DR","19.75","-70.55","5.0","2012-09-01","82","H,,S","89",",,S","72",",,S"
"DRM00078458","PUERTO PLATA, DR","19.75","-70.55","5.0","2012-09-02","82","H,,S","89",",,S","73",",,S"
"DRM00078458","PUERTO PLATA, DR","19.75","-70.55","5.0","2012-09-03","83","H,,S","89",",,S","73",",,S"
"DRM00078458","PUERTO PLATA, DR","19.75","-70.55","5.0","2012-09-04","82","H,,S","88",",,S","73",",,S"
"DRM00078458","PUERTO PLATA, DR","19.75","-70.55","5.0","2012-09-05","79","H,,S",,,,
"DRM00078458","PUERTO PLATA, DR","19.75","-70.55","5.0","2012-09-06","80","H,,S","90",",,S","72",",,S"
"DRM00078458","PUERTO PLATA, DR","19.75","-70.55","5.0","2012-09-07","83","H,,S","90",",,S","73",",,S"
"DRM00078458","PUERTO PLATA, DR","19.75","-70.55","5.0","2012-09-08","84","H,,S",,,,
"DRM00078458","PUERTO PLATA, DR","19.75","-70.55","5.0","2012-09-09","85","H,,S","93",",,S","72",",,S"
"DRM00078458","PUERTO PLATA, DR","19.75","-70.55","5.0","2012-09-10","85","H,,S","94",",,S","72",",,S"
"DRM00078458","PUERTO PLATA, DR","19.75","-70.55","5.0","2012-09-12","88","H,,S",,,,
"DRM00078458","PUERTO PLATA, DR","19.75","-70.55","5.0","2012-09-13","82","H,,S","91",",,S","72",",,S"
"DRM00078458","PUERTO PLATA, DR","19.75","-70.55","5.0","2012-09-14","87","H,,S","94",",,S","72",",,S"
"DRM00078458","PUERTO PLATA, DR","19.75","-70.55","5.0","2012-09-15","84","H,,S","94",",,S","73",",,S"
"DRM00078458","PUERTO PLATA, DR","19.75","-70.55","5.0","2012-09-16","83","H,,S","94",",,S","72",",,S"
"DRM00078458","PUERTO PLATA, DR","19.75","-70.55","5.0","2012-09-17","85","H,,S","92",",,S","72",",,S"
"DRM00078458","PUERTO PLATA, DR","19.75","-70.55","5.0","2012-09-18","80","H,,S","92",",,S","71",",,S"
"DRM00078458","PUERTO PLATA, DR","19.75","-70.55","5.0","2012-09-19","81","H,,S","93",",,S","71",",,S"
"DRM00078458","PUERTO PLATA, DR","19.75","-70.55","5.0","2012-09-20","82","H,,S","92",",,S","73",",,S"
"DRM00078458","PUERTO PLATA, DR","19.75","-70.55","5.0","2012-09-21","82","H,,S","94",",,S","74",",,S"
"DRM00078458","PUERTO PLATA, DR","19.75","-70.55","5.0","2012-09-22","82","H,,S","93",",,S","71",",,S"
"DRM00078458","PUERTO PLATA, DR","19.75","-70.55","5.0","2012-09-23","85","H,,S","95",",,S","71",",,S"
"DRM00078458","PUERTO PLATA, DR","19.75","-70.55","5.0","2012-09-24","88","H,,S","99",",,S","71",",,S"
"DRM00078458","PUERTO PLATA, DR","19.75","-70.55","5.0","2012-09-25","84","H,,S","99",",,S","71",",,S"
"DRM00078458","PUERTO PLATA, DR","19.75","-70.55","5.0","2012-09-26","82","H,,S","94",",,S","71",",,S"
"DRM00078458","PUERTO PLATA, DR","19.75","-70.55","5.0","2012-09-27","82","H,,S","93",",,S","72",",,S"
"DRM00078458","PUERTO PLATA, DR","19.75","-70.55","5.0","2012-09-28","79","H,,S","89",",,S","72",",,S"
"DRM00078458","PUERTO PLATA, DR","19.75","-70.55","5.0","2012-09-29","83","H,,S","94",",,S","72",",,S"
"DRM00078458","PUERTO PLATA, DR","19.75","-70.55","5.0","2012-09-30","84","H,,S","95",",,S","72",",,S"
"DRM00078458","PUERTO PLATA, DR","19.75","-70.55","5.0","2012-10-01","86","H,,S","95",",,S","72",",,S"
"DRM00078458","PUERTO PLATA, DR","19.75","-70.55","5.0","2012-10-02","83","H,,S",,,,
"DRM00078458","PUERTO PLATA, DR","19.75","-70.55","5.0","2012-10-03","83","H,,S",,,,
"DRM00078458","PUERTO PLATA, DR","19.75","-70.55","5.0","2012-10-04","81","H,,S","92",",,S","72",",,S"
"DRM00078458","PUERTO PLATA, DR","19.75","-70.55","5.0","2012-10-05","80","H,,S","90",",,S","72",",,S"
"DRM00078458","PUERTO PLATA, DR","19.75","-70.55","5.0","2012-10-06","79","H,,S","89",",,S","71",",,S"
"DRM00078458","PUERTO PLATA, DR","19.75","-70.55","5.0","2012-10-07","82","H,,S","90",",,S","72",",,S"
"DRM00078458","PUERTO PLATA, DR","19.75","-70.55","5.0","2012-10-08","81","H,,S",,,,
"DRM00078458","PUERTO PLATA, DR","19.75","-70.55","5.0","2012-10-09","83","H,,S","95",",,S","71",",,S"
"DRM00078458","PUERTO PLATA, DR","19.75","-70.55","5.0","2012-10-10","81","H,,S","94",",,S","71",",,S"
"DRM00078458","PUERTO PLATA, DR","19.75","-70.55","5.0","2012-10-11","83","H,,S","91",",,S","71",",,S"
"DRM00078458","PUERTO PLATA, DR","19.75","-70.55","5.0","2012-10-12","88","H,,S","95",",,S","72",",,S"
"DRM00078458","PUERTO PLATA, DR","19.75","-70.55","5.0","2012-10-13","82","H,,S","95",",,S","71",",,S"
"DRM00078458","PUERTO PLATA, DR","19.75","-70.55","5.0","2012-10-14","81","H,,S","91",",,S","72",",,S"
"DRM00078458","PUERTO PLATA, DR","19.75","-70.55","5.0","2012-10-15","82","H,,S","89",",,S","73",",,S"
"DRM00078458","PUERTO PLATA, DR","19.75","-70.55","5.0","2012-10-16","82","H,,S",,,,
"DRM00078458","PUERTO PLATA, DR","19.75","-70.55","5.0","2012-10-17","81","H,,S","90",",,S","72",",,S"
"DRM00078458","PUERTO PLATA, DR","19.75","-70.55","5.0","2012-10-18","83","H,,S","94",",,S","72",",,S"
"DRM00078458","PUERTO PLATA, DR","19.75","-70.55","5.0","2012-10-19","83","H,,S","94",",,S","72",",,S"
"DRM00078458","PUERTO PLATA, DR","19.75","-70.55","5.0","2012-10-20","83","H,,S","92",",,S","72",",,S"
"DRM00078458","PUERTO PLATA, DR","19.75","-70.55","5.0","2012-10-21","84","H,,S","90",",,S","71",",,S"
"DRM00078458","PUERTO PLATA, DR","19.75","-70.55","5.0","2012-10-22","82","H,,S","88",",,S","71",",,S"
"DRM00078458","PUERTO PLATA, DR","19.75","-70.55","5.0","2012-10-23","79","H,,S","88",",,S","69",",,S"
"DRM00078458","PUERTO PLATA, DR","19.75","-70.55","5.0","2012-10-24","76","H,,S","87",",,S","69",",,S"
"DRM00078458","PUERTO PLATA, DR","19.75","-70.55","5.0","2012-10-26","81","H,,S","87",",,S","74",",,S"
"DRM00078458","PUERTO PLATA, DR","19.75","-70.55","5.0","2012-10-27","81","H,,S","89",",,S","74",",,S"
"DRM00078458","PUERTO PLATA, DR","19.75","-70.55","5.0","2012-10-28","82","H,,S","89",",,S","72",",,S"
"DRM00078458","PUERTO PLATA, DR","19.75","-70.55","5.0","2012-10-29","80","H,,S","87",",,S","72",",,S"
"DRM00078458","PUERTO PLATA, DR","19.75","-70.55","5.0","2012-10-30","83","H,,S","87",",,S","72",",,S"
"DRM00078458","PUERTO PLATA, DR","19.75","-70.55","5.0","2012-10-31","79","H,,S","91",",,S","72",",,S"
"DRM00078458","PUERTO PLATA, DR","19.75","-70.55","5.0","2012-11-01","76","H,,S","86",",,S","71",",,S"
"DRM00078458","PUERTO PLATA, DR","19.75","-70.55","5.0","2012-11-02","80","H,,S","87",",,S","71",",,S"
"DRM00078458","PUERTO PLATA, DR","19.75","-70.55","5.0","2012-11-03","79","H,,S","87",",,S","71",",,S"
"DRM00078458","PUERTO PLATA, DR","19.75","-70.55","5.0","2012-11-04","76","H,,S","86",",,S","71",",,S"
"DRM00078458","PUERTO PLATA, DR","19.75","-70.55","5.0","2012-11-05","84","H,,S","90",",,S","70",",,S"
"DRM00078458","PUERTO PLATA, DR","19.75","-70.55","5.0","2012-11-06","81","H,,S","90",",,S","70",",,S"
"DRM00078458","PUERTO PLATA, DR","19.75","-70.55","5.0","2012-11-07","77","H,,S","88",",,S","72",",,S"
"DRM00078458","PUERTO PLATA, DR","19.75","-70.55","5.0","2012-11-08","81","H,,S","88",",,S","73",",,S"
"DRM00078458","PUERTO PLATA, DR","19.75","-70.55","5.0","2012-11-09","78","H,,S","87",",,S","72",",,S"
"DRM00078458","PUERTO PLATA, DR","19.75","-70.55","5.0","2012-11-10","77","H,,S","83",",,S","70",",,S"
"DRM00078458","PUERTO PLATA, DR","19.75","-70.55","5.0","2012-11-11","77","H,,S","99",",,S","70",",,S"
"DRM00078458","PUERTO PLATA, DR","19.75","-70.55","5.0","2012-11-12","76","H,,S","85",",,S","67",",,S"
"DRM00078458","PUERTO PLATA, DR","19.75","-70.55","5.0","2012-11-13","79","H,,S","86",",,S","67",",,S"
"DRM00078458","PUERTO PLATA, DR","19.75","-70.55","5.0","2012-11-14","79","H,,S","85",",,S","72",",,S"
"DRM00078458","PUERTO PLATA, DR","19.75","-70.55","5.0","2012-11-15","80","H,,S",,,,
"DRM00078458","PUERTO PLATA, DR","19.75","-70.55","5.0","2012-11-16","80","H,,S","87",",,S","70",",,S"
"DRM00078458","PUERTO PLATA, DR","19.75","-70.55","5.0","2012-11-17","78","H,,S","88",",,S","71",",,S"
"DRM00078458","PUERTO PLATA, DR","19.75","-70.55","5.0","2012-11-18","80","H,,S","87",",,S","73",",,S"
"DRM00078458","PUERTO PLATA, DR","19.75","-70.55","5.0","2012-11-19","79","H,,S","87",",,S","72",",,S"
"DRM00078458","PUERTO PLATA, DR","19.75","-70.55","5.0","2012-11-20","79","H,,S","84",",,S","72",",,S"
"DRM00078458","PUERTO PLATA, DR","19.75","-70.55","5.0","2012-11-21","76","H,,S","84",",,S","71",",,S"
"DRM00078458","PUERTO PLATA, DR","19.75","-70.55","5.0","2012-11-22","78","H,,S",,,,
"DRM00078458","PUERTO PLATA, DR","19.75","-70.55","5.0","2012-11-23","76","H,,S","83",",,S","71",",,S"
"DRM00078458","PUERTO PLATA, DR","19.75","-70.55","5.0","2012-11-24","78","H,,S","84",",,S","71",",,S"
"DRM00078458","PUERTO PLATA, DR","19.75","-70.55","5.0","2012-11-25","78","H,,S","86",",,S","71",",,S"
"DRM00078458","PUERTO PLATA, DR","19.75","-70.55","5.0","2012-11-27","77","H,,S",,,,
"DRM00078458","PUERTO PLATA, DR","19.75","-70.55","5.0","2012-11-28","76","H,,S","85",",,S","69",",,S"
"DRM00078458","PUERTO PLATA, DR","19.75","-70.55","5.0","2012-11-29","81","H,,S","86",",,S","73",",,S"
"DRM00078458","PUERTO PLATA, DR","19.75","-70.55","5.0","2012-11-30","78","H,,S","83",",,S","72",",,S"
"DRM00078458","PUERTO PLATA, DR","19.75","-70.55","5.0","2012-12-01","81","H,,S",,,,
"DRM00078458","PUERTO PLATA, DR","19.75","-70.55","5.0","2012-12-02","78","H,,S","85",",,S","71",",,S"
"DRM00078458","PUERTO PLATA, DR","19.75","-70.55","5.0","2012-12-03","74","H,,S","85",",,S","68",",,S"
"DRM00078458","PUERTO PLATA, DR","19.75","-70.55","5.0","2012-12-05","75","H,,S",,,,
"DRM00078458","PUERTO PLATA, DR","19.75","-70.55","5.0","2012-12-06","76","H,,S","84",",,S","66",",,S"
"DRM00078458","PUERTO PLATA, DR","19.75","-70.55","5.0","2012-12-07","79","H,,S","83",",,S","71",",,S"
"DRM00078458","PUERTO PLATA, DR","19.75","-70.55","5.0","2012-12-09","80","H,,S","87",",,S","70",",,S"
"DRM00078458","PUERTO PLATA, DR","19.75","-70.55","5.0","2012-12-10","77","H,,S","85",",,S","69",",,S"
"DRM00078458","PUERTO PLATA, DR","19.75","-70.55","5.0","2012-12-12","75","H,,S","86",",,S","67",",,S"
"DRM00078458","PUERTO PLATA, DR","19.75","-70.55","5.0","2012-12-13","79","H,,S","85",",,S","67",",,S"
"DRM00078458","PUERTO PLATA, DR","19.75","-70.55","5.0","2012-12-14","76","H,,S","85",",,S","70",",,S"
"DRM00078458","PUERTO PLATA, DR","19.75","-70.55","5.0","2012-12-15","78","H,,S","83",",,S","68",",,S"
"DRM00078458","PUERTO PLATA, DR","19.75","-70.55","5.0","2012-12-16","76","H,,S","84",",,S","67",",,S"
"DRM00078458","PUERTO PLATA, DR","19.75","-70.55","5.0","2012-12-17","76","H,,S","84",",,S","66",",,S"
"DRM00078458","PUERTO PLATA, DR","19.75","-70.55","5.0","2012-12-18","78","H,,S",,,,
"DRM00078458","PUERTO PLATA, DR","19.75","-70.55","5.0","2012-12-19","80","H,,S",,,,
"DRM00078458","PUERTO PLATA, DR","19.75","-70.55","5.0","2012-12-20","78","H,,S","85",",,S","68",",,S"
"DRM00078458","PUERTO PLATA, DR","19.75","-70.55","5.0","2012-12-22","74","H,,S","82",",,S","65",",,S"
"DRM00078458","PUERTO PLATA, DR","19.75","-70.55","5.0","2012-12-23","73","H,,S","82",",,S","65",",,S"
"DRM00078458","PUERTO PLATA, DR","19.75","-70.55","5.0","2012-12-24","72","H,,S",,,,
"DRM00078458","PUERTO PLATA, DR","19.75","-70.55","5.0","2012-12-25","77","H,,S","85",",,S","63",",,S"
"DRM00078458","PUERTO PLATA, DR","19.75","-70.55","5.0","2012-12-27","79","H,,S","86",",,S","68",",,S"
"DRM00078458","PUERTO PLATA, DR","19.75","-70.55","5.0","2012-12-29","80","H,,S","85",",,S","68",",,S"
"DRM00078458","PUERTO PLATA, DR","19.75","-70.55","5.0","2012-12-30","76","H,,S","85",",,S","65",",,S"
"DRM00078458","PUERTO PLATA, DR","19.75","-70.55","5.0","2012-12-31","74","H,,S","83",",,S","65",",,S"
"DRM00078458","PUERTO PLATA, DR","19.75","-70.55","5.0","2013-01-01","76","H,,S","83",",,S","66",",,S"
"DRM00078458","PUERTO PLATA, DR","19.75","-70.55","5.0","2013-01-03","77","H,,S","87",",,S","66",",,S"
"DRM00078458","PUERTO PLATA, DR","19.75","-70.55","5.0","2013-01-04","80","H,,S","85",",,S","67",",,S"
"DRM00078458","PUERTO PLATA, DR","19.75","-70.55","5.0","2013-01-05","77","H,,S","85",",,S","67",",,S"
"DRM00078458","PUERTO PLATA, DR","19.75","-70.55","5.0","2013-01-06","76","H,,S","83",",,S","69",",,S"
"DRM00078458","PUERTO PLATA, DR","19.75","-70.55","5.0","2013-01-07","75","H,,S","85",",,S","68",",,S"
"DRM00078458","PUERTO PLATA, DR","19.75","-70.55","5.0","2013-01-08","80","H,,S","84",",,S","68",",,S"
"DRM00078458","PUERTO PLATA, DR","19.75","-70.55","5.0","2013-01-09","79","H,,S","84",",,S","66",",,S"
"DRM00078458","PUERTO PLATA, DR","19.75","-70.55","5.0","2013-01-10","77","H,,S","84",",,S","71",",,S"
"DRM00078458","PUERTO PLATA, DR","19.75","-70.55","5.0","2013-01-11","77","H,,S","86",",,S","68",",,S"
"DRM00078458","PUERTO PLATA, DR","19.75","-70.55","5.0","2013-01-12","72","H,,S","83",",,S","67",",,S"
"DRM00078458","PUERTO PLATA, DR","19.75","-70.55","5.0","2013-01-13","76","H,,S","81",",,S","67",",,S"
"DRM00078458","PUERTO PLATA, DR","19.75","-70.55","5.0","2013-01-14","74","H,,S","81",",,S","63",",,S"
"DRM00078458","PUERTO PLATA, DR","19.75","-70.55","5.0","2013-01-15","71","H,,S","79",",,S","63",",,S"
"DRM00078458","PUERTO PLATA, DR","19.75","-70.55","5.0","2013-01-16","76","H,,S","82",",,S","68",",,S"
"DRM00078458","PUERTO PLATA, DR","19.75","-70.55","5.0","2013-01-17","76","H,,S","84",",,S","68",",,S"
"DRM00078458","PUERTO PLATA, DR","19.75","-70.55","5.0","2013-01-18","74","H,,S","85",",,S","65",",,S"
"DRM00078458","PUERTO PLATA, DR","19.75","-70.55","5.0","2013-01-19","76","H,,S","85",",,S","65",",,S"
"DRM00078458","PUERTO PLATA, DR","19.75","-70.55","5.0","2013-01-20","76","H,,S","82",",,S","63",",,S"
"DRM00078458","PUERTO PLATA, DR","19.75","-70.55","5.0","2013-01-21","76","H,,S","85",",,S","64",",,S"
"DRM00078458","PUERTO PLATA, DR","19.75","-70.55","5.0","2013-01-22","76","H,,S","87",",,S","66",",,S"
"DRM00078458","PUERTO PLATA, DR","19.75","-70.55","5.0","2013-01-23","77","H,,S","87",",,S","64",",,S"
"DRM00078458","PUERTO PLATA, DR","19.75","-70.55","5.0","2013-01-24","77","H,,S","87",",,S","66",",,S"
"DRM00078458","PUERTO PLATA, DR","19.75","-70.55","5.0","2013-01-25","78","H,,S","85",",,S","68",",,S"
"DRM00078458","PUERTO PLATA, DR","19.75","-70.55","5.0","2013-01-26","76","H,,S","85",",,S","67",",,S"
"DRM00078458","PUERTO PLATA, DR","19.75","-70.55","5.0","2013-01-27","75","H,,S",,,,
"DRM00078458","PUERTO PLATA, DR","19.75","-70.55","5.0","2013-01-28","76","H,,S","84",",,S","68",",,S"
"DRM00078458","PUERTO PLATA, DR","19.75","-70.55","5.0","2013-01-29","77","H,,S","84",",,S","69",",,S"
"DRM00078458","PUERTO PLATA, DR","19.75","-70.55","5.0","2013-01-30","73","H,,S","82",",,S","69",",,S"
"DRM00078458","PUERTO PLATA, DR","19.75","-70.55","5.0","2013-01-31","77","H,,S",,,,
"DRM00078458","PUERTO PLATA, DR","19.75","-70.55","5.0","2013-02-01","78","H,,S","85",",,S","68",",,S"
"DRM00078458","PUERTO PLATA, DR","19.75","-70.55","5.0","2013-02-02","75","H,,S","86",",,S","65",",,S"
"DRM00078458","PUERTO PLATA, DR","19.75","-70.55","5.0","2013-02-03","73","H,,S","85",",,S","63",",,S"
"DRM00078458","PUERTO PLATA, DR","19.75","-70.55","5.0","2013-02-04","80","H,,S","85",",,S","63",",,S"
"DRM00078458","PUERTO PLATA, DR","19.75","-70.55","5.0","2013-02-05","76","H,,S","86",",,S","63",",,S"
"DRM00078458","PUERTO PLATA, DR","19.75","-70.55","5.0","2013-02-08","74","H,,S",,,,
"DRM00078458","PUERTO PLATA, DR","19.75","-70.55","5.0","2013-02-09","79","H,,S","85",",,S","65",",,S"
"DRM00078458","PUERTO PLATA, DR","19.75","-70.55","5.0","2013-02-10","77","H,,S","85",",,S","65",",,S"
"DRM00078458","PUERTO PLATA, DR","19.75","-70.55","5.0","2013-02-14","76","H,,S","87",",,S","63",",,S"
"DRM00078458","PUERTO PLATA, DR","19.75","-70.55","5.0","2013-02-17","78","H,,S","90",",,S","68",",,S"
"DRM00078458","PUERTO PLATA, DR","19.75","-70.55","5.0","2013-02-20","75","H,,S",,,,
"DRM00078458","PUERTO PLATA, DR","19.75","-70.55","5.0","2013-02-21","77","H,,S",,,,
"DRM00078458","PUERTO PLATA, DR","19.75","-70.55","5.0","2013-02-22","79","H,,S","87",",,S","67",",,S"
"DRM00078458","PUERTO PLATA, DR","19.75","-70.55","5.0","2013-02-23","79","H,,S","85",",,S","68",",,S"
"DRM00078458","PUERTO PLATA, DR","19.75","-70.55","5.0","2013-02-24","81","H,,S","88",",,S","66",",,S"
"DRM00078458","PUERTO PLATA, DR","19.75","-70.55","5.0","2013-02-25","82","H,,S","88",",,S","66",",,S"
"DRM00078458","PUERTO PLATA, DR","19.75","-70.55","5.0","2013-02-26","78","H,,S","88",",,S","66",",,S"
"DRM00078458","PUERTO PLATA, DR","19.75","-70.55","5.0","2013-02-27","78","H,,S","90",",,S","68",",,S"
"DRM00078458","PUERTO PLATA, DR","19.75","-70.55","5.0","2013-02-28","81","H,,S","89",",,S","63",",,S"
"DRM00078458","PUERTO PLATA, DR","19.75","-70.55","5.0","2013-03-01","76","H,,S","89",",,S","63",",,S"
"DRM00078458","PUERTO PLATA, DR","19.75","-70.55","5.0","2013-03-02","81","H,,S","87",",,S","70",",,S"
"DRM00078458","PUERTO PLATA, DR","19.75","-70.55","5.0","2013-03-03","74","H,,S","89",",,S","70",",,S"
"DRM00078458","PUERTO PLATA, DR","19.75","-70.55","5.0","2013-03-05","72","H,,S","76",",,S","66",",,S"
"DRM00078458","PUERTO PLATA, DR","19.75","-70.55","5.0","2013-03-07","75","H,,S","83",",,S","65",",,S"
"DRM00078458","PUERTO PLATA, DR","19.75","-70.55","5.0","2013-03-09","75","H,,S","81",",,S","67",",,S"
"DRM00078458","PUERTO PLATA, DR","19.75","-70.55","5.0","2013-03-10","72","H,,S","80",",,S","64",",,S"
"DRM00078458","PUERTO PLATA, DR","19.75","-70.55","5.0","2013-03-13","69","H,,S","83",",,S","63",",,S"
"DRM00078458","PUERTO PLATA, DR","19.75","-70.55","5.0","2013-03-15","75","H,,S","84",",,S","66",",,S"
"DRM00078458","PUERTO PLATA, DR","19.75","-70.55","5.0","2013-03-16","75","H,,S","83",",,S","67",",,S"
"DRM00078458","PUERTO PLATA, DR","19.75","-70.55","5.0","2013-03-17","76","H,,S","81",",,S","62",",,S"
"DRM00078458","PUERTO PLATA, DR","19.75","-70.55","5.0","2013-03-19","76","H,,S","86",",,S","66",",,S"
"DRM00078458","PUERTO PLATA, DR","19.75","-70.55","5.0","2013-03-21","78","H,,S","86",",,S","67",",,S"
"DRM00078458","PUERTO PLATA, DR","19.75","-70.55","5.0","2013-03-22","77","H,,S","86",",,S","68",",,S"
"DRM00078458","PUERTO PLATA, DR","19.75","-70.55","5.0","2013-03-23","84","H,,S","88",",,S","73",",,S"
"DRM00078458","PUERTO PLATA, DR","19.75","-70.55","5.0","2013-03-24","81","H,,S","90",",,S","69",",,S"
"DRM00078458","PUERTO PLATA, DR","19.75","-70.55","5.0","2013-03-25","79","H,,S","90",",,S","68",",,S"
"DRM00078458","PUERTO PLATA, DR","19.75","-70.55","5.0","2013-03-27","79","H,,S","87",",,S","69",",,S"
"DRM00078458","PUERTO PLATA, DR","19.75","-70.55","5.0","2013-03-28","75","H,,S","86",",,S","68",",,S"
"DRM00078458","PUERTO PLATA, DR","19.75","-70.55","5.0","2013-03-31","77","H,,S",,,,
"DRM00078458","PUERTO PLATA, DR","19.75","-70.55","5.0","2013-04-01","75","H,,S",,,,
"DRM00078458","PUERTO PLATA, DR","19.75","-70.55","5.0","2013-04-02","84","H,,S",,,,
"DRM00078458","PUERTO PLATA, DR","19.75","-70.55","5.0","2013-04-03","79","H,,S",,,,
"DRM00078458","PUERTO PLATA, DR","19.75","-70.55","5.0","2013-04-05","83","H,,S",,,,
"DRM00078458","PUERTO PLATA, DR","19.75","-70.55","5.0","2013-04-06","82","H,,S","93",",,S","69",",,S"
"DRM00078458","PUERTO PLATA, DR","19.75","-70.55","5.0","2013-04-07","84","H,,S","90",",,S","72",",,S"
"DRM00078458","PUERTO PLATA, DR","19.75","-70.55","5.0","2013-04-08","81","H,,S","90",",,S","72",",,S"
"DRM00078458","PUERTO PLATA, DR","19.75","-70.55","5.0","2013-04-09","78","H,,S","87",",,S","73",",,S"
"DRM00078458","PUERTO PLATA, DR","19.75","-70.55","5.0","2013-04-10","80","H,,S","87",",,S","70",",,S"
"DRM00078458","PUERTO PLATA, DR","19.75","-70.55","5.0","2013-04-11","81","H,,S",,,,
"DRM00078458","PUERTO PLATA, DR","19.75","-70.55","5.0","2013-04-12","80","H,,S","87",",,S","67",",,S"
"DRM00078458","PUERTO PLATA, DR","19.75","-70.55","5.0","2013-04-13","83","H,,S","88",",,S","69",",,S"
"DRM00078458","PUERTO PLATA, DR","19.75","-70.55","5.0","2013-04-14","84","H,,S","92",",,S","69",",,S"
"DRM00078458","PUERTO PLATA, DR","19.75","-70.55","5.0","2013-04-15","81","H,,S","92",",,S","70",",,S"
"DRM00078458","PUERTO PLATA, DR","19.75","-70.55","5.0","2013-04-18","77","H,,S","87",",,S","66",",,S"
"DRM00078458","PUERTO PLATA, DR","19.75","-70.55","5.0","2013-04-20","82","H,,S","87",",,S","66",",,S"
"DRM00078458","PUERTO PLATA, DR","19.75","-70.55","5.0","2013-04-21","80","H,,S","87",",,S","66",",,S"
"DRM00078458","PUERTO PLATA, DR","19.75","-70.55","5.0","2013-04-23","81","H,,S","90",",,S","68",",,S"
"DRM00078458","PUERTO PLATA, DR","19.75","-70.55","5.0","2013-04-24","81","H,,S","90",",,S","68",",,S"
"DRM00078458","PUERTO PLATA, DR","19.75","-70.55","5.0","2013-04-25","82","H,,S","86",",,S","67",",,S"
"DRM00078458","PUERTO PLATA, DR","19.75","-70.55","5.0","2013-04-26","80","H,,S","85",",,S","68",",,S"
"DRM00078458","PUERTO PLATA, DR","19.75","-70.55","5.0","2013-04-27","77","H,,S","85",",,S","65",",,S"
"DRM00078458","PUERTO PLATA, DR","19.75","-70.55","5.0","2013-04-28","82","H,,S","86",",,S","68",",,S"
"DRM00078458","PUERTO PLATA, DR","19.75","-70.55","5.0","2013-04-30","79","H,,S","89",",,S","66",",,S"
"DRM00078458","PUERTO PLATA, DR","19.75","-70.55","5.0","2013-05-01","82","H,,S","89",",,S","68",",,S"
"DRM00078458","PUERTO PLATA, DR","19.75","-70.55","5.0","2013-05-02","81","H,,S","89",",,S","70",",,S"
"DRM00078458","PUERTO PLATA, DR","19.75","-70.55","5.0","2013-05-03","79","H,,S","87",",,S","70",",,S"
"DRM00078458","PUERTO PLATA, DR","19.75","-70.55","5.0","2013-05-04","82","H,,S","91",",,S","71",",,S"
"DRM00078458","PUERTO PLATA, DR","19.75","-70.55","5.0","2013-05-05","82","H,,S","89",",,S","69",",,S"
"DRM00078458","PUERTO PLATA, DR","19.75","-70.55","5.0","2013-05-06","81","H,,S","88",",,S","69",",,S"
"DRM00078458","PUERTO PLATA, DR","19.75","-70.55","5.0","2013-05-08","82","H,,S","89",",,S","71",",,S"
"DRM00078458","PUERTO PLATA, DR","19.75","-70.55","5.0","2013-05-09","77","H,,S","89",",,S","70",",,S"
"DRM00078458","PUERTO PLATA, DR","19.75","-70.55","5.0","2013-05-12","78","H,,S","85",",,S","68",",,S"
"DRM00078458","PUERTO PLATA, DR","19.75","-70.55","5.0","2013-05-13","80","H,,S","85",",,S","68",",,S"
"DRM00078458","PUERTO PLATA, DR","19.75","-70.55","5.0","2013-05-14","78","H,,S","85",",,S","68",",,S"
"DRM00078458","PUERTO PLATA, DR","19.75","-70.55","5.0","2013-05-15","79","H,,S",,,,
"DRM00078458","PUERTO PLATA, DR","19.75","-70.55","5.0","2013-05-16","82","H,,S","86",",,S","72",",,S"
"DRM00078458","PUERTO PLATA, DR","19.75","-70.55","5.0","2013-05-17","81","H,,S","88",",,S","68",",,S"
"DRM00078458","PUERTO PLATA, DR","19.75","-70.55","5.0","2013-05-18","82","H,,S","88",",,S","68",",,S"
"DRM00078458","PUERTO PLATA, DR","19.75","-70.55","5.0","2013-05-19","83","H,,S","88",",,S","68",",,S"
"DRM00078458","PUERTO PLATA, DR","19.75","-70.55","5.0","2013-05-20","84","H,,S","89",",,S","68",",,S"
"DRM00078458","PUERTO PLATA, DR","19.75","-70.55","5.0","2013-05-21","80","H,,S","89",",,S","71",",,S"
"DRM00078458","PUERTO PLATA, DR","19.75","-70.55","5.0","2013-05-23","82","H,,S","88",",,S","72",",,S"
"DRM00078458","PUERTO PLATA, DR","19.75","-70.55","5.0","2013-05-24","82","H,,S","88",",,S","72",",,S"
"DRM00078458","PUERTO PLATA, DR","19.75","-70.55","5.0","2013-05-26","84","H,,S","90",",,S","71",",,S"
"DRM00078458","PUERTO PLATA, DR","19.75","-70.55","5.0","2013-05-27","78","H,,S","90",",,S","71",",,S"
"DRM00078458","PUERTO PLATA, DR","19.75","-70.55","5.0","2013-05-28","79","H,,S","89",",,S","73",",,S"
"DRM00078458","PUERTO PLATA, DR","19.75","-70.55","5.0","2013-05-29","79","H,,S","88",",,S","73",",,S"
"DRM00078458","PUERTO PLATA, DR","19.75","-70.55","5.0","2013-06-01","84","H,,S","88",",,S","72",",,S"
"DRM00078458","PUERTO PLATA, DR","19.75","-70.55","5.0","2013-06-02","82","H,,S","92",",,S","74",",,S"
"DRM00078458","PUERTO PLATA, DR","19.75","-70.55","5.0","2013-06-03","82","H,,S","92",",,S","74",",,S"
"DRM00078458","PUERTO PLATA, DR","19.75","-70.55","5.0","2013-06-04","86","H,,S","90",",,S","75",",,S"
"DRM00078458","PUERTO PLATA, DR","19.75","-70.55","5.0","2013-06-05","83","H,,S","92",",,S","75",",,S"
"DRM00078458","PUERTO PLATA, DR","19.75","-70.55","5.0","2013-06-06","86","H,,S","92",",,S","74",",,S"
"DRM00078458","PUERTO PLATA, DR","19.75","-70.55","5.0","2013-06-08","84","H,,S","90",",,S","71",",,S"
"DRM00078458","PUERTO PLATA, DR","19.75","-70.55","5.0","2013-06-09","81","H,,S","90",",,S","71",",,S"
"DRM00078458","PUERTO PLATA, DR","19.75","-70.55","5.0","2013-06-10","83","H,,S","94",",,S","72",",,S"
"DRM00078458","PUERTO PLATA, DR","19.75","-70.55","5.0","2013-06-11","79","H,,S","90",",,S","74",",,S"
"DRM00078458","PUERTO PLATA, DR","19.75","-70.55","5.0","2013-06-13","86","H,,S","90",",,S","73",",,S"
"DRM00078458","PUERTO PLATA, DR","19.75","-70.55","5.0","2013-06-16","83","H,,S","93",",,S","75",",,S"
"DRM00078458","PUERTO PLATA, DR","19.75","-70.55","5.0","2013-06-17","82","H,,S","93",",,S","74",",,S"
"DRM00078458","PUERTO PLATA, DR","19.75","-70.55","5.0","2013-06-20","81","H,,S","90",",,S","76",",,S"
"DRM00078458","PUERTO PLATA, DR","19.75","-70.55","5.0","2013-06-21","81","H,,S",,,,
"DRM00078458","PUERTO PLATA, DR","19.75","-70.55","5.0","2013-06-22","85","H,,S","88",",,S","73",",,S"
"DRM00078458","PUERTO PLATA, DR","19.75","-70.55","5.0","2013-06-23","82","H,,S","88",",,S","73",",,S"
"DRM00078458","PUERTO PLATA, DR","19.75","-70.55","5.0","2013-06-24","80","H,,S","89",",,S","73",",,S"
"DRM00078458","PUERTO PLATA, DR","19.75","-70.55","5.0","2013-06-25","82","H,,S","88",",,S","73",",,S"
"DRM00078458","PUERTO PLATA, DR","19.75","-70.55","5.0","2013-06-26","80","H,,S","88",",,S","71",",,S"
"DRM00078458","PUERTO PLATA, DR","19.75","-70.55","5.0","2013-06-28","83","H,,S","92",",,S","71",",,S"
"DRM00078458","PUERTO PLATA, DR","19.75","-70.55","5.0","2013-06-29","81","H,,S","92",",,S","71",",,S"
"DRM00078458","PUERTO PLATA, DR","19.75","-70.55","5.0","2013-06-30","85","H,,S","90",",,S","71",",,S"
"DRM00078458","PUERTO PLATA, DR","19.75","-70.55","5.0","2013-07-01","84","H,,S","93",",,S","71",",,S"
"DRM00078458","PUERTO PLATA, DR","19.75","-70.55","5.0","2013-07-04","84","H,,S","90",",,S","73",",,S"
"DRM00078458","PUERTO PLATA, DR","19.75","-70.55","5.0","2013-07-05","81","H,,S","91",",,S","73",",,S"
"DRM00078458","PUERTO PLATA, DR","19.75","-70.55","5.0","2013-07-07","80","H,,S","90",",,S","71",",,S"
"DRM00078458","PUERTO PLATA, DR","19.75","-70.55","5.0","2013-07-10","78","H,,S","89",",,S","74",",,S"
"DRM00078458","PUERTO PLATA, DR","19.75","-70.55","5.0","2013-07-11","72","H,,S",,,,
"DRM00078458","PUERTO PLATA, DR","19.75","-70.55","5.0","2013-07-14","79","H,,S","90",",,S","71",",,S"
"DRM00078458","PUERTO PLATA, DR","19.75","-70.55","5.0","2013-07-16","86","H,,S","90",",,S","72",",,S"
"DRM00078458","PUERTO PLATA, DR","19.75","-70.55","5.0","2013-07-18","83","H,,S","89",",,S","73",",,S"
"DRM00078458","PUERTO PLATA, DR","19.75","-70.55","5.0","2013-07-21","81","H,,S","92",",,S","72",",,S"
"DRM00078458","PUERTO PLATA, DR","19.75","-70.55","5.0","2013-07-22","83","H,,S",,,,
"DRM00078458","PUERTO PLATA, DR","19.75","-70.55","5.0","2013-07-23","85","H,,S","90",",,S","74",",,S"
"DRM00078458","PUERTO PLATA, DR","19.75","-70.55","5.0","2013-07-24","87","H,,S","94",",,S","75",",,S"
"DRM00078458","PUERTO PLATA, DR","19.75","-70.55","5.0","2013-07-25","84","H,,S","94",",,S","75",",,S"
"DRM00078458","PUERTO PLATA, DR","19.75","-70.55","5.0","2013-07-26","82","H,,S",,,,
"DRM00078458","PUERTO PLATA, DR","19.75","-70.55","5.0","2013-07-27","87","H,,S","91",",,S","74",",,S"
"DRM00078458","PUERTO PLATA, DR","19.75","-70.55","5.0","2013-07-28","82","H,,S","91",",,S","73",",,S"
"DRM00078458","PUERTO PLATA, DR","19.75","-70.55","5.0","2013-07-29","83","H,,S","90",",,S","73",",,S"
"DRM00078458","PUERTO PLATA, DR","19.75","-70.55","5.0","2013-07-30","84","H,,S","93",",,S","74",",,S"
"DRM00078458","PUERTO PLATA, DR","19.75","-70.55","5.0","2013-08-01","81","H,,S","91",",,S","72",",,S"
"DRM00078458","PUERTO PLATA, DR","19.75","-70.55","5.0","2013-08-04","85","H,,S","91",",,S","76",",,S"
"DRM00078458","PUERTO PLATA, DR","19.75","-70.55","5.0","2013-08-05","85","H,,S","92",",,S","74",",,S"
"DRM00078458","PUERTO PLATA, DR","19.75","-70.55","5.0","2013-08-06","86","H,,S","92",",,S","72",",,S"
"DRM00078458","PUERTO PLATA, DR","19.75","-70.55","5.0","2013-08-07","83","H,,S","92",",,S","72",",,S"
"DRM00078458","PUERTO PLATA, DR","19.75","-70.55","5.0","2013-08-08","82","H,,S","91",",,S","74",",,S"
"DRM00078458","PUERTO PLATA, DR","19.75","-70.55","5.0","2013-08-11","82","H,,S","90",",,S","74",",,S"
"DRM00078458","PUERTO PLATA, DR","19.75","-70.55","5.0","2013-08-13","86","H,,S","90",",,S","72",",,S"
"DRM00078458","PUERTO PLATA, DR","19.75","-70.55","5.0","2013-08-14","84","H,,S","91",",,S","72",",,S"
"DRM00078458","PUERTO PLATA, DR","19.75","-70.55","5.0","2013-08-15","86","H,,S","94",",,S","75",",,S"
"DRM00078458","PUERTO PLATA, DR","19.75","-70.55","5.0","2013-08-16","84","H,,S","94",",,S","74",",,S"
"DRM00078458","PUERTO PLATA, DR","19.75","-70.55","5.0","2013-08-17","82","H,,S","90",",,S","73",",,S"
"DRM00078458","PUERTO PLATA, DR","19.75","-70.55","5.0","2013-08-18","83","H,,S","93",",,S","73",",,S"
"DRM00078458","PUERTO PLATA, DR","19.75","-70.55","5.0","2013-08-19","84","H,,S","93",",,S","74",",,S"
"DRM00078458","PUERTO PLATA, DR","19.75","-70.55","5.0","2013-08-20","83","H,,S","92",",,S","73",",,S"
"DRM00078458","PUERTO PLATA, DR","19.75","-70.55","5.0","2013-08-21","82","H,,S","92",",,S","73",",,S"
"DRM00078458","PUERTO PLATA, DR","19.75","-70.55","5.0","2013-08-22","80","H,,S","90",",,S","72",",,S"
"DRM00078458","PUERTO PLATA, DR","19.75","-70.55","5.0","2013-08-23","87","H,,S","90",",,S","75",",,S"
"DRM00078458","PUERTO PLATA, DR","19.75","-70.55","5.0","2013-08-24","81","H,,S","90",",,S","74",",,S"
"DRM00078458","PUERTO PLATA, DR","19.75","-70.55","5.0","2013-08-25","85","H,,S","91",",,S","74",",,S"
"DRM00078458","PUERTO PLATA, DR","19.75","-70.55","5.0","2013-08-26","83","H,,S","90",",,S","74",",,S"
"DRM00078458","PUERTO PLATA, DR","19.75","-70.55","5.0","2013-08-27","85","H,,S","90",",,S","74",",,S"
"DRM00078458","PUERTO PLATA, DR","19.75","-70.55","5.0","2013-08-28","85","H,,S","92",",,S","74",",,S"
"DRM00078458","PUERTO PLATA, DR","19.75","-70.55","5.0","2013-09-01","84","H,,S","94",",,S","74",",,S"
"DRM00078458","PUERTO PLATA, DR","19.75","-70.55","5.0","2013-09-02","82","H,,S","92",",,S","73",",,S"
"DRM00078458","PUERTO PLATA, DR","19.75","-70.55","5.0","2013-09-03","84","H,,S","91",",,S","73",",,S"
"DRM00078458","PUERTO PLATA, DR","19.75","-70.55","5.0","2013-09-04","81","H,,S","90",",,S","73",",,S"
"DRM00078458","PUERTO PLATA, DR","19.75","-70.55","5.0","2013-09-05","81","H,,S","89",",,S","73",",,S"
"DRM00078458","PUERTO PLATA, DR","19.75","-70.55","5.0","2013-09-06","82","H,,S","89",",,S","75",",,S"
"DRM00078458","PUERTO PLATA, DR","19.75","-70.55","5.0","2013-09-07","85","H,,S","89",",,S","74",",,S"
"DRM00078458","PUERTO PLATA, DR","19.75","-70.55","5.0","2013-09-08","80","H,,S","89",",,S","72",",,S"
"DRM00078458","PUERTO PLATA, DR","19.75","-70.55","5.0","2013-09-09","81","H,,S","89",",,S","72",",,S"
"DRM00078458","PUERTO PLATA, DR","19.75","-70.55","5.0","2013-09-11","84","H,,S","92",",,S","73",",,S"
"DRM00078458","PUERTO PLATA, DR","19.75","-70.55","5.0","2013-09-12","83","H,,S","90",",,S","73",",,S"
"DRM00078458","PUERTO PLATA, DR","19.75","-70.55","5.0","2013-09-15","85","H,,S","92",",,S","73",",,S"
"DRM00078458","PUERTO PLATA, DR","19.75","-70.55","5.0","2013-09-18","85","H,,S","92",",,S","74",",,S"
"DRM00078458","PUERTO PLATA, DR","19.75","-70.55","5.0","2013-09-19","84","H,,S","92",",,S","73",",,S"
"DRM00078458","PUERTO PLATA, DR","19.75","-70.55","5.0","2013-09-20","84","H,,S","90",",,S","74",",,S"
"DRM00078458","PUERTO PLATA, DR","19.75","-70.55","5.0","2013-09-21","81","H,,S","90",",,S","73",",,S"
"DRM00078458","PUERTO PLATA, DR","19.75","-70.55","5.0","2013-09-23","82","H,,S","91",",,S","72",",,S"
"DRM00078458","PUERTO PLATA, DR","19.75","-70.55","5.0","2013-09-24","85","H,,S","97",",,S","76",",,S"
"DRM00078458","PUERTO PLATA, DR","19.75","-70.55","5.0","2013-09-25","80","H,,S","94",",,S","74",",,S"
"DRM00078458","PUERTO PLATA, DR","19.75","-70.55","5.0","2013-09-26","83","H,,S","95",",,S","74",",,S"
"DRM00078458","PUERTO PLATA, DR","19.75","-70.55","5.0","2013-09-28","85","H,,S","95",",,S","73",",,S"
"DRM00078458","PUERTO PLATA, DR","19.75","-70.55","5.0","2013-09-29","78","H,,S","95",",,S","71",",,S"
"DRM00078458","PUERTO PLATA, DR","19.75","-70.55","5.0","2013-09-30","84","H,,S","90",",,S","71",",,S"
"DRM00078458","PUERTO PLATA, DR","19.75","-70.55","5.0","2013-10-01","84","H,,S","94",",,S","72",",,S"
"DRM00078458","PUERTO PLATA, DR","19.75","-70.55","5.0","2013-10-06","81","H,,S","99",",,S","72",",,S"
"DRM00078458","PUERTO PLATA, DR","19.75","-70.55","5.0","2013-10-07","77","H,,S","90",",,S","70",",,S"
"DRM00078458","PUERTO PLATA, DR","19.75","-70.55","5.0","2013-10-09","86","H,,S","92",",,S","73",",,S"
"DRM00078458","PUERTO PLATA, DR","19.75","-70.55","5.0","2013-10-10","86","H,,S","92",",,S","73",",,S"
"DRM00078458","PUERTO PLATA, DR","19.75","-70.55","5.0","2013-10-11","83","H,,S","92",",,S","73",",,S"
"DRM00078458","PUERTO PLATA, DR","19.75","-70.55","5.0","2013-10-12","80","H,,S","91",",,S","73",",,S"
"DRM00078458","PUERTO PLATA, DR","19.75","-70.55","5.0","2013-10-13","83","H,,S","91",",,S","72",",,S"
"DRM00078458","PUERTO PLATA, DR","19.75","-70.55","5.0","2013-10-18","82","H,,S","91",",,S","73",",,S"
"DRM00078458","PUERTO PLATA, DR","19.75","-70.55","5.0","2013-10-19","84","H,,S","93",",,S","72",",,S"
"DRM00078458","PUERTO PLATA, DR","19.75","-70.55","5.0","2013-10-20","85","H,,S","93",",,S","73",",,S"
"DRM00078458","PUERTO PLATA, DR","19.75","-70.55","5.0","2013-10-21","83","H,,S","95",",,S","72",",,S"
"DRM00078458","PUERTO PLATA, DR","19.75","-70.55","5.0","2013-10-23","74","H,,S",,,,
"DRM00078458","PUERTO PLATA, DR","19.75","-70.55","5.0","2013-10-26","84","H,,S","96",",,S","74",",,S"
"DRM00078458","PUERTO PLATA, DR","19.75","-70.55","5.0","2013-11-01","77","H,,S","87",",,S","72",",,S"
"DRM00078458","PUERTO PLATA, DR","19.75","-70.55","5.0","2013-11-02","79","H,,S","86",",,S","71",",,S"
"DRM00078458","PUERTO PLATA, DR","19.75","-70.55","5.0","2013-11-04","81","H,,S","89",",,S","73",",,S"
"DRM00078458","PUERTO PLATA, DR","19.75","-70.55","5.0","2013-11-07","84","H,,S",,,,
"DRM00078458","PUERTO PLATA, DR","19.75","-70.55","5.0","2013-11-11","78","H,,S","88",",,S","70",",,S"
"DRM00078458","PUERTO PLATA, DR","19.75","-70.55","5.0","2013-11-13","83","H,,S","92",",,S","72",",,S"
"DRM00078458","PUERTO PLATA, DR","19.75","-70.55","5.0","2013-11-14","79","H,,S","92",",,S","70",",,S"
"DRM00078458","PUERTO PLATA, DR","19.75","-70.55","5.0","2013-11-16","81","H,,S","88",",,S","71",",,S"
"DRM00078458","PUERTO PLATA, DR","19.75","-70.55","5.0","2013-11-17","80","H,,S","87",",,S","73",",,S"
"DRM00078458","PUERTO PLATA, DR","19.75","-70.55","5.0","2013-11-20","78","H,,S","88",",,S","68",",,S"
"DRM00078458","PUERTO PLATA, DR","19.75","-70.55","5.0","2013-11-21","80","H,,S","88",",,S","69",",,S"
"DRM00078458","PUERTO PLATA, DR","19.75","-70.55","5.0","2013-11-23","75","H,,S","87",",,S","69",",,S"
"DRM00078458","PUERTO PLATA, DR","19.75","-70.55","5.0","2013-11-24","79","H,,S",,,,
"DRM00078458","PUERTO PLATA, DR","19.75","-70.55","5.0","2013-11-26","80","H,,S","88",",,S","69",",,S"
"DRM00078458","PUERTO PLATA, DR","19.75","-70.55","5.0","2013-11-27","79","H,,S","88",",,S","70",",,S"
"DRM00078458","PUERTO PLATA, DR","19.75","-70.55","5.0","2013-11-29","77","H,,S","89",",,S","69",",,S"
"DRM00078458","PUERTO PLATA, DR","19.75","-70.55","5.0","2013-12-02","79","H,,S","86",",,S","67",",,S"
"DRM00078458","PUERTO PLATA, DR","19.75","-70.55","5.0","2013-12-03","79","H,,S","87",",,S","67",",,S"
"DRM00078458","PUERTO PLATA, DR","19.75","-70.55","5.0","2013-12-04","81","H,,S","87",",,S","70",",,S"
"DRM00078458","PUERTO PLATA, DR","19.75","-70.55","5.0","2013-12-05","73","H,,S","87",",,S","69",",,S"
"DRM00078458","PUERTO PLATA, DR","19.75","-70.55","5.0","2013-12-06","76","H,,S","85",",,S","67",",,S"
"DRM00078458","PUERTO PLATA, DR","19.75","-70.55","5.0","2013-12-07","77","H,,S","85",",,S","67",",,S"
"DRM00078458","PUERTO PLATA, DR","19.75","-70.55","5.0","2013-12-08","75","H,,S","85",",,S","68",",,S"
"DRM00078458","PUERTO PLATA, DR","19.75","-70.55","5.0","2013-12-10","77","H,,S","84",",,S","68",",,S"
"DRM00078458","PUERTO PLATA, DR","19.75","-70.55","5.0","2013-12-11","78","H,,S","86",",,S","69",",,S"
"DRM00078458","PUERTO PLATA, DR","19.75","-70.55","5.0","2013-12-12","77","H,,S","86",",,S","69",",,S"
"DRM00078458","PUERTO PLATA, DR","19.75","-70.55","5.0","2013-12-13","77","H,,S","86",",,S","70",",,S"
"DRM00078458","PUERTO PLATA, DR","19.75","-70.55","5.0","2013-12-14","78","H,,S","86",",,S","67",",,S"
"DRM00078458","PUERTO PLATA, DR","19.75","-70.55","5.0","2013-12-16","78","H,,S","87",",,S","68",",,S"
"DRM00078458","PUERTO PLATA, DR","19.75","-70.55","5.0","2013-12-18","76","H,,S","87",",,S","67",",,S"
"DRM00078458","PUERTO PLATA, DR","19.75","-70.55","5.0","2013-12-19","77","H,,S","87",",,S","67",",,S"
"DRM00078458","PUERTO PLATA, DR","19.75","-70.55","5.0","2013-12-20","76","H,,S","85",",,S","69",",,S"
"DRM00078458","PUERTO PLATA, DR","19.75","-70.55","5.0","2013-12-21","76","H,,S","85",",,S","68",",,S"
"DRM00078458","PUERTO PLATA, DR","19.75","-70.55","5.0","2013-12-22","78","H,,S","85",",,S","67",",,S"
"DRM00078458","PUERTO PLATA, DR","19.75","-70.55","5.0","2013-12-23","76","H,,S","85",",,S","67",",,S"
"DRM00078458","PUERTO PLATA, DR","19.75","-70.55","5.0","2013-12-25","69","H,,S","81",",,S","67",",,S"
"DRM00078458","PUERTO PLATA, DR","19.75","-70.55","5.0","2013-12-26","75","H,,S",,,,
"DRM00078458","PUERTO PLATA, DR","19.75","-70.55","5.0","2013-12-27","80","H,,S","87",",,S","65",",,S"
"DRM00078458","PUERTO PLATA, DR","19.75","-70.55","5.0","2013-12-29","78","H,,S","86",",,S","68",",,S"
"DRM00078458","PUERTO PLATA, DR","19.75","-70.55","5.0","2013-12-31","77","H,,S","86",",,S","68",",,S"
"DRM00078458","PUERTO PLATA, DR","19.75","-70.55","5.0","2015-01-01","77","H,,S","85",",,S","67",",,S"
"DRM00078458","PUERTO PLATA, DR","19.75","-70.55","5.0","2015-01-02","78","H,,S","85",",,S","68",",,S"
"DRM00078458","PUERTO PLATA, DR","19.75","-70.55","5.0","2015-01-03","76","H,,S","85",",,S","68",",,S"
"DRM00078458","PUERTO PLATA, DR","19.75","-70.55","5.0","2015-01-04","77","H,,S","84",",,S","68",",,S"
"DRM00078458","PUERTO PLATA, DR","19.75","-70.55","5.0","2015-01-05","74","H,,S","85",",,S","67",",,S"
"DRM00078458","PUERTO PLATA, DR","19.75","-70.55","5.0","2015-01-06","75","H,,S","84",",,S","67",",,S"
"DRM00078458","PUERTO PLATA, DR","19.75","-70.55","5.0","2015-01-07","75","H,,S","85",",,S","67",",,S"
"DRM00078458","PUERTO PLATA, DR","19.75","-70.55","5.0","2015-01-08","78","H,,S","84",",,S","66",",,S"
"DRM00078458","PUERTO PLATA, DR","19.75","-70.55","5.0","2015-01-09","73","H,,S","86",",,S","66",",,S"
"DRM00078458","PUERTO PLATA, DR","19.75","-70.55","5.0","2015-01-10","73","H,,S","83",",,S","66",",,S"
"DRM00078458","PUERTO PLATA, DR","19.75","-70.55","5.0","2015-01-11","74","H,,S","81",",,S","68",",,S"
"DRM00078458","PUERTO PLATA, DR","19.75","-70.55","5.0","2015-01-12","76","H,,S","82",",,S","67",",,S"
"DRM00078458","PUERTO PLATA, DR","19.75","-70.55","5.0","2015-01-14","76","H,,S","88",",,S","67",",,S"
"DRM00078458","PUERTO PLATA, DR","19.75","-70.55","5.0","2015-01-15","77","H,,S","88",",,S","67",",,S"
"DRM00078458","PUERTO PLATA, DR","19.75","-70.55","5.0","2015-01-16","76","H,,S","86",",,S","68",",,S"
"DRM00078458","PUERTO PLATA, DR","19.75","-70.55","5.0","2015-01-17","77","H,,S","84",",,S","68",",,S"
"DRM00078458","PUERTO PLATA, DR","19.75","-70.55","5.0","2015-01-18","76","H,,S","85",",,S","69",",,S"
"DRM00078458","PUERTO PLATA, DR","19.75","-70.55","5.0","2015-01-20","73","H,,S","83",",,S","65",",,S"
"DRM00078458","PUERTO PLATA, DR","19.75","-70.55","5.0","2015-01-21","76","H,,S","84",",,S","64",",,S"
"DRM00078458","PUERTO PLATA, DR","19.75","-70.55","5.0","2015-01-22","76","H,,S","85",",,S","64",",,S"
"DRM00078458","PUERTO PLATA, DR","19.75","-70.55","5.0","2015-01-23","74","H,,S","85",",,S","67",",,S"
"DRM00078458","PUERTO PLATA, DR","19.75","-70.55","5.0","2015-01-25","77","H,,S","86",",,S","66",",,S"
"DRM00078458","PUERTO PLATA, DR","19.75","-70.55","5.0","2015-01-26","77","H,,S","88",",,S","67",",,S"
"DRM00078458","PUERTO PLATA, DR","19.75","-70.55","5.0","2015-01-27","78","H,,S","89",",,S","68",",,S"
"DRM00078458","PUERTO PLATA, DR","19.75","-70.55","5.0","2015-01-28","72","H,,S","86",",,S","68",",,S"
"DRM00078458","PUERTO PLATA, DR","19.75","-70.55","5.0","2015-01-29","71","H,,S","81",",,S","66",",,S"
"DRM00078458","PUERTO PLATA, DR","19.75","-70.55","5.0","2015-01-30","76","H,,S","82",",,S","65",",,S"
"DRM00078458","PUERTO PLATA, DR","19.75","-70.55","5.0","2015-01-31","73","H,,S","82",",,S","65",",,S"
"DRM00078458","PUERTO PLATA, DR","19.75","-70.55","5.0","2015-02-01","71","H,,S","81",",,S","65",",,S"
"DRM00078458","PUERTO PLATA, DR","19.75","-70.55","5.0","2015-02-02","77","H,,S",,,,
"DRM00078458","PUERTO PLATA, DR","19.75","-70.55","5.0","2015-02-03","78","H,,S","89",",,S","65",",,S"
"DRM00078458","PUERTO PLATA, DR","19.75","-70.55","5.0","2015-02-04","78","H,,S","90",",,S","67",",,S"
"DRM00078458","PUERTO PLATA, DR","19.75","-70.55","5.0","2015-02-05","81","H,,S","86",",,S","69",",,S"
"DRM00078458","PUERTO PLATA, DR","19.75","-70.55","5.0","2015-02-06","78","H,,S","87",",,S","68",",,S"
"DRM00078458","PUERTO PLATA, DR","19.75","-70.55","5.0","2015-02-07","79","H,,S","87",",,S","68",",,S"
"DRM00078458","PUERTO PLATA, DR","19.75","-70.55","5.0","2015-02-08","75","H,,S","86",",,S","68",",,S"
"DRM00078458","PUERTO PLATA, DR","19.75","-70.55","5.0","2015-02-09","76","H,,S","87",",,S","68",",,S"
"DRM00078458","PUERTO PLATA, DR","19.75","-70.55","5.0","2015-02-10","77","H,,S","87",",,S","67",",,S"
"DRM00078458","PUERTO PLATA, DR","19.75","-70.55","5.0","2015-02-11","77","H,,S","86",",,S","67",",,S"
"DRM00078458","PUERTO PLATA, DR","19.75","-70.55","5.0","2015-02-12","77","H,,S","85",",,S","66",",,S"
"DRM00078458","PUERTO PLATA, DR","19.75","-70.55","5.0","2015-02-13","75","H,,S","85",",,S","66",",,S"
"DRM00078458","PUERTO PLATA, DR","19.75","-70.55","5.0","2015-02-14","75","H,,S","83",",,S","66",",,S"
"DRM00078458","PUERTO PLATA, DR","19.75","-70.55","5.0","2015-02-15","75","H,,S","83",",,S","68",",,S"
"DRM00078458","PUERTO PLATA, DR","19.75","-70.55","5.0","2015-02-16","73","H,,S","83",",,S","66",",,S"
"DRM00078458","PUERTO PLATA, DR","19.75","-70.55","5.0","2015-02-17","77","H,,S","85",",,S","65",",,S"
"DRM00078458","PUERTO PLATA, DR","19.75","-70.55","5.0","2015-02-18","77","H,,S","88",",,S","65",",,S"
"DRM00078458","PUERTO PLATA, DR","19.75","-70.55","5.0","2015-02-19","80","H,,S","89",",,S","66",",,S"
"DRM00078458","PUERTO PLATA, DR","19.75","-70.55","5.0","2015-02-20","74","H,,S","86",",,S","72",",,S"
"DRM00078458","PUERTO PLATA, DR","19.75","-70.55","5.0","2015-02-21","76","H,,S","82",",,S","70",",,S"
"DRM00078458","PUERTO PLATA, DR","19.75","-70.55","5.0","2015-02-22","77","H,,S","85",",,S","68",",,S"
"DRM00078458","PUERTO PLATA, DR","19.75","-70.55","5.0","2015-02-23","77","H,,S","85",",,S","67",",,S"
"DRM00078458","PUERTO PLATA, DR","19.75","-70.55","5.0","2015-02-24","77","H,,S","86",",,S","65",",,S"
"DRM00078458","PUERTO PLATA, DR","19.75","-70.55","5.0","2015-02-25","75","H,,S","88",",,S","65",",,S"
"DRM00078458","PUERTO PLATA, DR","19.75","-70.55","5.0","2015-02-26","79","H,,S","89",",,S","65",",,S"
"DRM00078458","PUERTO PLATA, DR","19.75","-70.55","5.0","2015-02-27","75","H,,S","90",",,S","66",",,S"
"DRM00078458","PUERTO PLATA, DR","19.75","-70.55","5.0","2015-02-28","77","H,,S","87",",,S","66",",,S"
"DRM00078458","PUERTO PLATA, DR","19.75","-70.55","5.0","2015-03-01","78","H,,S","86",",,S","70",",,S"
"DRM00078458","PUERTO PLATA, DR","19.75","-70.55","5.0","2015-03-02","75","H,,S","85",",,S","70",",,S"
"DRM00078458","PUERTO PLATA, DR","19.75","-70.55","5.0","2015-03-03","76","H,,S","83",",,S","68",",,S"
"DRM00078458","PUERTO PLATA, DR","19.75","-70.55","5.0","2015-03-04","77","H,,S","84",",,S","67",",,S"
"DRM00078458","PUERTO PLATA, DR","19.75","-70.55","5.0","2015-03-05","75","H,,S","85",",,S","67",",,S"
"DRM00078458","PUERTO PLATA, DR","19.75","-70.55","5.0","2015-03-06","77","H,,S","85",",,S","68",",,S"
"DRM00078458","PUERTO PLATA, DR","19.75","-70.55","5.0","2015-03-07","77","H,,S","86",",,S","68",",,S"
"DRM00078458","PUERTO PLATA, DR","19.75","-70.55","5.0","2015-03-08","77","H,,S","87",",,S","69",",,S"
"DRM00078458","PUERTO PLATA, DR","19.75","-70.55","5.0","2015-03-09","77","H,,S","85",",,S","69",",,S"
"DRM00078458","PUERTO PLATA, DR","19.75","-70.55","5.0","2015-03-10","76","H,,S","83",",,S","69",",,S"
"DRM00078458","PUERTO PLATA, DR","19.75","-70.55","5.0","2015-03-11","78","H,,S","85",",,S","70",",,S"
"DRM00078458","PUERTO PLATA, DR","19.75","-70.55","5.0","2015-03-12","77","H,,S","86",",,S","70",",,S"
"DRM00078458","PUERTO PLATA, DR","19.75","-70.55","5.0","2015-03-13","74","H,,S","83",",,S","67",",,S"
"DRM00078458","PUERTO PLATA, DR","19.75","-70.55","5.0","2015-03-14","75","H,,S","84",",,S","67",",,S"
"DRM00078458","PUERTO PLATA, DR","19.75","-70.55","5.0","2015-03-15","78","H,,S","83",",,S","67",",,S"
"DRM00078458","PUERTO PLATA, DR","19.75","-70.55","5.0","2015-03-16","77","H,,S","86",",,S","67",",,S"
"DRM00078458","PUERTO PLATA, DR","19.75","-70.55","5.0","2015-03-17","78","H,,S","86",",,S","67",",,S"
"DRM00078458","PUERTO PLATA, DR","19.75","-70.55","5.0","2015-03-18","78","H,,S","86",",,S","66",",,S"
"DRM00078458","PUERTO PLATA, DR","19.75","-70.55","5.0","2015-03-19","78","H,,S","86",",,S","66",",,S"
"DRM00078458","PUERTO PLATA, DR","19.75","-70.55","5.0","2015-03-20","76","H,,S","87",",,S","68",",,S"
"DRM00078458","PUERTO PLATA, DR","19.75","-70.55","5.0","2015-03-21","78","H,,S","87",",,S","68",",,S"
"DRM00078458","PUERTO PLATA, DR","19.75","-70.55","5.0","2015-03-22","77","H,,S","86",",,S","67",",,S"
"DRM00078458","PUERTO PLATA, DR","19.75","-70.55","5.0","2015-03-23","75","H,,S","86",",,S","67",",,S"
"DRM00078458","PUERTO PLATA, DR","19.75","-70.55","5.0","2015-03-24","77","H,,S","86",",,S","67",",,S"
"DRM00078458","PUERTO PLATA, DR","19.75","-70.55","5.0","2015-03-25","79","H,,S","88",",,S","70",",,S"
"DRM00078458","PUERTO PLATA, DR","19.75","-70.55","5.0","2015-03-26","78","H,,S","88",",,S","70",",,S"
"DRM00078458","PUERTO PLATA, DR","19.75","-70.55","5.0","2015-03-27","81","H,,S","90",",,S","69",",,S"
"DRM00078458","PUERTO PLATA, DR","19.75","-70.55","5.0","2015-03-28","82","H,,S","92",",,S","69",",,S"
"DRM00078458","PUERTO PLATA, DR","19.75","-70.55","5.0","2015-03-29","78","H,,S","92",",,S","66",",,S"
"DRM00078458","PUERTO PLATA, DR","19.75","-70.55","5.0","2015-03-30","76","H,,S","90",",,S","66",",,S"
"DRM00078458","PUERTO PLATA, DR","19.75","-70.55","5.0","2015-03-31","74","H,,S","83",",,S","68",",,S"
"DRM00078458","PUERTO PLATA, DR","19.75","-70.55","5.0","2015-04-01","75","H,,S","85",",,S","66",",,S"
"DRM00078458","PUERTO PLATA, DR","19.75","-70.55","5.0","2015-04-02","77","H,,S","90",",,S","66",",,S"
"DRM00078458","PUERTO PLATA, DR","19.75","-70.55","5.0","2015-04-03","77","H,,S","86",",,S","68",",,S"
"DRM00078458","PUERTO PLATA, DR","19.75","-70.55","5.0","2015-04-04","78","H,,S","86",",,S","67",",,S"
"DRM00078458","PUERTO PLATA, DR","19.75","-70.55","5.0","2015-04-05","77","H,,S","85",",,S","67",",,S"
"DRM00078458","PUERTO PLATA, DR","19.75","-70.55","5.0","2015-04-06","74","H,,S","85",",,S","68",",,S"
"DRM00078458","PUERTO PLATA, DR","19.75","-70.55","5.0","2015-04-07","78","H,,S","85",",,S","69",",,S"
"DRM00078458","PUERTO PLATA, DR","19.75","-70.55","5.0","2015-04-09","75","H,,S","84",",,S","68",",,S"
"DRM00078458","PUERTO PLATA, DR","19.75","-70.55","5.0","2015-04-10","78","H,,S","85",",,S","71",",,S"
"DRM00078458","PUERTO PLATA, DR","19.75","-70.55","5.0","2015-04-11","79","H,,S","86",",,S","70",",,S"
"DRM00078458","PUERTO PLATA, DR","19.75","-70.55","5.0","2015-04-12","77","H,,S","86",",,S","68",",,S"
"DRM00078458","PUERTO PLATA, DR","19.75","-70.55","5.0","2015-04-13","79","H,,S","87",",,S","68",",,S"
"DRM00078458","PUERTO PLATA, DR","19.75","-70.55","5.0","2015-04-14","80","H,,S","87",",,S","69",",,S"
"DRM00078458","PUERTO PLATA, DR","19.75","-70.55","5.0","2015-04-15","79","H,,S","86",",,S","67",",,S"
"DRM00078458","PUERTO PLATA, DR","19.75","-70.55","5.0","2015-04-16","78","H,,S","87",",,S","67",",,S"
"DRM00078458","PUERTO PLATA, DR","19.75","-70.55","5.0","2015-04-17","78","H,,S","87",",,S","67",",,S"
"DRM00078458","PUERTO PLATA, DR","19.75","-70.55","5.0","2015-04-18","77","H,,S","89",",,S","67",",,S"
"DRM00078458","PUERTO PLATA, DR","19.75","-70.55","5.0","2015-04-19","79","H,,S","91",",,S","67",",,S"
"DRM00078458","PUERTO PLATA, DR","19.75","-70.55","5.0","2015-04-20","80","H,,S","91",",,S","69",",,S"
"DRM00078458","PUERTO PLATA, DR","19.75","-70.55","5.0","2015-04-21","82","H,,S","91",",,S","71",",,S"
"DRM00078458","PUERTO PLATA, DR","19.75","-70.55","5.0","2015-04-22","80","H,,S","89",",,S","70",",,S"
"DRM00078458","PUERTO PLATA, DR","19.75","-70.55","5.0","2015-04-23","78","H,,S","89",",,S","67",",,S"
"DRM00078458","PUERTO PLATA, DR","19.75","-70.55","5.0","2015-04-24","79","H,,S","88",",,S","67",",,S"
"DRM00078458","PUERTO PLATA, DR","19.75","-70.55","5.0","2015-04-25","81","H,,S","87",",,S","69",",,S"
"DRM00078458","PUERTO PLATA, DR","19.75","-70.55","5.0","2015-04-26","80","H,,S","88",",,S","72",",,S"
"DRM00078458","PUERTO PLATA, DR","19.75","-70.55","5.0","2015-04-27","83","H,,S","96",",,S","72",",,S"
"DRM00078458","PUERTO PLATA, DR","19.75","-70.55","5.0","2015-04-28","82","H,,S","96",",,S","72",",,S"
"DRM00078458","PUERTO PLATA, DR","19.75","-70.55","5.0","2015-04-29","86","H,,S","93",",,S","72",",,S"
"DRM00078458","PUERTO PLATA, DR","19.75","-70.55","5.0","2015-04-30","82","H,,S","98",",,S","72",",,S"
"DRM00078458","PUERTO PLATA, DR","19.75","-70.55","5.0","2015-05-01","84","H,,S","98",",,S","72",",,S"
"DRM00078458","PUERTO PLATA, DR","19.75","-70.55","5.0","2015-05-02","80","H,,S","99",",,S","71",",,S"
"DRM00078458","PUERTO PLATA, DR","19.75","-70.55","5.0","2015-05-03","76","H,,S","91",",,S","71",",,S"
"DRM00078458","PUERTO PLATA, DR","19.75","-70.55","5.0","2015-05-04","82","H,,S","94",",,S","71",",,S"
"DRM00078458","PUERTO PLATA, DR","19.75","-70.55","5.0","2015-05-05","83","H,,S","94",",,S","72",",,S"
"DRM00078458","PUERTO PLATA, DR","19.75","-70.55","5.0","2015-05-06","80","H,,S","94",",,S","73",",,S"
"DRM00078458","PUERTO PLATA, DR","19.75","-70.55","5.0","2015-05-07","84","H,,S","95",",,S","75",",,S"
"DRM00078458","PUERTO PLATA, DR","19.75","-70.55","5.0","2015-05-08","83","H,,S","95",",,S","72",",,S"
"DRM00078458","PUERTO PLATA, DR","19.75","-70.55","5.0","2015-05-09","81","H,,S","91",",,S","72",",,S"
"DRM00078458","PUERTO PLATA, DR","19.75","-70.55","5.0","2015-05-10","78","H,,S","91",",,S","72",",,S"
"DRM00078458","PUERTO PLATA, DR","19.75","-70.55","5.0","2015-05-11","79","H,,S","89",",,S","73",",,S"
"DRM00078458","PUERTO PLATA, DR","19.75","-70.55","5.0","2015-05-12","83","H,,S","90",",,S","73",",,S"
"DRM00078458","PUERTO PLATA, DR","19.75","-70.55","5.0","2015-05-13","82","H,,S","90",",,S","73",",,S"
"DRM00078458","PUERTO PLATA, DR","19.75","-70.55","5.0","2015-05-14","81","H,,S","90",",,S","74",",,S"
"DRM00078458","PUERTO PLATA, DR","19.75","-70.55","5.0","2015-05-15","81","H,,S","94",",,S","70",",,S"
"DRM00078458","PUERTO PLATA, DR","19.75","-70.55","5.0","2015-05-16","80","H,,S","90",",,S","70",",,S"
"DRM00078458","PUERTO PLATA, DR","19.75","-70.55","5.0","2015-05-17","81","H,,S","90",",,S","71",",,S"
"DRM00078458","PUERTO PLATA, DR","19.75","-70.55","5.0","2015-05-18","79","H,,S","90",",,S","72",",,S"
"DRM00078458","PUERTO PLATA, DR","19.75","-70.55","5.0","2015-05-19","78","H,,S","86",",,S","70",",,S"
"DRM00078458","PUERTO PLATA, DR","19.75","-70.55","5.0","2015-05-20","80","H,,S","88",",,S","70",",,S"
"DRM00078458","PUERTO PLATA, DR","19.75","-70.55","5.0","2015-05-21","81","H,,S","90",",,S","72",",,S"
"DRM00078458","PUERTO PLATA, DR","19.75","-70.55","5.0","2015-05-22","81","H,,S","92",",,S","73",",,S"
"DRM00078458","PUERTO PLATA, DR","19.75","-70.55","5.0","2015-05-23","79","H,,S","92",",,S","73",",,S"
"DRM00078458","PUERTO PLATA, DR","19.75","-70.55","5.0","2015-05-24","82","H,,S","90",",,S","73",",,S"
"DRM00078458","PUERTO PLATA, DR","19.75","-70.55","5.0","2015-05-25","80","H,,S","90",",,S","72",",,S"
"DRM00078458","PUERTO PLATA, DR","19.75","-70.55","5.0","2015-05-26","79","H,,S","89",",,S","71",",,S"
"DRM00078458","PUERTO PLATA, DR","19.75","-70.55","5.0","2015-05-27","78","H,,S","88",",,S","71",",,S"
"DRM00078458","PUERTO PLATA, DR","19.75","-70.55","5.0","2015-05-29","82","H,,S","89",",,S","71",",,S"
"DRM00078458","PUERTO PLATA, DR","19.75","-70.55","5.0","2015-05-30","78","H,,S","89",",,S","72",",,S"
"DRM00078458","PUERTO PLATA, DR","19.75","-70.55","5.0","2015-05-31","80","H,,S","90",",,S","71",",,S"
"DRM00078458","PUERTO PLATA, DR","19.75","-70.55","5.0","2015-06-01","77","H,,S","92",",,S","70",",,S"
"DRM00078458","PUERTO PLATA, DR","19.75","-70.55","5.0","2015-06-02","81","H,,S","92",",,S","70",",,S"
"DRM00078458","PUERTO PLATA, DR","19.75","-70.55","5.0","2015-06-03","80","H,,S","93",",,S","73",",,S"
"DRM00078458","PUERTO PLATA, DR","19.75","-70.55","5.0","2015-06-04","81","H,,S","92",",,S","73",",,S"
"DRM00078458","PUERTO PLATA, DR","19.75","-70.55","5.0","2015-06-05","84","H,,S","92",",,S","73",",,S"
"DRM00078458","PUERTO PLATA, DR","19.75","-70.55","5.0","2015-06-06","82","H,,S","92",",,S","73",",,S"
"DRM00078458","PUERTO PLATA, DR","19.75","-70.55","5.0","2015-06-07","83","H,,S","94",",,S","71",",,S"
"DRM00078458","PUERTO PLATA, DR","19.75","-70.55","5.0","2015-06-08","83","H,,S","94",",,S","71",",,S"
"DRM00078458","PUERTO PLATA, DR","19.75","-70.55","5.0","2015-06-09","80","H,,S","95",",,S","72",",,S"
"DRM00078458","PUERTO PLATA, DR","19.75","-70.55","5.0","2015-06-11","80","H,,S","91",",,S","73",",,S"
"DRM00078458","PUERTO PLATA, DR","19.75","-70.55","5.0","2015-06-12","80","H,,S","92",",,S","74",",,S"
"DRM00078458","PUERTO PLATA, DR","19.75","-70.55","5.0","2015-06-13","83","H,,S","95",",,S","75",",,S"
"DRM00078458","PUERTO PLATA, DR","19.75","-70.55","5.0","2015-06-14","85","H,,S","95",",,S","75",",,S"
"DRM00078458","PUERTO PLATA, DR","19.75","-70.55","5.0","2015-06-15","84","H,,S","94",",,S","74",",,S"
"DRM00078458","PUERTO PLATA, DR","19.75","-70.55","5.0","2015-06-16","83","H,,S","93",",,S","74",",,S"
"DRM00078458","PUERTO PLATA, DR","19.75","-70.55","5.0","2015-06-17","83","H,,S","92",",,S","75",",,S"
"DRM00078458","PUERTO PLATA, DR","19.75","-70.55","5.0","2015-06-18","82","H,,S","92",",,S","75",",,S"
"DRM00078458","PUERTO PLATA, DR","19.75","-70.55","5.0","2015-06-19","84","H,,S","96",",,S","77",",,S"
"DRM00078458","PUERTO PLATA, DR","19.75","-70.55","5.0","2015-06-20","83","H,,S","94",",,S","74",",,S"
"DRM00078458","PUERTO PLATA, DR","19.75","-70.55","5.0","2015-06-21","83","H,,S","92",",,S","72",",,S"
"DRM00078458","PUERTO PLATA, DR","19.75","-70.55","5.0","2015-06-22","85","H,,S","92",",,S","72",",,S"
"DRM00078458","PUERTO PLATA, DR","19.75","-70.55","5.0","2015-06-23","83","H,,S","93",",,S","72",",,S"
"DRM00078458","PUERTO PLATA, DR","19.75","-70.55","5.0","2015-06-24","81","H,,S","94",",,S","74",",,S"
"DRM00078458","PUERTO PLATA, DR","19.75","-70.55","5.0","2015-06-25","81","H,,S",,,,
"DRM00078458","PUERTO PLATA, DR","19.75","-70.55","5.0","2015-06-26","81","H,,S","95",",,S","74",",,S"
"DRM00078458","PUERTO PLATA, DR","19.75","-70.55","5.0","2015-06-27","84","H,,S","93",",,S","74",",,S"
"DRM00078458","PUERTO PLATA, DR","19.75","-70.55","5.0","2015-06-28","85","H,,S","95",",,S","77",",,S"
"DRM00078458","PUERTO PLATA, DR","19.75","-70.55","5.0","2015-06-29","83","H,,S","96",",,S","75",",,S"
"DRM00078458","PUERTO PLATA, DR","19.75","-70.55","5.0","2015-07-01","78","H,,S","90",",,S","74",",,S"
"DRM00078458","PUERTO PLATA, DR","19.75","-70.55","5.0","2015-07-02","84","H,,S","91",",,S","74",",,S"
"DRM00078458","PUERTO PLATA, DR","19.75","-70.55","5.0","2015-07-03","83","H,,S","93",",,S","74",",,S"
"DRM00078458","PUERTO PLATA, DR","19.75","-70.55","5.0","2015-07-04","81","H,,S","93",",,S","76",",,S"
"DRM00078458","PUERTO PLATA, DR","19.75","-70.55","5.0","2015-07-05","83","H,,S","94",",,S","75",",,S"
"DRM00078458","PUERTO PLATA, DR","19.75","-70.55","5.0","2015-07-06","85","H,,S","94",",,S","75",",,S"
"DRM00078458","PUERTO PLATA, DR","19.75","-70.55","5.0","2015-07-07","82","H,,S","93",",,S","74",",,S"
"DRM00078458","PUERTO PLATA, DR","19.75","-70.55","5.0","2015-07-08","83","H,,S","92",",,S","74",",,S"
"DRM00078458","PUERTO PLATA, DR","19.75","-70.55","5.0","2015-07-10","82","H,,S","92",",,S","73",",,S"
"DRM00078458","PUERTO PLATA, DR","19.75","-70.55","5.0","2015-07-11","83","H,,S","91",",,S","74",",,S"
"DRM00078458","PUERTO PLATA, DR","19.75","-70.55","5.0","2015-07-12","82","H,,S","94",",,S","74",",,S"
"DRM00078458","PUERTO PLATA, DR","19.75","-70.55","5.0","2015-07-13","85","H,,S","97",",,S","74",",,S"
"DRM00078458","PUERTO PLATA, DR","19.75","-70.55","5.0","2015-07-14","82","H,,S","97",",,S","73",",,S"
"DRM00078458","PUERTO PLATA, DR","19.75","-70.55","5.0","2015-07-15","87","H,,S","93",",,S","73",",,S"
"DRM00078458","PUERTO PLATA, DR","19.75","-70.55","5.0","2015-07-16","84","H,,S","93",",,S","73",",,S"
"DRM00078458","PUERTO PLATA, DR","19.75","-70.55","5.0","2015-07-17","83","H,,S","93",",,S","73",",,S"
"DRM00078458","PUERTO PLATA, DR","19.75","-70.55","5.0","2015-07-18","83","H,,S","94",",,S","74",",,S"
"DRM00078458","PUERTO PLATA, DR","19.75","-70.55","5.0","2015-07-19","81","H,,S","94",",,S","72",",,S"
"DRM00078458","PUERTO PLATA, DR","19.75","-70.55","5.0","2015-07-20","83","H,,S","92",",,S","72",",,S"
"DRM00078458","PUERTO PLATA, DR","19.75","-70.55","5.0","2015-07-21","84","H,,S","92",",,S","73",",,S"
"DRM00078458","PUERTO PLATA, DR","19.75","-70.55","5.0","2015-07-22","83","H,,S","94",",,S","75",",,S"
"DRM00078458","PUERTO PLATA, DR","19.75","-70.55","5.0","2015-07-23","85","H,,S","95",",,S","75",",,S"
"DRM00078458","PUERTO PLATA, DR","19.75","-70.55","5.0","2015-07-24","83","H,,S","98",",,S","75",",,S"
"DRM00078458","PUERTO PLATA, DR","19.75","-70.55","5.0","2015-07-25","83","H,,S","98",",,S","74",",,S"
"DRM00078458","PUERTO PLATA, DR","19.75","-70.55","5.0","2015-07-26","81","H,,S","99",",,S","74",",,S"
"DRM00078458","PUERTO PLATA, DR","19.75","-70.55","5.0","2015-07-27","86","H,,S","99",",,S","74",",,S"
"DRM00078458","PUERTO PLATA, DR","19.75","-70.55","5.0","2015-07-28","85","H,,S","98",",,S","75",",,S"
"DRM00078458","PUERTO PLATA, DR","19.75","-70.55","5.0","2015-07-29","83","H,,S","94",",,S","73",",,S"
"DRM00078458","PUERTO PLATA, DR","19.75","-70.55","5.0","2015-07-30","84","H,,S","94",",,S","73",",,S"
"DRM00078458","PUERTO PLATA, DR","19.75","-70.55","5.0","2015-07-31","83","H,,S","94",",,S","74",",,S"
"DRM00078458","PUERTO PLATA, DR","19.75","-70.55","5.0","2015-08-01","84","H,,S","94",",,S","76",",,S"
"DRM00078458","PUERTO PLATA, DR","19.75","-70.55","5.0","2015-08-02","84","H,,S","94",",,S","73",",,S"
"DRM00078458","PUERTO PLATA, DR","19.75","-70.55","5.0","2015-08-03","83","H,,S","92",",,S","72",",,S"
"DRM00078458","PUERTO PLATA, DR","19.75","-70.55","5.0","2015-08-04","84","H,,S","95",",,S","72",",,S"
"DRM00078458","PUERTO PLATA, DR","19.75","-70.55","5.0","2015-08-05","83","H,,S","93",",,S","75",",,S"
"DRM00078458","PUERTO PLATA, DR","19.75","-70.55","5.0","2015-08-06","83","H,,S","93",",,S","73",",,S"
"DRM00078458","PUERTO PLATA, DR","19.75","-70.55","5.0","2015-08-07","83","H,,S","93",",,S","72",",,S"
"DRM00078458","PUERTO PLATA, DR","19.75","-70.55","5.0","2015-08-08","83","H,,S","94",",,S","72",",,S"
"DRM00078458","PUERTO PLATA, DR","19.75","-70.55","5.0","2015-08-09","86","H,,S","98",",,S","75",",,S"
"DRM00078458","PUERTO PLATA, DR","19.75","-70.55","5.0","2015-08-10","84","H,,S","98",",,S","73",",,S"
"DRM00078458","PUERTO PLATA, DR","19.75","-70.55","5.0","2015-08-11","83","H,,S","95",",,S","73",",,S"
"DRM00078458","PUERTO PLATA, DR","19.75","-70.55","5.0","2015-08-12","83","H,,S","95",",,S","74",",,S"
"DRM00078458","PUERTO PLATA, DR","19.75","-70.55","5.0","2015-08-13","85","H,,S","94",",,S","74",",,S"
"DRM00078458","PUERTO PLATA, DR","19.75","-70.55","5.0","2015-08-14","84","H,,S","94",",,S","74",",,S"
"DRM00078458","PUERTO PLATA, DR","19.75","-70.55","5.0","2015-08-15","83","H,,S","94",",,S","75",",,S"
"DRM00078458","PUERTO PLATA, DR","19.75","-70.55","5.0","2015-08-16","81","H,,S","94",",,S","74",",,S"
"DRM00078458","PUERTO PLATA, DR","19.75","-70.55","5.0","2015-08-17","83","H,,S","93",",,S","73",",,S"
"DRM00078458","PUERTO PLATA, DR","19.75","-70.55","5.0","2015-08-19","84","H,,S","96",",,S","73",",,S"
"DRM00078458","PUERTO PLATA, DR","19.75","-70.55","5.0","2015-08-20","85","H,,S","93",",,S","75",",,S"
"DRM00078458","PUERTO PLATA, DR","19.75","-70.55","5.0","2015-08-21","88","H,,S","97",",,S","75",",,S"
"DRM00078458","PUERTO PLATA, DR","19.75","-70.55","5.0","2015-08-22","83","H,,S","97",",,S","75",",,S"
"DRM00078458","PUERTO PLATA, DR","19.75","-70.55","5.0","2015-08-23","85","H,,S","93",",,S","75",",,S"
"DRM00078458","PUERTO PLATA, DR","19.75","-70.55","5.0","2015-08-24","83","H,,S","95",",,S","75",",,S"
"DRM00078458","PUERTO PLATA, DR","19.75","-70.55","5.0","2015-08-25","85","H,,S","95",",,S","75",",,S"
"DRM00078458","PUERTO PLATA, DR","19.75","-70.55","5.0","2015-08-26","85","H,,S","95",",,S","75",",,S"
"DRM00078458","PUERTO PLATA, DR","19.75","-70.55","5.0","2015-08-27","86","H,,S","95",",,S","75",",,S"
"DRM00078458","PUERTO PLATA, DR","19.75","-70.55","5.0","2015-08-28","82","H,,S","95",",,S","77",",,S"
"DRM00078458","PUERTO PLATA, DR","19.75","-70.55","5.0","2015-08-29","81","H,,S","89",",,S","75",",,S"
"DRM00078458","PUERTO PLATA, DR","19.75","-70.55","5.0","2015-08-30","83","H,,S","92",",,S","77",",,S"
"DRM00078458","PUERTO PLATA, DR","19.75","-70.55","5.0","2015-08-31","84","H,,S","96",",,S","77",",,S"
"DRM00078458","PUERTO PLATA, DR","19.75","-70.55","5.0","2015-09-01","84","H,,S","96",",,S","77",",,S"
"DRM00078458","PUERTO PLATA, DR","19.75","-70.55","5.0","2015-09-02","84","H,,S","93",",,S","75",",,S"
"DRM00078458","PUERTO PLATA, DR","19.75","-70.55","5.0","2015-09-03","80","H,,S","91",",,S","73",",,S"
"DRM00078458","PUERTO PLATA, DR","19.75","-70.55","5.0","2015-09-04","84","H,,S","92",",,S","73",",,S"
"DRM00078458","PUERTO PLATA, DR","19.75","-70.55","5.0","2015-09-05","84","H,,S","96",",,S","74",",,S"
"DRM00078458","PUERTO PLATA, DR","19.75","-70.55","5.0","2015-09-06","84","H,,S","93",",,S","75",",,S"
"DRM00078458","PUERTO PLATA, DR","19.75","-70.55","5.0","2015-09-07","86","H,,S","95",",,S","73",",,S"
"DRM00078458","PUERTO PLATA, DR","19.75","-70.55","5.0","2015-09-08","85","H,,S","95",",,S","73",",,S"
"DRM00078458","PUERTO PLATA, DR","19.75","-70.55","5.0","2015-09-09","81","H,,S","94",",,S","74",",,S"
"DRM00078458","PUERTO PLATA, DR","19.75","-70.55","5.0","2015-09-10","85","H,,S","95",",,S","74",",,S"
"DRM00078458","PUERTO PLATA, DR","19.75","-70.55","5.0","2015-09-11","86","H,,S","95",",,S","74",",,S"
"DRM00078458","PUERTO PLATA, DR","19.75","-70.55","5.0","2015-09-12","84","H,,S","95",",,S","76",",,S"
"DRM00078458","PUERTO PLATA, DR","19.75","-70.55","5.0","2015-09-13","82","H,,S","96",",,S","76",",,S"
"DRM00078458","PUERTO PLATA, DR","19.75","-70.55","5.0","2015-09-14","84","H,,S","96",",,S","76",",,S"
"DRM00078458","PUERTO PLATA, DR","19.75","-70.55","5.0","2015-09-15","82","H,,S","94",",,S","76",",,S"
"DRM00078458","PUERTO PLATA, DR","19.75","-70.55","5.0","2015-09-16","82","H,,S","94",",,S","76",",,S"
"DRM00078458","PUERTO PLATA, DR","19.75","-70.55","5.0","2015-09-18","80","H,,S",,,,
"DRM00078458","PUERTO PLATA, DR","19.75","-70.55","5.0","2015-09-19","81","H,,S","96",",,S","74",",,S"
"DRM00078458","PUERTO PLATA, DR","19.75","-70.55","5.0","2015-09-20","85","H,,S","92",",,S","74",",,S"
"DRM00078458","PUERTO PLATA, DR","19.75","-70.55","5.0","2015-09-21","83","H,,S","95",",,S","73",",,S"
"DRM00078458","PUERTO PLATA, DR","19.75","-70.55","5.0","2015-09-22","84","H,,S","94",",,S","73",",,S"
"DRM00078458","PUERTO PLATA, DR","19.75","-70.55","5.0","2015-09-23","85","H,,S","94",",,S","74",",,S"
"DRM00078458","PUERTO PLATA, DR","19.75","-70.55","5.0","2015-09-24","81","H,,S","94",",,S","74",",,S"
"DRM00078458","PUERTO PLATA, DR","19.75","-70.55","5.0","2015-09-25","79","H,,S","94",",,S","74",",,S"
"DRM00078458","PUERTO PLATA, DR","19.75","-70.55","5.0","2015-09-26","78","H,,S","91",",,S","74",",,S"
"DRM00078458","PUERTO PLATA, DR","19.75","-70.55","5.0","2015-09-27","86","H,,S",,,,
"DRM00078458","PUERTO PLATA, DR","19.75","-70.55","5.0","2015-09-28","80","H,,S","91",",,S","73",",,S"
"DRM00078458","PUERTO PLATA, DR","19.75","-70.55","5.0","2015-09-29","82","H,,S","89",",,S","74",",,S"
"DRM00078458","PUERTO PLATA, DR","19.75","-70.55","5.0","2015-10-01","81","H,,S","93",",,S","75",",,S"
"DRM00078458","PUERTO PLATA, DR","19.75","-70.55","5.0","2015-10-02","83","H,,S","91",",,S","76",",,S"
"DRM00078458","PUERTO PLATA, DR","19.75","-70.55","5.0","2015-10-03","83","H,,S","94",",,S","75",",,S"
"DRM00078458","PUERTO PLATA, DR","19.75","-70.55","5.0","2015-10-04","84","H,,S","94",",,S","74",",,S"
"DRM00078458","PUERTO PLATA, DR","19.75","-70.55","5.0","2015-10-05","84","H,,S","92",",,S","74",",,S"
"DRM00078458","PUERTO PLATA, DR","19.75","-70.55","5.0","2015-10-06","83","H,,S","99",",,S","75",",,S"
"DRM00078458","PUERTO PLATA, DR","19.75","-70.55","5.0","2015-10-07","84","H,,S","99",",,S","76",",,S"
"DRM00078458","PUERTO PLATA, DR","19.75","-70.55","5.0","2015-10-08","82","H,,S","95",",,S","76",",,S"
"DRM00078458","PUERTO PLATA, DR","19.75","-70.55","5.0","2015-10-09","83","H,,S","96",",,S","76",",,S"
"DRM00078458","PUERTO PLATA, DR","19.75","-70.55","5.0","2015-10-10","83","H,,S","96",",,S","73",",,S"
"DRM00078458","PUERTO PLATA, DR","19.75","-70.55","5.0","2015-10-11","85","H,,S","99",",,S","69",",,S"
"DRM00078458","PUERTO PLATA, DR","19.75","-70.55","5.0","2015-10-12","83","H,,S","99",",,S","69",",,S"
"DRM00078458","PUERTO PLATA, DR","19.75","-70.55","5.0","2015-10-13","87","H,,S","97",",,S","76",",,S"
"DRM00078458","PUERTO PLATA, DR","19.75","-70.55","5.0","2015-10-14","85","H,,S","98",",,S","78",",,S"
"DRM00078458","PUERTO PLATA, DR","19.75","-70.55","5.0","2015-10-15","85","H,,S","97",",,S","78",",,S"
"DRM00078458","PUERTO PLATA, DR","19.75","-70.55","5.0","2015-10-16","84","H,,S","94",",,S","76",",,S"
"DRM00078458","PUERTO PLATA, DR","19.75","-70.55","5.0","2015-10-17","84","H,,S","93",",,S","75",",,S"
"DRM00078458","PUERTO PLATA, DR","19.75","-70.55","5.0","2015-10-18","82","H,,S","93",",,S","73",",,S"
"DRM00078458","PUERTO PLATA, DR","19.75","-70.55","5.0","2015-10-19","82","H,,S","91",",,S","73",",,S"
"DRM00078458","PUERTO PLATA, DR","19.75","-70.55","5.0","2015-10-20","80","H,,S","90",",,S","75",",,S"
"DRM00078458","PUERTO PLATA, DR","19.75","-70.55","5.0","2015-10-21","80","H,,S",,,,
"DRM00078458","PUERTO PLATA, DR","19.75","-70.55","5.0","2015-10-22","80","H,,S","93",",,S","74",",,S"
"DRM00078458","PUERTO PLATA, DR","19.75","-70.55","5.0","2015-10-23","80","H,,S","89",",,S","73",",,S"
"DRM00078458","PUERTO PLATA, DR","19.75","-70.55","5.0","2015-10-24","80","H,,S","89",",,S","73",",,S"
"DRM00078458","PUERTO PLATA, DR","19.75","-70.55","5.0","2015-10-25","77","H,,S","89",",,S","71",",,S"
"DRM00078458","PUERTO PLATA, DR","19.75","-70.55","5.0","2015-10-26","77","H,,S","90",",,S","70",",,S"
"DRM00078458","PUERTO PLATA, DR","19.75","-70.55","5.0","2015-10-27","78","H,,S","90",",,S","70",",,S"
"DRM00078458","PUERTO PLATA, DR","19.75","-70.55","5.0","2015-10-28","82","H,,S","90",",,S","72",",,S"
"DRM00078458","PUERTO PLATA, DR","19.75","-70.55","5.0","2015-10-29","82","H,,S","92",",,S","73",",,S"
"DRM00078458","PUERTO PLATA, DR","19.75","-70.55","5.0","2015-10-30","81","H,,S","92",",,S","73",",,S"
"DRM00078458","PUERTO PLATA, DR","19.75","-70.55","5.0","2015-10-31","81","H,,S","91",",,S","73",",,S"
"DRM00078458","PUERTO PLATA, DR","19.75","-70.55","5.0","2015-11-01","78","H,,S","90",",,S","73",",,S"
"DRM00078458","PUERTO PLATA, DR","19.75","-70.55","5.0","2015-11-02","78","H,,S","89",",,S","72",",,S"
"DRM00078458","PUERTO PLATA, DR","19.75","-70.55","5.0","2015-11-03","81","H,,S","90",",,S","72",",,S"
"DRM00078458","PUERTO PLATA, DR","19.75","-70.55","5.0","2015-11-04","79","H,,S","90",",,S","72",",,S"
"DRM00078458","PUERTO PLATA, DR","19.75","-70.55","5.0","2015-11-05","80","H,,S","90",",,S","72",",,S"
"DRM00078458","PUERTO PLATA, DR","19.75","-70.55","5.0","2015-11-06","80","H,,S","89",",,S","72",",,S"
"DRM00078458","PUERTO PLATA, DR","19.75","-70.55","5.0","2015-11-07","77","H,,S","90",",,S","71",",,S"
"DRM00078458","PUERTO PLATA, DR","19.75","-70.55","5.0","2015-11-08","78","H,,S","88",",,S","71",",,S"
"DRM00078458","PUERTO PLATA, DR","19.75","-70.55","5.0","2015-11-09","81","H,,S",,,,
"DRM00078458","PUERTO PLATA, DR","19.75","-70.55","5.0","2015-11-10","80","H,,S","93",",,S","73",",,S"
"DRM00078458","PUERTO PLATA, DR","19.75","-70.55","5.0","2015-11-11","80","H,,S","89",",,S","73",",,S"
"DRM00078458","PUERTO PLATA, DR","19.75","-70.55","5.0","2015-11-12","79","H,,S","89",",,S","73",",,S"
"DRM00078458","PUERTO PLATA, DR","19.75","-70.55","5.0","2015-11-13","80","H,,S","89",",,S","72",",,S"
"DRM00078458","PUERTO PLATA, DR","19.75","-70.55","5.0","2015-11-14","81","H,,S","91",",,S","72",",,S"
"DRM00078458","PUERTO PLATA, DR","19.75","-70.55","5.0","2015-11-15","78","H,,S","92",",,S","72",",,S"
"DRM00078458","PUERTO PLATA, DR","19.75","-70.55","5.0","2015-11-16","77","H,,S","90",",,S","73",",,S"
"DRM00078458","PUERTO PLATA, DR","19.75","-70.55","5.0","2015-11-17","77","H,,S","85",",,S","72",",,S"
"DRM00078458","PUERTO PLATA, DR","19.75","-70.55","5.0","2015-11-18","78","H,,S","88",",,S","73",",,S"
"DRM00078458","PUERTO PLATA, DR","19.75","-70.55","5.0","2015-11-19","76","H,,S","88",",,S","73",",,S"
"DRM00078458","PUERTO PLATA, DR","19.75","-70.55","5.0","2015-11-20","76","H,,S","85",",,S","72",",,S"
"DRM00078458","PUERTO PLATA, DR","19.75","-70.55","5.0","2015-11-21","76","H,,S","86",",,S","69",",,S"
"DRM00078458","PUERTO PLATA, DR","19.75","-70.55","5.0","2015-11-22","78","H,,S","88",",,S","69",",,S"
"DRM00078458","PUERTO PLATA, DR","19.75","-70.55","5.0","2015-11-23","77","H,,S","90",",,S","67",",,S"
"DRM00078458","PUERTO PLATA, DR","19.75","-70.55","5.0","2015-11-24","77","H,,S","89",",,S","67",",,S"
"DRM00078458","PUERTO PLATA, DR","19.75","-70.55","5.0","2015-11-25","77","H,,S","86",",,S","70",",,S"
"DRM00078458","PUERTO PLATA, DR","19.75","-70.55","5.0","2015-11-26","75","H,,S","85",",,S","71",",,S"
"DRM00078458","PUERTO PLATA, DR","19.75","-70.55","5.0","2015-11-27","76","H,,S","85",",,S","70",",,S"
"DRM00078458","PUERTO PLATA, DR","19.75","-70.55","5.0","2015-11-28","73","H,,S","85",",,S","66",",,S"
"DRM00078458","PUERTO PLATA, DR","19.75","-70.55","5.0","2015-11-29","75","H,,S","85",",,S","66",",,S"
"DRM00078458","PUERTO PLATA, DR","19.75","-70.55","5.0","2015-11-30","76","H,,S","86",",,S","67",",,S"
"DRM00078458","PUERTO PLATA, DR","19.75","-70.55","5.0","2015-12-01","76","H,,S","86",",,S","71",",,S"
"DRM00078458","PUERTO PLATA, DR","19.75","-70.55","5.0","2015-12-02","80","H,,S","89",",,S","72",",,S"
"DRM00078458","PUERTO PLATA, DR","19.75","-70.55","5.0","2015-12-03","79","H,,S","89",",,S","74",",,S"
"DRM00078458","PUERTO PLATA, DR","19.75","-70.55","5.0","2015-12-04","78","H,,S","89",",,S","74",",,S"
"DRM00078458","PUERTO PLATA, DR","19.75","-70.55","5.0","2015-12-05","78","H,,S",,,,
"DRM00078458","PUERTO PLATA, DR","19.75","-70.55","5.0","2015-12-06","79","H,,S","89",",,S","72",",,S"
"DRM00078458","PUERTO PLATA, DR","19.75","-70.55","5.0","2015-12-07","77","H,,S","89",",,S","71",",,S"
"DRM00078458","PUERTO PLATA, DR","19.75","-70.55","5.0","2015-12-08","78","H,,S","89",",,S","71",",,S"
"DRM00078458","PUERTO PLATA, DR","19.75","-70.55","5.0","2015-12-09","81","H,,S",,,,
"DRM00078458","PUERTO PLATA, DR","19.75","-70.55","5.0","2015-12-10","80","H,,S","92",",,S","70",",,S"
"DRM00078458","PUERTO PLATA, DR","19.75","-70.55","5.0","2015-12-11","78","H,,S","90",",,S","70",",,S"
"DRM00078458","PUERTO PLATA, DR","19.75","-70.55","5.0","2015-12-12","78","H,,S","88",",,S","71",",,S"
"DRM00078458","PUERTO PLATA, DR","19.75","-70.55","5.0","2015-12-13","78","H,,S","89",",,S","69",",,S"
"DRM00078458","PUERTO PLATA, DR","19.75","-70.55","5.0","2015-12-14","78","H,,S","89",",,S","69",",,S"
"DRM00078458","PUERTO PLATA, DR","19.75","-70.55","5.0","2015-12-15","81","H,,S","89",",,S","70",",,S"
"DRM00078458","PUERTO PLATA, DR","19.75","-70.55","5.0","2015-12-16","77","H,,S","89",",,S","70",",,S"
"DRM00078458","PUERTO PLATA, DR","19.75","-70.55","5.0","2015-12-17","76","H,,S","89",",,S","71",",,S"
"DRM00078458","PUERTO PLATA, DR","19.75","-70.55","5.0","2015-12-18","77","H,,S","90",",,S","71",",,S"
"DRM00078458","PUERTO PLATA, DR","19.75","-70.55","5.0","2015-12-19","78","H,,S","88",",,S","71",",,S"
"DRM00078458","PUERTO PLATA, DR","19.75","-70.55","5.0","2015-12-20","77","H,,S","87",",,S","71",",,S"
"DRM00078458","PUERTO PLATA, DR","19.75","-70.55","5.0","2015-12-21","76","H,,S","86",",,S","69",",,S"
"DRM00078458","PUERTO PLATA, DR","19.75","-70.55","5.0","2015-12-23","78","H,,S","87",",,S","72",",,S"
"DRM00078458","PUERTO PLATA, DR","19.75","-70.55","5.0","2015-12-24","78","H,,S","86",",,S","72",",,S"
"DRM00078458","PUERTO PLATA, DR","19.75","-70.55","5.0","2015-12-25","77","H,,S","85",",,S","72",",,S"
"DRM00078458","PUERTO PLATA, DR","19.75","-70.55","5.0","2015-12-26","75","H,,S","86",",,S","71",",,S"
"DRM00078458","PUERTO PLATA, DR","19.75","-70.55","5.0","2015-12-27","75","H,,S","86",",,S","70",",,S"
"DRM00078458","PUERTO PLATA, DR","19.75","-70.55","5.0","2015-12-28","78","H,,S","86",",,S","70",",,S"
"DRM00078458","PUERTO PLATA, DR","19.75","-70.55","5.0","2015-12-29","77","H,,S","86",",,S","67",",,S"
"DRM00078458","PUERTO PLATA, DR","19.75","-70.55","5.0","2015-12-30","78","H,,S","85",",,S","63",",,S"
"DRM00078458","PUERTO PLATA, DR","19.75","-70.55","5.0","2015-12-31","78","H,,S","87",",,S","62",",,S"
"DRM00078458","PUERTO PLATA, DR","19.75","-70.55","5.0","2016-01-01","76","H,,S","87",",,S","61",",,S"
"DRM00078458","PUERTO PLATA, DR","19.75","-70.55","5.0","2016-01-02","77","H,,S","86",",,S","60",",,S"
"DRM00078458","PUERTO PLATA, DR","19.75","-70.55","5.0","2016-01-03","76","H,,S","86",",,S","60",",,S"
"DRM00078458","PUERTO PLATA, DR","19.75","-70.55","5.0","2016-01-04","77","H,,S","88",",,S","65",",,S"
"DRM00078458","PUERTO PLATA, DR","19.75","-70.55","5.0","2016-01-05","75","H,,S","90",",,S","64",",,S"
"DRM00078458","PUERTO PLATA, DR","19.75","-70.55","5.0","2016-01-06","75","H,,S","85",",,S","64",",,S"
"DRM00078458","PUERTO PLATA, DR","19.75","-70.55","5.0","2016-01-07","78","H,,S","87",",,S","65",",,S"
"DRM00078458","PUERTO PLATA, DR","19.75","-70.55","5.0","2016-01-08","78","H,,S","87",",,S","66",",,S"
"DRM00078458","PUERTO PLATA, DR","19.75","-70.55","5.0","2016-01-09","78","H,,S","85",",,S","61",",,S"
"DRM00078458","PUERTO PLATA, DR","19.75","-70.55","5.0","2016-01-10","74","H,,S","85",",,S","60",",,S"
"DRM00078458","PUERTO PLATA, DR","19.75","-70.55","5.0","2016-01-11","75","H,,S","85",",,S","60",",,S"
"DRM00078458","PUERTO PLATA, DR","19.75","-70.55","5.0","2016-01-12","71","H,,S","87",",,S","60",",,S"
"DRM00078458","PUERTO PLATA, DR","19.75","-70.55","5.0","2016-01-13","75","H,,S","85",",,S","60",",,S"
"DRM00078458","PUERTO PLATA, DR","19.75","-70.55","5.0","2016-01-14","77","H,,S",,,,
"DRM00078458","PUERTO PLATA, DR","19.75","-70.55","5.0","2016-01-15","76","H,,S",,,,
"DRM00078458","PUERTO PLATA, DR","19.75","-70.55","5.0","2016-01-16","74","H,,S","88",",,S","61",",,S"
"DRM00078458","PUERTO PLATA, DR","19.75","-70.55","5.0","2016-01-17","77","H,,S","94",",,S","58",",,S"
"DRM00078458","PUERTO PLATA, DR","19.75","-70.55","5.0","2016-01-18","79","H,,S","94",",,S","58",",,S"
"DRM00078458","PUERTO PLATA, DR","19.75","-70.55","5.0","2016-01-19","77","H,,S","91",",,S","60",",,S"
"DRM00078458","PUERTO PLATA, DR","19.75","-70.55","5.0","2016-01-20","74","H,,S","89",",,S","60",",,S"
"DRM00078458","PUERTO PLATA, DR","19.75","-70.55","5.0","2016-01-21","74","H,,S","91",",,S","62",",,S"
"DRM00078458","PUERTO PLATA, DR","19.75","-70.55","5.0","2016-01-22","75","H,,S","91",",,S","62",",,S"
"DRM00078458","PUERTO PLATA, DR","19.75","-70.55","5.0","2016-01-23","78","H,,S",,,,
"DRM00078458","PUERTO PLATA, DR","19.75","-70.55","5.0","2016-01-24","74","H,,S",,,,
"DRM00078458","PUERTO PLATA, DR","19.75","-70.55","5.0","2016-01-25","71","H,,S",,,,
"DRM00078458","PUERTO PLATA, DR","19.75","-70.55","5.0","2016-01-26","72","H,,S",,,,
"DRM00078458","PUERTO PLATA, DR","19.75","-70.55","5.0","2016-01-27","76","H,,S",,,,
"DRM00078458","PUERTO PLATA, DR","19.75","-70.55","5.0","2016-01-28","78","H,,S",,,,
"DRM00078458","PUERTO PLATA, DR","19.75","-70.55","5.0","2016-01-29","77","H,,S","87",",,S","59",",,S"
"DRM00078458","PUERTO PLATA, DR","19.75","-70.55","5.0","2016-01-30","75","H,,S","86",",,S","59",",,S"
"DRM00078458","PUERTO PLATA, DR","19.75","-70.55","5.0","2016-01-31","76","H,,S","87",",,S","59",",,S"
"DRM00078458","PUERTO PLATA, DR","19.75","-70.55","5.0","2016-02-01","77","H,,S","87",",,S","59",",,S"
"DRM00078458","PUERTO PLATA, DR","19.75","-70.55","5.0","2016-02-02","75","H,,S","85",",,S","59",",,S"
"DRM00078458","PUERTO PLATA, DR","19.75","-70.55","5.0","2016-02-03","76","H,,S","85",",,S","60",",,S"
"DRM00078458","PUERTO PLATA, DR","19.75","-70.55","5.0","2016-02-04","77","H,,S","84",",,S","61",",,S"
"DRM00078458","PUERTO PLATA, DR","19.75","-70.55","5.0","2016-02-05","73","H,,S","86",",,S","57",",,S"
"DRM00078458","PUERTO PLATA, DR","19.75","-70.55","5.0","2016-02-06","74","H,,S","85",",,S","57",",,S"
"DRM00078458","PUERTO PLATA, DR","19.75","-70.55","5.0","2016-02-07","79","H,,S","90",",,S","59",",,S"
"DRM00078458","PUERTO PLATA, DR","19.75","-70.55","5.0","2016-02-08","76","H,,S","90",",,S","60",",,S"
"DRM00078458","PUERTO PLATA, DR","19.75","-70.55","5.0","2016-02-09","79","H,,S","90",",,S","61",",,S"
"DRM00078458","PUERTO PLATA, DR","19.75","-70.55","5.0","2016-02-10","76","H,,S","90",",,S","61",",,S"
"DRM00078458","PUERTO PLATA, DR","19.75","-70.55","5.0","2016-02-11","76","H,,S","86",",,S","61",",,S"
"DRM00078458","PUERTO PLATA, DR","19.75","-70.55","5.0","2016-02-12","75","H,,S","81",",,S","63",",,S"
"DRM00078458","PUERTO PLATA, DR","19.75","-70.55","5.0","2016-02-13","74","H,,S","87",",,S","59",",,S"
"DRM00078458","PUERTO PLATA, DR","19.75","-70.55","5.0","2016-02-14","74","H,,S","87",",,S","59",",,S"
"DRM00078458","PUERTO PLATA, DR","19.75","-70.55","5.0","2016-02-15","72","H,,S","82",",,S","62",",,S"
"DRM00078458","PUERTO PLATA, DR","19.75","-70.55","5.0","2016-02-16","78","H,,S","87",",,S","60",",,S"
"DRM00078458","PUERTO PLATA, DR","19.75","-70.55","5.0","2016-02-17","75","H,,S","87",",,S","60",",,S"
"DRM00078458","PUERTO PLATA, DR","19.75","-70.55","5.0","2016-02-18","77","H,,S","90",",,S","61",",,S"
"DRM00078458","PUERTO PLATA, DR","19.75","-70.55","5.0","2016-02-19","75","H,,S","90",",,S","62",",,S"
"DRM00078458","PUERTO PLATA, DR","19.75","-70.55","5.0","2016-02-20","74","H,,S","81",",,S","60",",,S"
"DRM00078458","PUERTO PLATA, DR","19.75","-70.55","5.0","2016-02-21","73","H,,S","82",",,S","57",",,S"
"DRM00078458","PUERTO PLATA, DR","19.75","-70.55","5.0","2016-02-22","70","H,,S","81",",,S","57",",,S"
"DRM00078458","PUERTO PLATA, DR","19.75","-70.55","5.0","2016-02-23","72","H,,S","83",",,S","59",",,S"
"DRM00078458","PUERTO PLATA, DR","19.75","-70.55","5.0","2016-02-24","77","H,,S","85",",,S","60",",,S"
"DRM00078458","PUERTO PLATA, DR","19.75","-70.55","5.0","2016-02-25","78","H,,S","90",",,S","61",",,S"
"DRM00078458","PUERTO PLATA, DR","19.75","-70.55","5.0","2016-02-26","77","H,,S","89",",,S","61",",,S"
"DRM00078458","PUERTO PLATA, DR","19.75","-70.55","5.0","2016-02-27","78","H,,S","89",",,S","61",",,S"
"DRM00078458","PUERTO PLATA, DR","19.75","-70.55","5.0","2016-02-28","78","H,,S","87",",,S","63",",,S"
"DRM00078458","PUERTO PLATA, DR","19.75","-70.55","5.0","2016-02-29","75","H,,S","87",",,S","63",",,S"
"DRM00078458","PUERTO PLATA, DR","19.75","-70.55","5.0","2016-03-01","76","H,,S","86",",,S","60",",,S"
"DRM00078458","PUERTO PLATA, DR","19.75","-70.55","5.0","2016-03-02","77","H,,S","89",",,S","60",",,S"
"DRM00078458","PUERTO PLATA, DR","19.75","-70.55","5.0","2016-03-03","77","H,,S",,,,
"DRM00078458","PUERTO PLATA, DR","19.75","-70.55","5.0","2016-03-04","76","H,,S","88",",,S","60",",,S"
"DRM00078458","PUERTO PLATA, DR","19.75","-70.55","5.0","2016-03-05","75","H,,S","87",",,S","60",",,S"
"DRM00078458","PUERTO PLATA, DR","19.75","-70.55","5.0","2016-03-06","74","H,,S","85",",,S","60",",,S"
"DRM00078458","PUERTO PLATA, DR","19.75","-70.55","5.0","2016-03-07","76","H,,S","83",",,S","60",",,S"
"DRM00078458","PUERTO PLATA, DR","19.75","-70.55","5.0","2016-03-08","74","H,,S","83",",,S","61",",,S"
"DRM00078458","PUERTO PLATA, DR","19.75","-70.55","5.0","2016-03-09","76","H,,S","83",",,S","61",",,S"
"DRM00078458","PUERTO PLATA, DR","19.75","-70.55","5.0","2016-03-10","76","H,,S",,,,
"DRM00078458","PUERTO PLATA, DR","19.75","-70.55","5.0","2016-03-11","75","H,,S","85",",,S","60",",,S"
"DRM00078458","PUERTO PLATA, DR","19.75","-70.55","5.0","2016-03-12","75","H,,S","86",",,S","60",",,S"
"DRM00078458","PUERTO PLATA, DR","19.75","-70.55","5.0","2016-03-13","75","H,,S","85",",,S","59",",,S"
"DRM00078458","PUERTO PLATA, DR","19.75","-70.55","5.0","2016-03-14","75","H,,S","86",",,S","59",",,S"
"DRM00078458","PUERTO PLATA, DR","19.75","-70.55","5.0","2016-03-15","78","H,,S","88",",,S","63",",,S"
"DRM00078458","PUERTO PLATA, DR","19.75","-70.55","5.0","2016-03-16","78","H,,S","89",",,S","62",",,S"
"DRM00078458","PUERTO PLATA, DR","19.75","-70.55","5.0","2016-03-17","77","H,,S","87",",,S","60",",,S"
"DRM00078458","PUERTO PLATA, DR","19.75","-70.55","5.0","2016-03-18","74","H,,S","90",",,S","60",",,S"
"DRM00078458","PUERTO PLATA, DR","19.75","-70.55","5.0","2016-03-19","75","H,,S","90",",,S","60",",,S"
"DRM00078458","PUERTO PLATA, DR","19.75","-70.55","5.0","2016-03-20","77","H,,S","90",",,S","60",",,S"
"DRM00078458","PUERTO PLATA, DR","19.75","-70.55","5.0","2016-03-21","80","H,,S","90",",,S","60",",,S"
"DRM00078458","PUERTO PLATA, DR","19.75","-70.55","5.0","2016-03-22","80","H,,S","89",",,S","70",",,S"
"DRM00078458","PUERTO PLATA, DR","19.75","-70.55","5.0","2016-03-23","78","H,,S","89",",,S","70",",,S"
"DRM00078458","PUERTO PLATA, DR","19.75","-70.55","5.0","2016-03-24","79","H,,S","89",",,S","69",",,S"
"DRM00078458","PUERTO PLATA, DR","19.75","-70.55","5.0","2016-03-25","80","H,,S","90",",,S","69",",,S"
"DRM00078458","PUERTO PLATA, DR","19.75","-70.55","5.0","2016-03-26","78","H,,S","90",",,S","71",",,S"
"DRM00078458","PUERTO PLATA, DR","19.75","-70.55","5.0","2016-03-27","77","H,,S","87",",,S","71",",,S"
"DRM00078458","PUERTO PLATA, DR","19.75","-70.55","5.0","2016-03-28","78","H,,S","88",",,S","68",",,S"
"DRM00078458","PUERTO PLATA, DR","19.75","-70.55","5.0","2016-03-29","78","H,,S","88",",,S","68",",,S"
"DRM00078458","PUERTO PLATA, DR","19.75","-70.55","5.0","2016-03-30","78","H,,S","88",",,S","68",",,S"
"DRM00078458","PUERTO PLATA, DR","19.75","-70.55","5.0","2016-03-31","78","H,,S","90",",,S","68",",,S"
"DRM00078458","PUERTO PLATA, DR","19.75","-70.55","5.0","2016-04-01","79","H,,S","90",",,S","60",",,S"
"DRM00078458","PUERTO PLATA, DR","19.75","-70.55","5.0","2016-04-02","78","H,,S",,,,
"DRM00078458","PUERTO PLATA, DR","19.75","-70.55","5.0","2016-04-03","77","H,,S","93",",,S","69",",,S"
"DRM00078458","PUERTO PLATA, DR","19.75","-70.55","5.0","2016-04-04","80","H,,S","93",",,S","69",",,S"
"DRM00078458","PUERTO PLATA, DR","19.75","-70.55","5.0","2016-04-05","79","H,,S","90",",,S","70",",,S"
"DRM00078458","PUERTO PLATA, DR","19.75","-70.55","5.0","2016-04-06","78","H,,S","87",",,S","70",",,S"
"DRM00078458","PUERTO PLATA, DR","19.75","-70.55","5.0","2016-04-07","77","H,,S","88",",,S","70",",,S"
"DRM00078458","PUERTO PLATA, DR","19.75","-70.55","5.0","2016-04-08","79","H,,S","90",",,S","69",",,S"
"DRM00078458","PUERTO PLATA, DR","19.75","-70.55","5.0","2016-04-09","81","H,,S","93",",,S","69",",,S"
"DRM00078458","PUERTO PLATA, DR","19.75","-70.55","5.0","2016-04-10","80","H,,S","93",",,S","71",",,S"
"DRM00078458","PUERTO PLATA, DR","19.75","-70.55","5.0","2016-04-11","74","H,,S",,,,
"DRM00078458","PUERTO PLATA, DR","19.75","-70.55","5.0","2016-04-12","78","H,,S",,,,
"DRM00078458","PUERTO PLATA, DR","19.75","-70.55","5.0","2016-04-13","80","H,,S","88",",,S","72",",,S"
"DRM00078458","PUERTO PLATA, DR","19.75","-70.55","5.0","2016-04-14","77","H,,S",,,,
"DRM00078458","PUERTO PLATA, DR","19.75","-70.55","5.0","2016-04-15","74","H,,S",,,,
"DRM00078458","PUERTO PLATA, DR","19.75","-70.55","5.0","2016-04-16","78","H,,S","87",",,S","72",",,S"
"DRM00078458","PUERTO PLATA, DR","19.75","-70.55","5.0","2016-04-17","80","H,,S","88",",,S","71",",,S"
"DRM00078458","PUERTO PLATA, DR","19.75","-70.55","5.0","2016-04-18","78","H,,S","88",",,S","71",",,S"
"DRM00078458","PUERTO PLATA, DR","19.75","-70.55","5.0","2016-04-19","74","H,,S","84",",,S","69",",,S"
"DRM00078458","PUERTO PLATA, DR","19.75","-70.55","5.0","2016-04-20","72","H,,S","81",",,S","69",",,S"
"DRM00078458","PUERTO PLATA, DR","19.75","-70.55","5.0","2016-04-21","77","H,,S","85",",,S","71",",,S"
"DRM00078458","PUERTO PLATA, DR","19.75","-70.55","5.0","2016-04-22","76","H,,S","83",",,S","71",",,S"
"DRM00078458","PUERTO PLATA, DR","19.75","-70.55","5.0","2016-04-23","80","H,,S","89",",,S","71",",,S"
"DRM00078458","PUERTO PLATA, DR","19.75","-70.55","5.0","2016-04-24","78","H,,S","89",",,S","71",",,S"
"DRM00078458","PUERTO PLATA, DR","19.75","-70.55","5.0","2016-04-25","77","H,,S","87",",,S","71",",,S"
"DRM00078458","PUERTO PLATA, DR","19.75","-70.55","5.0","2016-04-26","76","H,,S",,,,
"DRM00078458","PUERTO PLATA, DR","19.75","-70.55","5.0","2016-04-27","74","H,,S","83",",,S","69",",,S"
"DRM00078458","PUERTO PLATA, DR","19.75","-70.55","5.0","2016-04-28","76","H,,S","86",",,S","69",",,S"
"DRM00078458","PUERTO PLATA, DR","19.75","-70.55","5.0","2016-04-30","75","H,,S","86",",,S","67",",,S"
"DRM00078458","PUERTO PLATA, DR","19.75","-70.55","5.0","2016-05-01","79","H,,S","86",",,S","67",",,S"
"DRM00078458","PUERTO PLATA, DR","19.75","-70.55","5.0","2016-05-02","80","H,,S","89",",,S","69",",,S"
"DRM00078458","PUERTO PLATA, DR","19.75","-70.55","5.0","2016-05-03","79","H,,S","89",",,S","69",",,S"
"DRM00078458","PUERTO PLATA, DR","19.75","-70.55","5.0","2016-05-04","79","H,,S","92",",,S","70",",,S"
"DRM00078458","PUERTO PLATA, DR","19.75","-70.55","5.0","2016-05-05","77","H,,S","92",",,S","69",",,S"
"DRM00078458","PUERTO PLATA, DR","19.75","-70.55","5.0","2016-05-06","81","H,,S","94",",,S","69",",,S"
"DRM00078458","PUERTO PLATA, DR","19.75","-70.55","5.0","2016-05-07","78","H,,S",,,,
"DRM00078458","PUERTO PLATA, DR","19.75","-70.55","5.0","2016-05-08","74","H,,S","84",",,S","67",",,S"
"DRM00078458","PUERTO PLATA, DR","19.75","-70.55","5.0","2016-05-09","76","H,,S","86",",,S","67",",,S"
"DRM00078458","PUERTO PLATA, DR","19.75","-70.55","5.0","2016-05-10","77","H,,S","86",",,S","70",",,S"
"DRM00078458","PUERTO PLATA, DR","19.75","-70.55","5.0","2016-05-11","78","H,,S","86",",,S","70",",,S"
"DRM00078458","PUERTO PLATA, DR","19.75","-70.55","5.0","2016-05-12","80","H,,S","87",",,S","71",",,S"
"DRM00078458","PUERTO PLATA, DR","19.75","-70.55","5.0","2016-05-13","80","H,,S","88",",,S","72",",,S"
"DRM00078458","PUERTO PLATA, DR","19.75","-70.55","5.0","2016-05-14","81","H,,S","92",",,S","72",",,S"
"DRM00078458","PUERTO PLATA, DR","19.75","-70.55","5.0","2016-05-15","81","H,,S","92",",,S","72",",,S"
"DRM00078458","PUERTO PLATA, DR","19.75","-70.55","5.0","2016-05-16","81","H,,S","92",",,S","74",",,S"
"DRM00078458","PUERTO PLATA, DR","19.75","-70.55","5.0","2016-05-17","80","H,,S","90",",,S","72",",,S"
"DRM00078458","PUERTO PLATA, DR","19.75","-70.55","5.0","2016-05-18","81","H,,S","91",",,S","72",",,S"
"DRM00078458","PUERTO PLATA, DR","19.75","-70.55","5.0","2016-05-19","82","H,,S","92",",,S","73",",,S"
"DRM00078458","PUERTO PLATA, DR","19.75","-70.55","5.0","2016-05-20","80","H,,S","92",",,S","74",",,S"
"DRM00078458","PUERTO PLATA, DR","19.75","-70.55","5.0","2016-05-21","81","H,,S","92",",,S","73",",,S"
"DRM00078458","PUERTO PLATA, DR","19.75","-70.55","5.0","2016-05-22","81","H,,S","92",",,S","73",",,S"
"DRM00078458","PUERTO PLATA, DR","19.75","-70.55","5.0","2016-05-23","80","H,,S",,,,
"DRM00078458","PUERTO PLATA, DR","19.75","-70.55","5.0","2016-05-24","80","H,,S",,,,
"DRM00078458","PUERTO PLATA, DR","19.75","-70.55","5.0","2016-05-25","79","H,,S","94",",,S","72",",,S"
"DRM00078458","PUERTO PLATA, DR","19.75","-70.55","5.0","2016-05-26","80","H,,S","90",",,S","72",",,S"
"DRM00078458","PUERTO PLATA, DR","19.75","-70.55","5.0","2016-05-27","79","H,,S","89",",,S","72",",,S"
"DRM00078458","PUERTO PLATA, DR","19.75","-70.55","5.0","2016-05-28","79","H,,S","90",",,S","72",",,S"
"DRM00078458","PUERTO PLATA, DR","19.75","-70.55","5.0","2016-05-29","79","H,,S","90",",,S","72",",,S"
"DRM00078458","PUERTO PLATA, DR","19.75","-70.55","5.0","2016-05-30","78","H,,S","90",",,S","72",",,S"
"DRM00078458","PUERTO PLATA, DR","19.75","-70.55","5.0","2016-05-31","76","H,,S","89",",,S","72",",,S"
"DRM00078458","PUERTO PLATA, DR","19.75","-70.55","5.0","2016-06-01","80","H,,S","92",",,S","73",",,S"
"DRM00078458","PUERTO PLATA, DR","19.75","-70.55","5.0","2016-06-02","82","H,,S","92",",,S","73",",,S"
"DRM00078458","PUERTO PLATA, DR","19.75","-70.55","5.0","2016-06-03","82","H,,S","92",",,S","72",",,S"
"DRM00078458","PUERTO PLATA, DR","19.75","-70.55","5.0","2016-06-04","77","H,,S","91",",,S","73",",,S"
"DRM00078458","PUERTO PLATA, DR","19.75","-70.55","5.0","2016-06-05","82","H,,S","92",",,S","73",",,S"
"DRM00078458","PUERTO PLATA, DR","19.75","-70.55","5.0","2016-06-06","82","H,,S","94",",,S","73",",,S"
"DRM00078458","PUERTO PLATA, DR","19.75","-70.55","5.0","2016-06-07","83","H,,S","94",",,S","73",",,S"
"DRM00078458","PUERTO PLATA, DR","19.75","-70.55","5.0","2016-06-08","83","H,,S","95",",,S","75",",,S"
"DRM00078458","PUERTO PLATA, DR","19.75","-70.55","5.0","2016-06-09","83","H,,S","94",",,S","75",",,S"
"DRM00078458","PUERTO PLATA, DR","19.75","-70.55","5.0","2016-06-10","85","H,,S","96",",,S","73",",,S"
"DRM00078458","PUERTO PLATA, DR","19.75","-70.55","5.0","2016-06-11","85","H,,S","96",",,S","73",",,S"
"DRM00078458","PUERTO PLATA, DR","19.75","-70.55","5.0","2016-06-12","83","H,,S","92",",,S","73",",,S"
"DRM00078458","PUERTO PLATA, DR","19.75","-70.55","5.0","2016-06-13","83","H,,S","90",",,S","72",",,S"
"DRM00078458","PUERTO PLATA, DR","19.75","-70.55","5.0","2016-06-14","82","H,,S","95",",,S","72",",,S"
"DRM00078458","PUERTO PLATA, DR","19.75","-70.55","5.0","2016-06-15","84","H,,S","96",",,S","74",",,S"
"DRM00078458","PUERTO PLATA, DR","19.75","-70.55","5.0","2016-06-16","83","H,,S","96",",,S","72",",,S"
"DRM00078458","PUERTO PLATA, DR","19.75","-70.55","5.0","2016-06-17","84","H,,S","94",",,S","72",",,S"
"DRM00078458","PUERTO PLATA, DR","19.75","-70.55","5.0","2016-06-18","83","H,,S","94",",,S","73",",,S"
"DRM00078458","PUERTO PLATA, DR","19.75","-70.55","5.0","2016-06-19","83","H,,S","92",",,S","73",",,S"
"DRM00078458","PUERTO PLATA, DR","19.75","-70.55","5.0","2016-06-20","82","H,,S","91",",,S","73",",,S"
"DRM00078458","PUERTO PLATA, DR","19.75","-70.55","5.0","2016-06-21","78","H,,S","90",",,S","73",",,S"
"DRM00078458","PUERTO PLATA, DR","19.75","-70.55","5.0","2016-06-22","80","H,,S","90",",,S","72",",,S"
"DRM00078458","PUERTO PLATA, DR","19.75","-70.55","5.0","2016-06-23","82","H,,S","90",",,S","72",",,S"
"DRM00078458","PUERTO PLATA, DR","19.75","-70.55","5.0","2016-06-24","81","H,,S","90",",,S","72",",,S"
"DRM00078458","PUERTO PLATA, DR","19.75","-70.55","5.0","2016-06-25","83","H,,S","92",",,S","72",",,S"
"DRM00078458","PUERTO PLATA, DR","19.75","-70.55","5.0","2016-06-26","82","H,,S","92",",,S","71",",,S"
"DRM00078458","PUERTO PLATA, DR","19.75","-70.55","5.0","2016-06-27","81","H,,S","91",",,S","71",",,S"
"DRM00078458","PUERTO PLATA, DR","19.75","-70.55","5.0","2016-06-28","85","H,,S","91",",,S","72",",,S"
"DRM00078458","PUERTO PLATA, DR","19.75","-70.55","5.0","2016-06-29","82","H,,S","91",",,S","74",",,S"
"DRM00078458","PUERTO PLATA, DR","19.75","-70.55","5.0","2016-06-30","84","H,,S",,,,
"DRM00078458","PUERTO PLATA, DR","19.75","-70.55","5.0","2016-07-01","83","H,,S","95",",,S","76",",,S"
"DRM00078458","PUERTO PLATA, DR","19.75","-70.55","5.0","2016-07-02","82","H,,S","91",",,S","76",",,S"
"DRM00078458","PUERTO PLATA, DR","19.75","-70.55","5.0","2016-07-03","84","H,,S","93",",,S","75",",,S"
"DRM00078458","PUERTO PLATA, DR","19.75","-70.55","5.0","2016-07-04","83","H,,S","94",",,S","75",",,S"
"DRM00078458","PUERTO PLATA, DR","19.75","-70.55","5.0","2016-07-05","83","H,,S","92",",,S","73",",,S"
"DRM00078458","PUERTO PLATA, DR","19.75","-70.55","5.0","2016-07-06","83","H,,S","92",",,S","73",",,S"
"DRM00078458","PUERTO PLATA, DR","19.75","-70.55","5.0","2016-07-07","84","H,,S","93",",,S","76",",,S"
"DRM00078458","PUERTO PLATA, DR","19.75","-70.55","5.0","2016-07-08","85","H,,S","93",",,S","74",",,S"
"DRM00078458","PUERTO PLATA, DR","19.75","-70.55","5.0","2016-07-09","83","H,,S","92",",,S","74",",,S"
"DRM00078458","PUERTO PLATA, DR","19.75","-70.55","5.0","2016-07-10","84","H,,S","94",",,S","73",",,S"
"DRM00078458","PUERTO PLATA, DR","19.75","-70.55","5.0","2016-07-11","85","H,,S","96",",,S","73",",,S"
"DRM00078458","PUERTO PLATA, DR","19.75","-70.55","5.0","2016-07-12","85","H,,S","96",",,S","76",",,S"
"DRM00078458","PUERTO PLATA, DR","19.75","-70.55","5.0","2016-07-13","83","H,,S","92",",,S","73",",,S"
"DRM00078458","PUERTO PLATA, DR","19.75","-70.55","5.0","2016-07-14","82","H,,S","94",",,S","70",",,S"
"DRM00078458","PUERTO PLATA, DR","19.75","-70.55","5.0","2016-07-15","83","H,,S","92",",,S","70",",,S"
"DRM00078458","PUERTO PLATA, DR","19.75","-70.55","5.0","2016-07-16","83","H,,S","93",",,S","73",",,S"
"DRM00078458","PUERTO PLATA, DR","19.75","-70.55","5.0","2016-07-17","83","H,,S","93",",,S","73",",,S"
"DRM00078458","PUERTO PLATA, DR","19.75","-70.55","5.0","2016-07-18","80","H,,S",,,,
"DRM00078458","PUERTO PLATA, DR","19.75","-70.55","5.0","2016-07-19","80","H,,S","94",",,S","65",",,S"
"DRM00078458","PUERTO PLATA, DR","19.75","-70.55","5.0","2016-07-20","82","H,,S","91",",,S","72",",,S"
"DRM00078458","PUERTO PLATA, DR","19.75","-70.55","5.0","2016-07-21","82","H,,S","91",",,S","74",",,S"
"DRM00078458","PUERTO PLATA, DR","19.75","-70.55","5.0","2016-07-22","84","H,,S","91",",,S","75",",,S"
"DRM00078458","PUERTO PLATA, DR","19.75","-70.55","5.0","2016-07-23","85","H,,S","94",",,S","75",",,S"
"DRM00078458","PUERTO PLATA, DR","19.75","-70.55","5.0","2016-07-24","82","H,,S","92",",,S","71",",,S"
"DRM00078458","PUERTO PLATA, DR","19.75","-70.55","5.0","2016-07-25","80","H,,S","92",",,S","71",",,S"
"DRM00078458","PUERTO PLATA, DR","19.75","-70.55","5.0","2016-07-26","81","H,,S",,,,
"DRM00078458","PUERTO PLATA, DR","19.75","-70.55","5.0","2016-07-27","81","H,,S","92",",,S","74",",,S"
"DRM00078458","PUERTO PLATA, DR","19.75","-70.55","5.0","2016-07-28","83","H,,S","92",",,S","74",",,S"
"DRM00078458","PUERTO PLATA, DR","19.75","-70.55","5.0","2016-07-29","82","H,,S","91",",,S","72",",,S"
"DRM00078458","PUERTO PLATA, DR","19.75","-70.55","5.0","2016-07-30","81","H,,S","92",",,S","72",",,S"
"DRM00078458","PUERTO PLATA, DR","19.75","-70.55","5.0","2016-07-31","80","H,,S","92",",,S","73",",,S"
"DRM00078458","PUERTO PLATA, DR","19.75","-70.55","5.0","2016-08-01","78","H,,S","89",",,S","73",",,S"
"DRM00078458","PUERTO PLATA, DR","19.75","-70.55","5.0","2016-08-02","80","H,,S","90",",,S","73",",,S"
"DRM00078458","PUERTO PLATA, DR","19.75","-70.55","5.0","2016-08-03","83","H,,S","90",",,S","73",",,S"
"DRM00078458","PUERTO PLATA, DR","19.75","-70.55","5.0","2016-08-04","82","H,,S","91",",,S","73",",,S"
"DRM00078458","PUERTO PLATA, DR","19.75","-70.55","5.0","2016-08-05","83","H,,S","91",",,S","74",",,S"
"DRM00078458","PUERTO PLATA, DR","19.75","-70.55","5.0","2016-08-06","79","H,,S",,,,
"DRM00078458","PUERTO PLATA, DR","19.75","-70.55","5.0","2016-08-07","82","H,,S","93",",,S","73",",,S"
"DRM00078458","PUERTO PLATA, DR","19.75","-70.55","5.0","2016-08-08","84","H,,S","93",",,S","73",",,S"
"DRM00078458","PUERTO PLATA, DR","19.75","-70.55","5.0","2016-08-09","84","H,,S","93",",,S","74",",,S"
"DRM00078458","PUERTO PLATA, DR","19.75","-70.55","5.0","2016-08-10","83","H,,S","91",",,S","73",",,S"
"DRM00078458","PUERTO PLATA, DR","19.75","-70.55","5.0","2016-08-11","82","H,,S","91",",,S","73",",,S"
"DRM00078458","PUERTO PLATA, DR","19.75","-70.55","5.0","2016-08-12","81","H,,S","90",",,S","72",",,S"
"DRM00078458","PUERTO PLATA, DR","19.75","-70.55","5.0","2016-08-13","82","H,,S","91",",,S","72",",,S"
"DRM00078458","PUERTO PLATA, DR","19.75","-70.55","5.0","2016-08-14","82","H,,S","91",",,S","74",",,S"
"DRM00078458","PUERTO PLATA, DR","19.75","-70.55","5.0","2016-08-16","83","H,,S","91",",,S","72",",,S"
"DRM00078458","PUERTO PLATA, DR","19.75","-70.55","5.0","2016-08-17","81","H,,S","91",",,S","72",",,S"
"DRM00078458","PUERTO PLATA, DR","19.75","-70.55","5.0","2016-08-18","82","H,,S","94",",,S","72",",,S"
"DRM00078458","PUERTO PLATA, DR","19.75","-70.55","5.0","2016-08-19","85","H,,S","94",",,S","73",",,S"
"DRM00078458","PUERTO PLATA, DR","19.75","-70.55","5.0","2016-08-20","83","H,,S","94",",,S","71",",,S"
"DRM00078458","PUERTO PLATA, DR","19.75","-70.55","5.0","2016-08-21","83","H,,S","94",",,S","69",",,S"
"DRM00078458","PUERTO PLATA, DR","19.75","-70.55","5.0","2016-08-22","81","H,,S","92",",,S","69",",,S"
"DRM00078458","PUERTO PLATA, DR","19.75","-70.55","5.0","2016-08-23","78","H,,S","91",",,S","74",",,S"
"DRM00078458","PUERTO PLATA, DR","19.75","-70.55","5.0","2016-08-24","80","H,,S","89",",,S","74",",,S"
"DRM00078458","PUERTO PLATA, DR","19.75","-70.55","5.0","2016-08-25","82","H,,S","90",",,S","74",",,S"
"DRM00078458","PUERTO PLATA, DR","19.75","-70.55","5.0","2016-08-26","83","H,,S",,,,
"DRM00078458","PUERTO PLATA, DR","19.75","-70.55","5.0","2016-08-27","80","H,,S","93",",,S","72",",,S"
"DRM00078458","PUERTO PLATA, DR","19.75","-70.55","5.0","2016-08-28","80","H,,S","93",",,S","71",",,S"
"DRM00078458","PUERTO PLATA, DR","19.75","-70.55","5.0","2016-08-29","81","H,,S","92",",,S","70",",,S"
"DRM00078458","PUERTO PLATA, DR","19.75","-70.55","5.0","2016-08-30","81","H,,S","94",",,S","70",",,S"
"DRM00078458","PUERTO PLATA, DR","19.75","-70.55","5.0","2016-08-31","84","H,,S","94",",,S","72",",,S"
"DRM00078458","PUERTO PLATA, DR","19.75","-70.55","5.0","2016-09-01","83","H,,S","93",",,S","75",",,S"
"DRM00078458","PUERTO PLATA, DR","19.75","-70.55","5.0","2016-09-02","82","H,,S","93",",,S","73",",,S"
"DRM00078458","PUERTO PLATA, DR","19.75","-70.55","5.0","2016-09-03","82","H,,S","93",",,S","72",",,S"
"DRM00078458","PUERTO PLATA, DR","19.75","-70.55","5.0","2016-09-04","87","H,,S","93",",,S","75",",,S"
"DRM00078458","PUERTO PLATA, DR","19.75","-70.55","5.0","2016-09-05","84","H,,S","92",",,S","75",",,S"
"DRM00078458","PUERTO PLATA, DR","19.75","-70.55","5.0","2016-09-06","79","H,,S","92",",,S","74",",,S"
"DRM00078458","PUERTO PLATA, DR","19.75","-70.55","5.0","2016-09-07","80","H,,S","90",",,S","72",",,S"
"DRM00078458","PUERTO PLATA, DR","19.75","-70.55","5.0","2016-09-08","82","H,,S","91",",,S","72",",,S"
"DRM00078458","PUERTO PLATA, DR","19.75","-70.55","5.0","2016-09-09","82","H,,S","91",",,S","71",",,S"
"DRM00078458","PUERTO PLATA, DR","19.75","-70.55","5.0","2016-09-10","82","H,,S","92",",,S","71",",,S"
"DRM00078458","PUERTO PLATA, DR","19.75","-70.55","5.0","2016-09-11","82","H,,S","92",",,S","72",",,S"
"DRM00078458","PUERTO PLATA, DR","19.75","-70.55","5.0","2016-09-12","80","H,,S","92",",,S","72",",,S"
"DRM00078458","PUERTO PLATA, DR","19.75","-70.55","5.0","2016-09-13","84","H,,S","92",",,S","72",",,S"
"DRM00078458","PUERTO PLATA, DR","19.75","-70.55","5.0","2016-09-14","81","H,,S","91",",,S","72",",,S"
"DRM00078458","PUERTO PLATA, DR","19.75","-70.55","5.0","2016-09-15","82","H,,S","91",",,S","71",",,S"
"DRM00078458","PUERTO PLATA, DR","19.75","-70.55","5.0","2016-09-16","82","H,,S","92",",,S","71",",,S"
"DRM00078458","PUERTO PLATA, DR","19.75","-70.55","5.0","2016-09-17","84","H,,S","93",",,S","72",",,S"
"DRM00078458","PUERTO PLATA, DR","19.75","-70.55","5.0","2016-09-18","81","H,,S","93",",,S","69",",,S"
"DRM00078458","PUERTO PLATA, DR","19.75","-70.55","5.0","2016-09-19","84","H,,S","94",",,S","72",",,S"
"DRM00078458","PUERTO PLATA, DR","19.75","-70.55","5.0","2016-09-20","80","H,,S","94",",,S","72",",,S"
"DRM00078458","PUERTO PLATA, DR","19.75","-70.55","5.0","2016-09-21","83","H,,S","93",",,S","72",",,S"
"DRM00078458","PUERTO PLATA, DR","19.75","-70.55","5.0","2016-09-22","79","H,,S","93",",,S","72",",,S"
"DRM00078458","PUERTO PLATA, DR","19.75","-70.55","5.0","2016-09-23","83","H,,S","94",",,S","72",",,S"
"DRM00078458","PUERTO PLATA, DR","19.75","-70.55","5.0","2016-09-24","82","H,,S","92",",,S","72",",,S"
"DRM00078458","PUERTO PLATA, DR","19.75","-70.55","5.0","2016-09-25","82","H,,S","94",",,S","71",",,S"
"DRM00078458","PUERTO PLATA, DR","19.75","-70.55","5.0","2016-09-26","82","H,,S","93",",,S","71",",,S"
"DRM00078458","PUERTO PLATA, DR","19.75","-70.55","5.0","2016-09-27","83","H,,S","93",",,S","72",",,S"
"DRM00078458","PUERTO PLATA, DR","19.75","-70.55","5.0","2016-09-28","83","H,,S","93",",,S","73",",,S"
"DRM00078458","PUERTO PLATA, DR","19.75","-70.55","5.0","2016-09-29","83","H,,S","93",",,S","73",",,S"
"DRM00078458","PUERTO PLATA, DR","19.75","-70.55","5.0","2016-09-30","80","H,,S","95",",,S","72",",,S"
"DRM00078458","PUERTO PLATA, DR","19.75","-70.55","5.0","2016-10-01","78","H,,S","90",",,S","70",",,S"
"DRM00078458","PUERTO PLATA, DR","19.75","-70.55","5.0","2016-10-02","79","H,,S","87",",,S","70",",,S"
"DRM00078458","PUERTO PLATA, DR","19.75","-70.55","5.0","2016-10-03","78","H,,S","91",",,S","71",",,S"
"DRM00078458","PUERTO PLATA, DR","19.75","-70.55","5.0","2016-10-05","82","H,,S","89",",,S","73",",,S"
"DRM00078458","PUERTO PLATA, DR","19.75","-70.55","5.0","2016-10-06","84","H,,S","96",",,S","76",",,S"
"DRM00078458","PUERTO PLATA, DR","19.75","-70.55","5.0","2016-10-07","84","H,,S","96",",,S","74",",,S"
"DRM00078458","PUERTO PLATA, DR","19.75","-70.55","5.0","2016-10-08","83","H,,S","94",",,S","73",",,S"
"DRM00078458","PUERTO PLATA, DR","19.75","-70.55","5.0","2016-10-09","82","H,,S","90",",,S","73",",,S"
"DRM00078458","PUERTO PLATA, DR","19.75","-70.55","5.0","2016-10-10","81","H,,S","90",",,S","73",",,S"
"DRM00078458","PUERTO PLATA, DR","19.75","-70.55","5.0","2016-10-11","82","H,,S","90",",,S","73",",,S"
"DRM00078458","PUERTO PLATA, DR","19.75","-70.55","5.0","2016-10-12","80","H,,S","90",",,S","73",",,S"
"DRM00078458","PUERTO PLATA, DR","19.75","-70.55","5.0","2016-10-13","81","H,,S","90",",,S","73",",,S"
"DRM00078458","PUERTO PLATA, DR","19.75","-70.55","5.0","2016-10-14","82","H,,S","93",",,S","72",",,S"
"DRM00078458","PUERTO PLATA, DR","19.75","-70.55","5.0","2016-10-15","81","H,,S","92",",,S","72",",,S"
"DRM00078458","PUERTO PLATA, DR","19.75","-70.55","5.0","2016-10-16","81","H,,S","93",",,S","71",",,S"
"DRM00078458","PUERTO PLATA, DR","19.75","-70.55","5.0","2016-10-17","82","H,,S","92",",,S","71",",,S"
"DRM00078458","PUERTO PLATA, DR","19.75","-70.55","5.0","2016-10-18","78","H,,S","90",",,S","70",",,S"
"DRM00078458","PUERTO PLATA, DR","19.75","-70.55","5.0","2016-10-19","78","H,,S","89",",,S","70",",,S"
"DRM00078458","PUERTO PLATA, DR","19.75","-70.55","5.0","2016-10-20","79","H,,S","88",",,S","73",",,S"
"DRM00078458","PUERTO PLATA, DR","19.75","-70.55","5.0","2016-10-21","81","H,,S","91",",,S","73",",,S"
"DRM00078458","PUERTO PLATA, DR","19.75","-70.55","5.0","2016-10-22","80","H,,S","89",",,S","71",",,S"
"DRM00078458","PUERTO PLATA, DR","19.75","-70.55","5.0","2016-10-23","80","H,,S","87",",,S","71",",,S"
"DRM00078458","PUERTO PLATA, DR","19.75","-70.55","5.0","2016-10-24","74","H,,S",,,,
"DRM00078458","PUERTO PLATA, DR","19.75","-70.55","5.0","2016-10-25","76","H,,S","85",",,S","72",",,S"
"DRM00078458","PUERTO PLATA, DR","19.75","-70.55","5.0","2016-10-26","76","H,,S","85",",,S","72",",,S"
"DRM00078458","PUERTO PLATA, DR","19.75","-70.55","5.0","2016-10-27","78","H,,S","85",",,S","72",",,S"
"DRM00078458","PUERTO PLATA, DR","19.75","-70.55","5.0","2016-10-28","80","H,,S","90",",,S","72",",,S"
"DRM00078458","PUERTO PLATA, DR","19.75","-70.55","5.0","2016-10-29","82","H,,S","92",",,S","72",",,S"
"DRM00078458","PUERTO PLATA, DR","19.75","-70.55","5.0","2016-10-30","80","H,,S","92",",,S","73",",,S"
"DRM00078458","PUERTO PLATA, DR","19.75","-70.55","5.0","2016-10-31","79","H,,S","88",",,S","73",",,S"
"DRM00078458","PUERTO PLATA, DR","19.75","-70.55","5.0","2016-11-01","80","H,,S",,,,
"DRM00078458","PUERTO PLATA, DR","19.75","-70.55","5.0","2016-11-02","79","H,,S","88",",,S","72",",,S"
"DRM00078458","PUERTO PLATA, DR","19.75","-70.55","5.0","2016-11-03","77","H,,S","88",",,S","72",",,S"
"DRM00078458","PUERTO PLATA, DR","19.75","-70.55","5.0","2016-11-04","78","H,,S","86",",,S","72",",,S"
"DRM00078458","PUERTO PLATA, DR","19.75","-70.55","5.0","2016-11-05","79","H,,S","88",",,S","72",",,S"
"DRM00078458","PUERTO PLATA, DR","19.75","-70.55","5.0","2016-11-06","77","H,,S","88",",,S","72",",,S"
"DRM00078458","PUERTO PLATA, DR","19.75","-70.55","5.0","2016-11-07","75","H,,S",,,,
"DRM00078458","PUERTO PLATA, DR","19.75","-70.55","5.0","2016-11-08","75","H,,S","83",",,S","72",",,S"
"DRM00078458","PUERTO PLATA, DR","19.75","-70.55","5.0","2016-11-09","76","H,,S","81",",,S","72",",,S"
"DRM00078458","PUERTO PLATA, DR","19.75","-70.55","5.0","2016-11-10","78","H,,S","85",",,S","72",",,S"
"DRM00078458","PUERTO PLATA, DR","19.75","-70.55","5.0","2016-11-11","78","H,,S","89",",,S","72",",,S"
"DRM00078458","PUERTO PLATA, DR","19.75","-70.55","5.0","2016-11-12","78","H,,S","86",",,S","72",",,S"
"DRM00078458","PUERTO PLATA, DR","19.75","-70.55","5.0","2016-11-13","78","H,,S","86",",,S","72",",,S"
"DRM00078458","PUERTO PLATA, DR","19.75","-70.55","5.0","2016-11-14","78","H,,S","82",",,S","73",",,S"
"DRM00078458","PUERTO PLATA, DR","19.75","-70.55","5.0","2016-11-15","78","H,,S","83",",,S","74",",,S"
"DRM00078458","PUERTO PLATA, DR","19.75","-70.55","5.0","2016-11-16","79","H,,S","86",",,S","73",",,S"
"DRM00078458","PUERTO PLATA, DR","19.75","-70.55","5.0","2016-11-17","79","H,,S","86",",,S","73",",,S"
"DRM00078458","PUERTO PLATA, DR","19.75","-70.55","5.0","2016-11-18","76","H,,S","86",",,S","72",",,S"
"DRM00078458","PUERTO PLATA, DR","19.75","-70.55","5.0","2016-11-19","76","H,,S","81",",,S","71",",,S"
"DRM00078458","PUERTO PLATA, DR","19.75","-70.55","5.0","2016-11-20","75","H,,S","82",",,S","67",",,S"
"DRM00078458","PUERTO PLATA, DR","19.75","-70.55","5.0","2016-11-21","77","H,,S","84",",,S","67",",,S"
"DRM00078458","PUERTO PLATA, DR","19.75","-70.55","5.0","2016-11-22","77","H,,S","84",",,S","70",",,S"
"DRM00078458","PUERTO PLATA, DR","19.75","-70.55","5.0","2016-11-23","75","H,,S","83",",,S","69",",,S"
"DRM00078458","PUERTO PLATA, DR","19.75","-70.55","5.0","2016-11-24","76","H,,S","81",",,S","69",",,S"
"DRM00078458","PUERTO PLATA, DR","19.75","-70.55","5.0","2016-11-25","77","H,,S","83",",,S","72",",,S"
"DRM00078458","PUERTO PLATA, DR","19.75","-70.55","5.0","2016-11-26","79","H,,S","90",",,S","70",",,S"
"DRM00078458","PUERTO PLATA, DR","19.75","-70.55","5.0","2016-11-27","75","H,,S","90",",,S","69",",,S"
"DRM00078458","PUERTO PLATA, DR","19.75","-70.55","5.0","2016-11-28","72","H,,S","87",",,S","65",",,S"
"DRM00078458","PUERTO PLATA, DR","19.75","-70.55","5.0","2016-11-29","73","H,,S","82",",,S","65",",,S"
"DRM00078458","PUERTO PLATA, DR","19.75","-70.55","5.0","2016-11-30","79","H,,S","86",",,S","68",",,S"
"DRM00078458","PUERTO PLATA, DR","19.75","-70.55","5.0","2016-12-01","78","H,,S","86",",,S","69",",,S"
"DRM00078458","PUERTO PLATA, DR","19.75","-70.55","5.0","2016-12-02","80","H,,S","89",",,S","72",",,S"
"DRM00078458","PUERTO PLATA, DR","19.75","-70.55","5.0","2016-12-03","78","H,,S","89",",,S","70",",,S"
"DRM00078458","PUERTO PLATA, DR","19.75","-70.55","5.0","2016-12-04","77","H,,S","87",",,S","69",",,S"
"DRM00078458","PUERTO PLATA, DR","19.75","-70.55","5.0","2016-12-05","77","H,,S","85",",,S","69",",,S"
"DRM00078458","PUERTO PLATA, DR","19.75","-70.55","5.0","2016-12-06","77","H,,S","86",",,S","71",",,S"
"DRM00078458","PUERTO PLATA, DR","19.75","-70.55","5.0","2016-12-07","79","H,,S","87",",,S","69",",,S"
"DRM00078458","PUERTO PLATA, DR","19.75","-70.55","5.0","2016-12-08","78","H,,S","87",",,S","69",",,S"
"DRM00078458","PUERTO PLATA, DR","19.75","-70.55","5.0","2016-12-09","76","H,,S","86",",,S","67",",,S"
"DRM00078458","PUERTO PLATA, DR","19.75","-70.55","5.0","2016-12-10","74","H,,S","87",",,S","67",",,S"
"DRM00078458","PUERTO PLATA, DR","19.75","-70.55","5.0","2016-12-11","75","H,,S","87",",,S","67",",,S"
"DRM00078458","PUERTO PLATA, DR","19.75","-70.55","5.0","2016-12-12","76","H,,S","87",",,S","69",",,S"
"DRM00078458","PUERTO PLATA, DR","19.75","-70.55","5.0","2016-12-13","78","H,,S","87",",,S","70",",,S"
"DRM00078458","PUERTO PLATA, DR","19.75","-70.55","5.0","2016-12-14","79","H,,S","87",",,S","70",",,S"
"DRM00078458","PUERTO PLATA, DR","19.75","-70.55","5.0","2016-12-15","76","H,,S","87",",,S","67",",,S"
"DRM00078458","PUERTO PLATA, DR","19.75","-70.55","5.0","2016-12-16","77","H,,S","88",",,S","67",",,S"
"DRM00078458","PUERTO PLATA, DR","19.75","-70.55","5.0","2016-12-17","75","H,,S","87",",,S","68",",,S"
"DRM00078458","PUERTO PLATA, DR","19.75","-70.55","5.0","2016-12-18","76","H,,S","85",",,S","68",",,S"
"DRM00078458","PUERTO PLATA, DR","19.75","-70.55","5.0","2016-12-19","78","H,,S","85",",,S","72",",,S"
"DRM00078458","PUERTO PLATA, DR","19.75","-70.55","5.0","2016-12-20","77","H,,S","84",",,S","72",",,S"
"DRM00078458","PUERTO PLATA, DR","19.75","-70.55","5.0","2016-12-21","74","H,,S","84",",,S","66",",,S"
"DRM00078458","PUERTO PLATA, DR","19.75","-70.55","5.0","2016-12-22","76","H,,S","87",",,S","66",",,S"
"DRM00078458","PUERTO PLATA, DR","19.75","-70.55","5.0","2016-12-23","75","H,,S","85",",,S","68",",,S"
"DRM00078458","PUERTO PLATA, DR","19.75","-70.55","5.0","2016-12-24","74","H,,S","84",",,S","68",",,S"
"DRM00078458","PUERTO PLATA, DR","19.75","-70.55","5.0","2016-12-25","76","H,,S","84",",,S","69",",,S"
"DRM00078458","PUERTO PLATA, DR","19.75","-70.55","5.0","2016-12-26","76","H,,S","85",",,S","69",",,S"
"DRM00078458","PUERTO PLATA, DR","19.75","-70.55","5.0","2016-12-27","77","H,,S","86",",,S","70",",,S"
"DRM00078458","PUERTO PLATA, DR","19.75","-70.55","5.0","2016-12-28","76","H,,S","84",",,S","69",",,S"
"DRM00078458","PUERTO PLATA, DR","19.75","-70.55","5.0","2016-12-29","71","H,,S",,,,
"DRM00078458","PUERTO PLATA, DR","19.75","-70.55","5.0","2016-12-30","77","H,,S",,,,
"DRM00078458","PUERTO PLATA, DR","19.75","-70.55","5.0","2016-12-31","77","H,,S","85",",,S","67",",,S"
"DRM00078458","PUERTO PLATA, DR","19.75","-70.55","5.0","2017-01-01","75","H,,S","85",",,S","70",",,S"
"DRM00078458","PUERTO PLATA, DR","19.75","-70.55","5.0","2017-01-02","76","H,,S","85",",,S","70",",,S"
"DRM00078458","PUERTO PLATA, DR","19.75","-70.55","5.0","2017-01-03","76","H,,S","87",",,S","67",",,S"
"DRM00078458","PUERTO PLATA, DR","19.75","-70.55","5.0","2017-01-04","76","H,,S","87",",,S","67",",,S"
"DRM00078458","PUERTO PLATA, DR","19.75","-70.55","5.0","2017-01-05","78","H,,S","86",",,S","67",",,S"
"DRM00078458","PUERTO PLATA, DR","19.75","-70.55","5.0","2017-01-06","76","H,,S","86",",,S","67",",,S"
"DRM00078458","PUERTO PLATA, DR","19.75","-70.55","5.0","2017-01-07","76","H,,S","87",",,S","68",",,S"
"DRM00078458","PUERTO PLATA, DR","19.75","-70.55","5.0","2017-01-08","76","H,,S","87",",,S","67",",,S"
"DRM00078458","PUERTO PLATA, DR","19.75","-70.55","5.0","2017-01-09","73","H,,S","87",",,S","67",",,S"
"DRM00078458","PUERTO PLATA, DR","19.75","-70.55","5.0","2017-01-10","72","H,,S","78",",,S","68",",,S"
"DRM00078458","PUERTO PLATA, DR","19.75","-70.55","5.0","2017-01-11","74","H,,S","81",",,S","67",",,S"
"DRM00078458","PUERTO PLATA, DR","19.75","-70.55","5.0","2017-01-12","71","H,,S","81",",,S","66",",,S"
"DRM00078458","PUERTO PLATA, DR","19.75","-70.55","5.0","2017-01-13","71","H,,S","81",",,S","63",",,S"
"DRM00078458","PUERTO PLATA, DR","19.75","-70.55","5.0","2017-01-14","76","H,,S",,,,
"DRM00078458","PUERTO PLATA, DR","19.75","-70.55","5.0","2017-01-15","73","H,,S","81",",,S","66",",,S"
"DRM00078458","PUERTO PLATA, DR","19.75","-70.55","5.0","2017-01-16","74","H,,S","84",",,S","67",",,S"
"DRM00078458","PUERTO PLATA, DR","19.75","-70.55","5.0","2017-01-17","72","H,,S","85",",,S","67",",,S"
"DRM00078458","PUERTO PLATA, DR","19.75","-70.55","5.0","2017-01-18","73","H,,S","84",",,S","65",",,S"
"DRM00078458","PUERTO PLATA, DR","19.75","-70.55","5.0","2017-01-19","74","H,,S","84",",,S","65",",,S"
"DRM00078458","PUERTO PLATA, DR","19.75","-70.55","5.0","2017-01-20","69","H,,S","82",",,S","62",",,S"
"DRM00078458","PUERTO PLATA, DR","19.75","-70.55","5.0","2017-01-21","71","H,,S","84",",,S","62",",,S"
"DRM00078458","PUERTO PLATA, DR","19.75","-70.55","5.0","2017-01-22","71","H,,S","86",",,S","63",",,S"
"DRM00078458","PUERTO PLATA, DR","19.75","-70.55","5.0","2017-01-23","75","H,,S","87",",,S","63",",,S"
"DRM00078458","PUERTO PLATA, DR","19.75","-70.55","5.0","2017-01-24","76","H,,S","89",",,S","63",",,S"
"DRM00078458","PUERTO PLATA, DR","19.75","-70.55","5.0","2017-01-25","76","H,,S","83",",,S","64",",,S"
"DRM00078458","PUERTO PLATA, DR","19.75","-70.55","5.0","2017-01-26","72","H,,S",,,,
"DRM00078458","PUERTO PLATA, DR","19.75","-70.55","5.0","2017-01-27","69","H,,S","83",",,S","63",",,S"
"DRM00078458","PUERTO PLATA, DR","19.75","-70.55","5.0","2017-01-28","73","H,,S","88",",,S","63",",,S"
"DRM00078458","PUERTO PLATA, DR","19.75","-70.55","5.0","2017-01-29","74","H,,S","86",",,S","64",",,S"
"DRM00078458","PUERTO PLATA, DR","19.75","-70.55","5.0","2017-01-30","74","H,,S","87",",,S","66",",,S"
"DRM00078458","PUERTO PLATA, DR","19.75","-70.55","5.0","2017-01-31","75","H,,S","87",",,S","66",",,S"
"DRM00078458","PUERTO PLATA, DR","19.75","-70.55","5.0","2017-02-01","78","H,,S","85",",,S","66",",,S"
"DRM00078458","PUERTO PLATA, DR","19.75","-70.55","5.0","2017-02-02","76","H,,S","87",",,S","68",",,S"
"DRM00078458","PUERTO PLATA, DR","19.75","-70.55","5.0","2017-02-03","77","H,,S","87",",,S","68",",,S"
"DRM00078458","PUERTO PLATA, DR","19.75","-70.55","5.0","2017-02-04","76","H,,S","86",",,S","69",",,S"
"DRM00078458","PUERTO PLATA, DR","19.75","-70.55","5.0","2017-02-05","74","H,,S",,,,
"DRM00078458","PUERTO PLATA, DR","19.75","-70.55","5.0","2017-02-06","75","H,,S","88",",,S","68",",,S"
"DRM00078458","PUERTO PLATA, DR","19.75","-70.55","5.0","2017-02-07","74","H,,S","86",",,S","67",",,S"
"DRM00078458","PUERTO PLATA, DR","19.75","-70.55","5.0","2017-02-08","77","H,,S","88",",,S","67",",,S"
"DRM00078458","PUERTO PLATA, DR","19.75","-70.55","5.0","2017-02-09","75","H,,S","91",",,S","66",",,S"
"DRM00078458","PUERTO PLATA, DR","19.75","-70.55","5.0","2017-02-10","75","H,,S","88",",,S","66",",,S"
"DRM00078458","PUERTO PLATA, DR","19.75","-70.55","5.0","2017-02-11","74","H,,S","84",",,S","67",",,S"
"DRM00078458","PUERTO PLATA, DR","19.75","-70.55","5.0","2017-02-12","73","H,,S","82",",,S","67",",,S"
"DRM00078458","PUERTO PLATA, DR","19.75","-70.55","5.0","2017-02-13","71","H,,S",,,,
"DRM00078458","PUERTO PLATA, DR","19.75","-70.55","5.0","2017-02-14","74","H,,S","90",",,S","67",",,S"
"DRM00078458","PUERTO PLATA, DR","19.75","-70.55","5.0","2017-02-15","76","H,,S","87",",,S","66",",,S"
"DRM00078458","PUERTO PLATA, DR","19.75","-70.55","5.0","2017-02-16","76","H,,S","88",",,S","61",",,S"
"DRM00078458","PUERTO PLATA, DR","19.75","-70.55","5.0","2017-02-17","77","H,,S","87",",,S","68",",,S"
"DRM00078458","PUERTO PLATA, DR","19.75","-70.55","5.0","2017-02-18","74","H,,S","87",",,S","68",",,S"
"DRM00078458","PUERTO PLATA, DR","19.75","-70.55","5.0","2017-02-19","74","H,,S","86",",,S","67",",,S"
"DRM00078458","PUERTO PLATA, DR","19.75","-70.55","5.0","2017-02-20","75","H,,S","88",",,S","66",",,S"
"DRM00078458","PUERTO PLATA, DR","19.75","-70.55","5.0","2017-02-21","74","H,,S","86",",,S","65",",,S"
"DRM00078458","PUERTO PLATA, DR","19.75","-70.55","5.0","2017-02-22","74","H,,S","86",",,S","65",",,S"
"DRM00078458","PUERTO PLATA, DR","19.75","-70.55","5.0","2017-02-23","74","H,,S","89",",,S","66",",,S"
"DRM00078458","PUERTO PLATA, DR","19.75","-70.55","5.0","2017-02-24","78","H,,S","91",",,S","66",",,S"
"DRM00078458","PUERTO PLATA, DR","19.75","-70.55","5.0","2017-02-25","76","H,,S","86",",,S","68",",,S"
"DRM00078458","PUERTO PLATA, DR","19.75","-70.55","5.0","2017-02-26","79","H,,S","88",",,S","67",",,S"
"DRM00078458","PUERTO PLATA, DR","19.75","-70.55","5.0","2017-02-27","75","H,,S","89",",,S","67",",,S"
"DRM00078458","PUERTO PLATA, DR","19.75","-70.55","5.0","2017-02-28","76","H,,S","85",",,S","68",",,S"
"DRM00078458","PUERTO PLATA, DR","19.75","-70.55","5.0","2017-03-01","76","H,,S","86",",,S","68",",,S"
"DRM00078458","PUERTO PLATA, DR","19.75","-70.55","5.0","2017-03-02","78","H,,S","90",",,S","69",",,S"
"DRM00078458","PUERTO PLATA, DR","19.75","-70.55","5.0","2017-03-03","78","H,,S","91",",,S","68",",,S"
"DRM00078458","PUERTO PLATA, DR","19.75","-70.55","5.0","2017-03-04","77","H,,S","86",",,S","68",",,S"
"DRM00078458","PUERTO PLATA, DR","19.75","-70.55","5.0","2017-03-05","72","H,,S","85",",,S","66",",,S"
"DRM00078458","PUERTO PLATA, DR","19.75","-70.55","5.0","2017-03-06","73","H,,S","85",",,S","68",",,S"
"DRM00078458","PUERTO PLATA, DR","19.75","-70.55","5.0","2017-03-07","70","H,,S","83",",,S","65",",,S"
"DRM00078458","PUERTO PLATA, DR","19.75","-70.55","5.0","2017-03-08","70","H,,S","79",",,S","65",",,S"
"DRM00078458","PUERTO PLATA, DR","19.75","-70.55","5.0","2017-03-09","72","H,,S","83",",,S","65",",,S"
"DRM00078458","PUERTO PLATA, DR","19.75","-70.55","5.0","2017-03-10","75","H,,S","85",",,S","65",",,S"
"DRM00078458","PUERTO PLATA, DR","19.75","-70.55","5.0","2017-03-11","75","H,,S","88",",,S","67",",,S"
"DRM00078458","PUERTO PLATA, DR","19.75","-70.55","5.0","2017-03-12","75","H,,S","88",",,S","67",",,S"
"DRM00078458","PUERTO PLATA, DR","19.75","-70.55","5.0","2017-03-13","75","H,,S","89",",,S","69",",,S"
"DRM00078458","PUERTO PLATA, DR","19.75","-70.55","5.0","2017-03-14","78","H,,S","89",",,S","68",",,S"
"DRM00078458","PUERTO PLATA, DR","19.75","-70.55","5.0","2017-03-15","78","H,,S","90",",,S","67",",,S"
"DRM00078458","PUERTO PLATA, DR","19.75","-70.55","5.0","2017-03-16","76","H,,S","87",",,S","67",",,S"
"DRM00078458","PUERTO PLATA, DR","19.75","-70.55","5.0","2017-03-17","76","H,,S","87",",,S","68",",,S"
"DRM00078458","PUERTO PLATA, DR","19.75","-70.55","5.0","2017-03-18","74","H,,S","86",",,S","67",",,S"
"DRM00078458","PUERTO PLATA, DR","19.75","-70.55","5.0","2017-03-19","77","H,,S","86",",,S","67",",,S"
"DRM00078458","PUERTO PLATA, DR","19.75","-70.55","5.0","2017-03-20","74","H,,S","86",",,S","68",",,S"
"DRM00078458","PUERTO PLATA, DR","19.75","-70.55","5.0","2017-03-21","74","H,,S","85",",,S","68",",,S"
"DRM00078458","PUERTO PLATA, DR","19.75","-70.55","5.0","2017-03-22","73","H,,S","84",",,S","69",",,S"
"DRM00078458","PUERTO PLATA, DR","19.75","-70.55","5.0","2017-03-23","71","H,,S","84",",,S","67",",,S"
"DRM00078458","PUERTO PLATA, DR","19.75","-70.55","5.0","2017-03-24","72","H,,S","83",",,S","67",",,S"
"DRM00078458","PUERTO PLATA, DR","19.75","-70.55","5.0","2017-03-25","74","H,,S","84",",,S","66",",,S"
"DRM00078458","PUERTO PLATA, DR","19.75","-70.55","5.0","2017-03-26","76","H,,S","84",",,S","66",",,S"
"DRM00078458","PUERTO PLATA, DR","19.75","-70.55","5.0","2017-03-27","76","H,,S","85",",,S","67",",,S"
"DRM00078458","PUERTO PLATA, DR","19.75","-70.55","5.0","2017-03-28","77","H,,S","85",",,S","67",",,S"
"DRM00078458","PUERTO PLATA, DR","19.75","-70.55","5.0","2017-03-29","77","H,,S","85",",,S","68",",,S"
"DRM00078458","PUERTO PLATA, DR","19.75","-70.55","5.0","2017-03-30","75","H,,S","85",",,S","68",",,S"
"DRM00078458","PUERTO PLATA, DR","19.75","-70.55","5.0","2017-03-31","74","H,,S","85",",,S","66",",,S"
"DRM00078458","PUERTO PLATA, DR","19.75","-70.55","5.0","2017-04-01","76","H,,S","88",",,S","66",",,S"
"DRM00078458","PUERTO PLATA, DR","19.75","-70.55","5.0","2017-04-02","77","H,,S","88",",,S","67",",,S"
"DRM00078458","PUERTO PLATA, DR","19.75","-70.55","5.0","2017-04-03","77","H,,S","86",",,S","69",",,S"
"DRM00078458","PUERTO PLATA, DR","19.75","-70.55","5.0","2017-04-04","78","H,,S","88",",,S","69",",,S"
"DRM00078458","PUERTO PLATA, DR","19.75","-70.55","5.0","2017-04-05","78","H,,S",,,,
"DRM00078458","PUERTO PLATA, DR","19.75","-70.55","5.0","2017-04-06","79","H,,S","91",",,S","68",",,S"
"DRM00078458","PUERTO PLATA, DR","19.75","-70.55","5.0","2017-04-07","81","H,,S","91",",,S","68",",,S"
"DRM00078458","PUERTO PLATA, DR","19.75","-70.55","5.0","2017-04-08","77","H,,S",,,,
"DRM00078458","PUERTO PLATA, DR","19.75","-70.55","5.0","2017-04-09","77","H,,S","87",",,S","69",",,S"
"DRM00078458","PUERTO PLATA, DR","19.75","-70.55","5.0","2017-04-11","75","H,,S","83",",,S","67",",,S"
"DRM00078458","PUERTO PLATA, DR","19.75","-70.55","5.0","2017-04-12","76","H,,S","84",",,S","68",",,S"
"DRM00078458","PUERTO PLATA, DR","19.75","-70.55","5.0","2017-04-13","77","H,,S","84",",,S","68",",,S"
"DRM00078458","PUERTO PLATA, DR","19.75","-70.55","5.0","2017-04-14","77","H,,S","85",",,S","68",",,S"
"DRM00078458","PUERTO PLATA, DR","19.75","-70.55","5.0","2017-04-15","76","H,,S",,,,
"DRM00078458","PUERTO PLATA, DR","19.75","-70.55","5.0","2017-04-16","76","H,,S","86",",,S","68",",,S"
"DRM00078458","PUERTO PLATA, DR","19.75","-70.55","5.0","2017-04-17","74","H,,S","86",",,S","68",",,S"
"DRM00078458","PUERTO PLATA, DR","19.75","-70.55","5.0","2017-04-18","75","H,,S","86",",,S","71",",,S"
"DRM00078458","PUERTO PLATA, DR","19.75","-70.55","5.0","2017-04-19","76","H,,S",,,,
"DRM00078458","PUERTO PLATA, DR","19.75","-70.55","5.0","2017-04-20","76","H,,S","85",",,S","71",",,S"
"DRM00078458","PUERTO PLATA, DR","19.75","-70.55","5.0","2017-04-21","75","H,,S","84",",,S","70",",,S"
"DRM00078458","PUERTO PLATA, DR","19.75","-70.55","5.0","2017-04-22","75","H,,S","84",",,S","70",",,S"
"DRM00078458","PUERTO PLATA, DR","19.75","-70.55","5.0","2017-04-23","76","H,,S","89",",,S","69",",,S"
"DRM00078458","PUERTO PLATA, DR","19.75","-70.55","5.0","2017-04-24","78","H,,S","89",",,S","69",",,S"
"DRM00078458","PUERTO PLATA, DR","19.75","-70.55","5.0","2017-04-25","77","H,,S","90",",,S","71",",,S"
"DRM00078458","PUERTO PLATA, DR","19.75","-70.55","5.0","2017-04-26","80","H,,S","91",",,S","72",",,S"
"DRM00078458","PUERTO PLATA, DR","19.75","-70.55","5.0","2017-04-27","80","H,,S","90",",,S","72",",,S"
"DRM00078458","PUERTO PLATA, DR","19.75","-70.55","5.0","2017-04-28","78","H,,S","88",",,S","73",",,S"
"DRM00078458","PUERTO PLATA, DR","19.75","-70.55","5.0","2017-04-29","73","H,,S",,,,
"DRM00078458","PUERTO PLATA, DR","19.75","-70.55","5.0","2017-04-30","75","H,,S","85",",,S","68",",,S"
"DRM00078458","PUERTO PLATA, DR","19.75","-70.55","5.0","2017-05-01","74","H,,S","84",",,S","67",",,S"
"DRM00078458","PUERTO PLATA, DR","19.75","-70.55","5.0","2017-05-02","76","H,,S","85",",,S","67",",,S"
"DRM00078458","PUERTO PLATA, DR","19.75","-70.55","5.0","2017-05-03","79","H,,S","89",",,S","69",",,S"
"DRM00078458","PUERTO PLATA, DR","19.75","-70.55","5.0","2017-05-04","77","H,,S","89",",,S","69",",,S"
"DRM00078458","PUERTO PLATA, DR","19.75","-70.55","5.0","2017-05-05","81","H,,S","90",",,S","71",",,S"
"DRM00078458","PUERTO PLATA, DR","19.75","-70.55","5.0","2017-05-06","80","H,,S","93",",,S","71",",,S"
"DRM00078458","PUERTO PLATA, DR","19.75","-70.55","5.0","2017-05-07","79","H,,S","93",",,S","72",",,S"
"DRM00078458","PUERTO PLATA, DR","19.75","-70.55","5.0","2017-05-08","76","H,,S","87",",,S","72",",,S"
"DRM00078458","PUERTO PLATA, DR","19.75","-70.55","5.0","2017-05-09","78","H,,S","85",",,S","72",",,S"
"DRM00078458","PUERTO PLATA, DR","19.75","-70.55","5.0","2017-05-10","78","H,,S","86",",,S","71",",,S"
"DRM00078458","PUERTO PLATA, DR","19.75","-70.55","5.0","2017-05-11","78","H,,S","86",",,S","70",",,S"
"DRM00078458","PUERTO PLATA, DR","19.75","-70.55","5.0","2017-05-12","80","H,,S","86",",,S","68",",,S"
"DRM00078458","PUERTO PLATA, DR","19.75","-70.55","5.0","2017-05-13","78","H,,S","87",",,S","68",",,S"
"DRM00078458","PUERTO PLATA, DR","19.75","-70.55","5.0","2017-05-14","81","H,,S","91",",,S","71",",,S"
"DRM00078458","PUERTO PLATA, DR","19.75","-70.55","5.0","2017-05-15","81","H,,S","94",",,S","72",",,S"
"DRM00078458","PUERTO PLATA, DR","19.75","-70.55","5.0","2017-05-16","77","H,,S","94",",,S","71",",,S"
"DRM00078458","PUERTO PLATA, DR","19.75","-70.55","5.0","2017-05-17","79","H,,S","89",",,S","71",",,S"
"DRM00078458","PUERTO PLATA, DR","19.75","-70.55","5.0","2017-05-18","79","H,,S","89",",,S","73",",,S"
"DRM00078458","PUERTO PLATA, DR","19.75","-70.55","5.0","2017-05-19","81","H,,S","91",",,S","73",",,S"
"DRM00078458","PUERTO PLATA, DR","19.75","-70.55","5.0","2017-05-20","78","H,,S","91",",,S","71",",,S"
"DRM00078458","PUERTO PLATA, DR","19.75","-70.55","5.0","2017-05-21","80","H,,S","90",",,S","71",",,S"
"DRM00078458","PUERTO PLATA, DR","19.75","-70.55","5.0","2017-05-22","77","H,,S","87",",,S","72",",,S"
"DRM00078458","PUERTO PLATA, DR","19.75","-70.55","5.0","2017-05-23","79","H,,S",,,,
"DRM00078458","PUERTO PLATA, DR","19.75","-70.55","5.0","2017-05-24","83","H,,S","93",",,S","72",",,S"
"DRM00078458","PUERTO PLATA, DR","19.75","-70.55","5.0","2017-05-25","87","H,,S","94",",,S","73",",,S"
"DRM00078458","PUERTO PLATA, DR","19.75","-70.55","5.0","2017-05-26","83","H,,S","94",",,S","72",",,S"
"DRM00078458","PUERTO PLATA, DR","19.75","-70.55","5.0","2017-05-27","79","H,,S","93",",,S","71",",,S"
"DRM00078458","PUERTO PLATA, DR","19.75","-70.55","5.0","2017-05-28","81","H,,S","90",",,S","71",",,S"
"DRM00078458","PUERTO PLATA, DR","19.75","-70.55","5.0","2017-05-29","81","H,,S","90",",,S","72",",,S"
"DRM00078458","PUERTO PLATA, DR","19.75","-70.55","5.0","2017-05-30","81","H,,S","92",",,S","71",",,S"
"DRM00078458","PUERTO PLATA, DR","19.75","-70.55","5.0","2017-05-31","78","H,,S","92",",,S","71",",,S"
"DRM00078458","PUERTO PLATA, DR","19.75","-70.55","5.0","2017-06-01","79","H,,S","88",",,S","71",",,S"
"DRM00078458","PUERTO PLATA, DR","19.75","-70.55","5.0","2017-06-02","80","H,,S","88",",,S","72",",,S"
"DRM00078458","PUERTO PLATA, DR","19.75","-70.55","5.0","2017-06-03","82","H,,S","92",",,S","72",",,S"
"DRM00078458","PUERTO PLATA, DR","19.75","-70.55","5.0","2017-06-04","82","H,,S","95",",,S","72",",,S"
"DRM00078458","PUERTO PLATA, DR","19.75","-70.55","5.0","2017-06-05","81","H,,S","95",",,S","72",",,S"
"DRM00078458","PUERTO PLATA, DR","19.75","-70.55","5.0","2017-06-06","84","H,,S","95",",,S","73",",,S"
"DRM00078458","PUERTO PLATA, DR","19.75","-70.55","5.0","2017-06-07","81","H,,S","96",",,S","72",",,S"
"DRM00078458","PUERTO PLATA, DR","19.75","-70.55","5.0","2017-06-08","82","H,,S","92",",,S","72",",,S"
"DRM00078458","PUERTO PLATA, DR","19.75","-70.55","5.0","2017-06-09","82","H,,S","94",",,S","72",",,S"
"DRM00078458","PUERTO PLATA, DR","19.75","-70.55","5.0","2017-06-10","83","H,,S","94",",,S","73",",,S"
"DRM00078458","PUERTO PLATA, DR","19.75","-70.55","5.0","2017-06-11","81","H,,S","92",",,S","73",",,S"
"DRM00078458","PUERTO PLATA, DR","19.75","-70.55","5.0","2017-06-12","81","H,,S","91",",,S","74",",,S"
"DRM00078458","PUERTO PLATA, DR","19.75","-70.55","5.0","2017-06-13","80","H,,S","90",",,S","73",",,S"
"DRM00078458","PUERTO PLATA, DR","19.75","-70.55","5.0","2017-06-14","82","H,,S","91",",,S","73",",,S"
"DRM00078458","PUERTO PLATA, DR","19.75","-70.55","5.0","2017-06-15","82","H,,S","92",",,S","75",",,S"
"DRM00078458","PUERTO PLATA, DR","19.75","-70.55","5.0","2017-06-16","80","H,,S","92",",,S","74",",,S"
"DRM00078458","PUERTO PLATA, DR","19.75","-70.55","5.0","2017-06-17","79","H,,S","90",",,S","71",",,S"
"DRM00078458","PUERTO PLATA, DR","19.75","-70.55","5.0","2017-06-18","81","H,,S","91",",,S","71",",,S"
"DRM00078458","PUERTO PLATA, DR","19.75","-70.55","5.0","2017-06-19","81","H,,S","91",",,S","73",",,S"
"DRM00078458","PUERTO PLATA, DR","19.75","-70.55","5.0","2017-06-20","81","H,,S","89",",,S","73",",,S"
"DRM00078458","PUERTO PLATA, DR","19.75","-70.55","5.0","2017-06-21","78","H,,S","89",",,S","73",",,S"
"DRM00078458","PUERTO PLATA, DR","19.75","-70.55","5.0","2017-06-22","79","H,,S","89",",,S","73",",,S"
"DRM00078458","PUERTO PLATA, DR","19.75","-70.55","5.0","2017-06-23","79","H,,S","91",",,S","73",",,S"
"DRM00078458","PUERTO PLATA, DR","19.75","-70.55","5.0","2017-06-24","80","H,,S","90",",,S","72",",,S"
"DRM00078458","PUERTO PLATA, DR","19.75","-70.55","5.0","2017-06-25","78","H,,S","90",",,S","70",",,S"
"DRM00078458","PUERTO PLATA, DR","19.75","-70.55","5.0","2017-06-26","82","H,,S","90",",,S","70",",,S"
"DRM00078458","PUERTO PLATA, DR","19.75","-70.55","5.0","2017-06-27","80","H,,S","90",",,S","74",",,S"
"DRM00078458","PUERTO PLATA, DR","19.75","-70.55","5.0","2017-06-28","83","H,,S","90",",,S","75",",,S"
"DRM00078458","PUERTO PLATA, DR","19.75","-70.55","5.0","2017-06-29","83","H,,S","90",",,S","74",",,S"
"DRM00078458","PUERTO PLATA, DR","19.75","-70.55","5.0","2017-06-30","82","H,,S","90",",,S","74",",,S"
"DRM00078458","PUERTO PLATA, DR","19.75","-70.55","5.0","2017-07-01","79","H,,S","91",",,S","71",",,S"
"DRM00078458","PUERTO PLATA, DR","19.75","-70.55","5.0","2017-07-02","80","H,,S","93",",,S","71",",,S"
"DRM00078458","PUERTO PLATA, DR","19.75","-70.55","5.0","2017-07-03","82","H,,S","90",",,S","73",",,S"
"DRM00078458","PUERTO PLATA, DR","19.75","-70.55","5.0","2017-07-04","82","H,,S","91",",,S","73",",,S"
"DRM00078458","PUERTO PLATA, DR","19.75","-70.55","5.0","2017-07-05","78","H,,S","92",",,S","74",",,S"
"DRM00078458","PUERTO PLATA, DR","19.75","-70.55","5.0","2017-07-06","82","H,,S","91",",,S","73",",,S"
"DRM00078458","PUERTO PLATA, DR","19.75","-70.55","5.0","2017-07-07","80","H,,S","91",",,S","73",",,S"
"DRM00078458","PUERTO PLATA, DR","19.75","-70.55","5.0","2017-07-08","81","H,,S","91",",,S","73",",,S"
"DRM00078458","PUERTO PLATA, DR","19.75","-70.55","5.0","2017-07-09","81","H,,S","90",",,S","73",",,S"
"DRM00078458","PUERTO PLATA, DR","19.75","-70.55","5.0","2017-07-10","79","H,,S","90",",,S","73",",,S"
"DRM00078458","PUERTO PLATA, DR","19.75","-70.55","5.0","2017-07-11","80","H,,S","87",",,S","73",",,S"
"DRM00078458","PUERTO PLATA, DR","19.75","-70.55","5.0","2017-07-12","81","H,,S","92",",,S","74",",,S"
"DRM00078458","PUERTO PLATA, DR","19.75","-70.55","5.0","2017-07-13","80","H,,S","92",",,S","74",",,S"
"DRM00078458","PUERTO PLATA, DR","19.75","-70.55","5.0","2017-07-14","82","H,,S","93",",,S","74",",,S"
"DRM00078458","PUERTO PLATA, DR","19.75","-70.55","5.0","2017-07-15","82","H,,S","93",",,S","73",",,S"
"DRM00078458","PUERTO PLATA, DR","19.75","-70.55","5.0","2017-07-16","82","H,,S","92",",,S","73",",,S"
"DRM00078458","PUERTO PLATA, DR","19.75","-70.55","5.0","2017-07-17","83","H,,S","92",",,S","74",",,S"
"DRM00078458","PUERTO PLATA, DR","19.75","-70.55","5.0","2017-07-18","82","H,,S","92",",,S","74",",,S"
"DRM00078458","PUERTO PLATA, DR","19.75","-70.55","5.0","2017-07-19","82","H,,S","93",",,S","74",",,S"
"DRM00078458","PUERTO PLATA, DR","19.75","-70.55","5.0","2017-07-20","83","H,,S","95",",,S","76",",,S"
"DRM00078458","PUERTO PLATA, DR","19.75","-70.55","5.0","2017-07-21","80","H,,S","92",",,S","74",",,S"
"DRM00078458","PUERTO PLATA, DR","19.75","-70.55","5.0","2017-07-22","81","H,,S","91",",,S","72",",,S"
"DRM00078458","PUERTO PLATA, DR","19.75","-70.55","5.0","2017-07-23","82","H,,S","91",",,S","72",",,S"
"DRM00078458","PUERTO PLATA, DR","19.75","-70.55","5.0","2017-07-24","83","H,,S","92",",,S","74",",,S"
"DRM00078458","PUERTO PLATA, DR","19.75","-70.55","5.0","2017-07-25","83","H,,S","93",",,S","75",",,S"
"DRM00078458","PUERTO PLATA, DR","19.75","-70.55","5.0","2017-07-26","82","H,,S","93",",,S","74",",,S"
"DRM00078458","PUERTO PLATA, DR","19.75","-70.55","5.0","2017-07-27","82","H,,S","93",",,S","74",",,S"
"DRM00078458","PUERTO PLATA, DR","19.75","-70.55","5.0","2017-07-28","83","H,,S","95",",,S","75",",,S"
"DRM00078458","PUERTO PLATA, DR","19.75","-70.55","5.0","2017-07-29","84","H,,S","95",",,S","75",",,S"
"DRM00078458","PUERTO PLATA, DR","19.75","-70.55","5.0","2017-07-30","84","H,,S","97",",,S","75",",,S"
"DRM00078458","PUERTO PLATA, DR","19.75","-70.55","5.0","2017-07-31","84","H,,S","97",",,S","75",",,S"
"DRM00078458","PUERTO PLATA, DR","19.75","-70.55","5.0","2017-08-01","83","H,,S","95",",,S","75",",,S"
"DRM00078458","PUERTO PLATA, DR","19.75","-70.55","5.0","2017-08-02","84","H,,S","96",",,S","75",",,S"
"DRM00078458","PUERTO PLATA, DR","19.75","-70.55","5.0","2017-08-03","83","H,,S","94",",,S","75",",,S"
"DRM00078458","PUERTO PLATA, DR","19.75","-70.55","5.0","2017-08-04","84","H,,S","94",",,S","76",",,S"
"DRM00078458","PUERTO PLATA, DR","19.75","-70.55","5.0","2017-08-05","82","H,,S","93",",,S","75",",,S"
"DRM00078458","PUERTO PLATA, DR","19.75","-70.55","5.0","2017-08-06","83","H,,S","95",",,S","75",",,S"
"DRM00078458","PUERTO PLATA, DR","19.75","-70.55","5.0","2017-08-07","80","H,,S","92",",,S","74",",,S"
"DRM00078458","PUERTO PLATA, DR","19.75","-70.55","5.0","2017-08-08","81","H,,S","95",",,S","73",",,S"
"DRM00078458","PUERTO PLATA, DR","19.75","-70.55","5.0","2017-08-09","83","H,,S","95",",,S","73",",,S"
"DRM00078458","PUERTO PLATA, DR","19.75","-70.55","5.0","2017-08-10","83","H,,S","94",",,S","73",",,S"
"DRM00078458","PUERTO PLATA, DR","19.75","-70.55","5.0","2017-08-11","83","H,,S","92",",,S","75",",,S"
"DRM00078458","PUERTO PLATA, DR","19.75","-70.55","5.0","2017-08-12","81","H,,S","91",",,S","73",",,S"
"DRM00078458","PUERTO PLATA, DR","19.75","-70.55","5.0","2017-08-13","80","H,,S","96",",,S","72",",,S"
"DRM00078458","PUERTO PLATA, DR","19.75","-70.55","5.0","2017-08-14","83","H,,S","96",",,S","73",",,S"
"DRM00078458","PUERTO PLATA, DR","19.75","-70.55","5.0","2017-08-15","82","H,,S","94",",,S","74",",,S"
"DRM00078458","PUERTO PLATA, DR","19.75","-70.55","5.0","2017-08-16","83","H,,S","93",",,S","76",",,S"
"DRM00078458","PUERTO PLATA, DR","19.75","-70.55","5.0","2017-08-17","80","H,,S","93",",,S","73",",,S"
"DRM00078458","PUERTO PLATA, DR","19.75","-70.55","5.0","2017-08-18","78","H,,S","91",",,S","73",",,S"
"DRM00078458","PUERTO PLATA, DR","19.75","-70.55","5.0","2017-08-19","83","H,,S","92",",,S","73",",,S"
"DRM00078458","PUERTO PLATA, DR","19.75","-70.55","5.0","2017-08-20","81","H,,S","92",",,S","74",",,S"
"DRM00078458","PUERTO PLATA, DR","19.75","-70.55","5.0","2017-08-21","80","H,,S","89",",,S","75",",,S"
"DRM00078458","PUERTO PLATA, DR","19.75","-70.55","5.0","2017-08-22","82","H,,S","90",",,S","75",",,S"
"DRM00078458","PUERTO PLATA, DR","19.75","-70.55","5.0","2017-08-23","84","H,,S","92",",,S","74",",,S"
"DRM00078458","PUERTO PLATA, DR","19.75","-70.55","5.0","2017-08-24","83","H,,S","93",",,S","74",",,S"
"DRM00078458","PUERTO PLATA, DR","19.75","-70.55","5.0","2017-08-25","84","H,,S","94",",,S","74",",,S"
"DRM00078458","PUERTO PLATA, DR","19.75","-70.55","5.0","2017-08-26","84","H,,S","92",",,S","76",",,S"
"DRM00078458","PUERTO PLATA, DR","19.75","-70.55","5.0","2017-08-27","83","H,,S","92",",,S","75",",,S"
"DRM00078458","PUERTO PLATA, DR","19.75","-70.55","5.0","2017-08-28","82","H,,S","95",",,S","75",",,S"
"DRM00078458","PUERTO PLATA, DR","19.75","-70.55","5.0","2017-08-29","82","H,,S","95",",,S","74",",,S"
"DRM00078458","PUERTO PLATA, DR","19.75","-70.55","5.0","2017-08-30","84","H,,S","98",",,S","74",",,S"
"DRM00078458","PUERTO PLATA, DR","19.75","-70.55","5.0","2017-08-31","83","H,,S","98",",,S","75",",,S"
"DRM00078458","PUERTO PLATA, DR","19.75","-70.55","5.0","2017-09-01","83","H,,S","94",",,S","74",",,S"
"DRM00078458","PUERTO PLATA, DR","19.75","-70.55","5.0","2017-09-02","83","H,,S","94",",,S","74",",,S"
"DRM00078458","PUERTO PLATA, DR","19.75","-70.55","5.0","2017-09-03","83","H,,S","94",",,S","74",",,S"
"DRM00078458","PUERTO PLATA, DR","19.75","-70.55","5.0","2017-09-04","82","H,,S","95",",,S","75",",,S"
"DRM00078458","PUERTO PLATA, DR","19.75","-70.55","5.0","2017-09-05","82","H,,S","93",",,S","74",",,S"
"DRM00078458","PUERTO PLATA, DR","19.75","-70.55","5.0","2017-09-06","82","H,,S","92",",,S","74",",,S"
"DRM00078458","PUERTO PLATA, DR","19.75","-70.55","5.0","2017-09-07","80","H,,S","93",",,S","73",",,S"
"DRM00078458","PUERTO PLATA, DR","19.75","-70.55","5.0","2017-09-08","86","H,,S","95",",,S","73",",,S"
"DRM00078458","PUERTO PLATA, DR","19.75","-70.55","5.0","2017-09-09","84","H,,S","95",",,S","76",",,S"
"DRM00078458","PUERTO PLATA, DR","19.75","-70.55","5.0","2017-09-10","83","H,,S","95",",,S","76",",,S"
"DRM00078458","PUERTO PLATA, DR","19.75","-70.55","5.0","2017-09-11","83","H,,S","91",",,S","75",",,S"
"DRM00078458","PUERTO PLATA, DR","19.75","-70.55","5.0","2017-09-12","81","H,,S","92",",,S","75",",,S"
"DRM00078458","PUERTO PLATA, DR","19.75","-70.55","5.0","2017-09-13","84","H,,S","92",",,S","75",",,S"
"DRM00078458","PUERTO PLATA, DR","19.75","-70.55","5.0","2017-09-14","83","H,,S","92",",,S","75",",,S"
"DRM00078458","PUERTO PLATA, DR","19.75","-70.55","5.0","2017-09-15","81","H,,S","93",",,S","74",",,S"
"DRM00078458","PUERTO PLATA, DR","19.75","-70.55","5.0","2017-09-16","81","H,,S","91",",,S","74",",,S"
"DRM00078458","PUERTO PLATA, DR","19.75","-70.55","5.0","2017-09-17","82","H,,S","94",",,S","74",",,S"
"DRM00078458","PUERTO PLATA, DR","19.75","-70.55","5.0","2017-09-18","77","H,,S","91",",,S","72",",,S"
"DRM00078458","PUERTO PLATA, DR","19.75","-70.55","5.0","2017-09-19","82","H,,S","91",",,S","72",",,S"
"DRM00078458","PUERTO PLATA, DR","19.75","-70.55","5.0","2017-09-20","82","H,,S","92",",,S","75",",,S"
"DRM00078458","PUERTO PLATA, DR","19.75","-70.55","5.0","2017-09-21","80","H,,S","90",",,S","74",",,S"
"DRM00078458","PUERTO PLATA, DR","19.75","-70.55","5.0","2017-09-22","82","H,,S","91",",,S","75",",,S"
"DRM00078458","PUERTO PLATA, DR","19.75","-70.55","5.0","2017-09-23","82","H,,S","95",",,S","75",",,S"
"DRM00078458","PUERTO PLATA, DR","19.75","-70.55","5.0","2017-09-24","82","H,,S","95",",,S","74",",,S"
"DRM00078458","PUERTO PLATA, DR","19.75","-70.55","5.0","2017-09-25","82","H,,S","94",",,S","74",",,S"
"DRM00078458","PUERTO PLATA, DR","19.75","-70.55","5.0","2017-09-26","82","H,,S","95",",,S","74",",,S"
"DRM00078458","PUERTO PLATA, DR","19.75","-70.55","5.0","2017-09-27","82","H,,S","95",",,S","75",",,S"
"DRM00078458","PUERTO PLATA, DR","19.75","-70.55","5.0","2017-09-28","83","H,,S","93",",,S","73",",,S"
"DRM00078458","PUERTO PLATA, DR","19.75","-70.55","5.0","2017-09-29","81","H,,S","93",",,S","73",",,S"
"DRM00078458","PUERTO PLATA, DR","19.75","-70.55","5.0","2017-09-30","81","H,,S","90",",,S","74",",,S"
"DRM00078458","PUERTO PLATA, DR","19.75","-70.55","5.0","2017-10-01","81","H,,S","94",",,S","73",",,S"
"DRM00078458","PUERTO PLATA, DR","19.75","-70.55","5.0","2017-10-02","80","H,,S","89",",,S","73",",,S"
"DRM00078458","PUERTO PLATA, DR","19.75","-70.55","5.0","2017-10-03","83","H,,S","94",",,S","73",",,S"
"DRM00078458","PUERTO PLATA, DR","19.75","-70.55","5.0","2017-10-04","81","H,,S","93",",,S","73",",,S"
"DRM00078458","PUERTO PLATA, DR","19.75","-70.55","5.0","2017-10-05","81","H,,S","92",",,S","73",",,S"
"DRM00078458","PUERTO PLATA, DR","19.75","-70.55","5.0","2017-10-06","81","H,,S","92",",,S","73",",,S"
"DRM00078458","PUERTO PLATA, DR","19.75","-70.55","5.0","2017-10-07","79","H,,S",,,,
"DRM00078458","PUERTO PLATA, DR","19.75","-70.55","5.0","2017-10-08","80","H,,S","91",",,S","74",",,S"
"DRM00078458","PUERTO PLATA, DR","19.75","-70.55","5.0","2017-10-09","77","H,,S",,,,
"DRM00078458","PUERTO PLATA, DR","19.75","-70.55","5.0","2017-10-10","78","H,,S","86",",,S","72",",,S"
"DRM00078458","PUERTO PLATA, DR","19.75","-70.55","5.0","2017-10-11","79","H,,S","88",",,S","71",",,S"
"DRM00078458","PUERTO PLATA, DR","19.75","-70.55","5.0","2017-10-12","79","H,,S","89",",,S","71",",,S"
"DRM00078458","PUERTO PLATA, DR","19.75","-70.55","5.0","2017-10-13","80","H,,S","91",",,S","73",",,S"
"DRM00078458","PUERTO PLATA, DR","19.75","-70.55","5.0","2017-10-14","80","H,,S","91",",,S","74",",,S"
"DRM00078458","PUERTO PLATA, DR","19.75","-70.55","5.0","2017-10-15","80","H,,S","88",",,S","74",",,S"
"DRM00078458","PUERTO PLATA, DR","19.75","-70.55","5.0","2017-10-16","81","H,,S","91",",,S","74",",,S"
"DRM00078458","PUERTO PLATA, DR","19.75","-70.55","5.0","2017-10-17","81","H,,S","93",",,S","75",",,S"
"DRM00078458","PUERTO PLATA, DR","19.75","-70.55","5.0","2017-10-18","83","H,,S","93",",,S","74",",,S"
"DRM00078458","PUERTO PLATA, DR","19.75","-70.55","5.0","2017-10-19","82","H,,S","92",",,S","74",",,S"
"DRM00078458","PUERTO PLATA, DR","19.75","-70.55","5.0","2017-10-20","81","H,,S","93",",,S","73",",,S"
"DRM00078458","PUERTO PLATA, DR","19.75","-70.55","5.0","2017-10-21","82","H,,S","93",",,S","73",",,S"
"DRM00078458","PUERTO PLATA, DR","19.75","-70.55","5.0","2017-10-22","80","H,,S","92",",,S","72",",,S"
"DRM00078458","PUERTO PLATA, DR","19.75","-70.55","5.0","2017-10-23","79","H,,S","89",",,S","72",",,S"
"DRM00078458","PUERTO PLATA, DR","19.75","-70.55","5.0","2017-10-24","81","H,,S","90",",,S","71",",,S"
"DRM00078458","PUERTO PLATA, DR","19.75","-70.55","5.0","2017-10-25","80","H,,S","92",",,S","70",",,S"
"DRM00078458","PUERTO PLATA, DR","19.75","-70.55","5.0","2017-10-26","80","H,,S","94",",,S","70",",,S"
"DRM00078458","PUERTO PLATA, DR","19.75","-70.55","5.0","2017-10-27","80","H,,S","94",",,S","72",",,S"
"DRM00078458","PUERTO PLATA, DR","19.75","-70.55","5.0","2017-10-28","80","H,,S","91",",,S","72",",,S"
"DRM00078458","PUERTO PLATA, DR","19.75","-70.55","5.0","2017-10-29","80","H,,S","91",",,S","72",",,S"
"DRM00078458","PUERTO PLATA, DR","19.75","-70.55","5.0","2017-10-30","81","H,,S","91",",,S","72",",,S"
"DRM00078458","PUERTO PLATA, DR","19.75","-70.55","5.0","2017-10-31","81","H,,S","90",",,S","73",",,S"
"DRM00078458","PUERTO PLATA, DR","19.75","-70.55","5.0","2017-11-01","80","H,,S","90",",,S","73",",,S"
"DRM00078458","PUERTO PLATA, DR","19.75","-70.55","5.0","2017-11-02","78","H,,S","89",",,S","72",",,S"
"DRM00078458","PUERTO PLATA, DR","19.75","-70.55","5.0","2017-11-03","80","H,,S","89",",,S","72",",,S"
"DRM00078458","PUERTO PLATA, DR","19.75","-70.55","5.0","2017-11-04","79","H,,S","90",",,S","72",",,S"
"DRM00078458","PUERTO PLATA, DR","19.75","-70.55","5.0","2017-11-05","80","H,,S","91",",,S","72",",,S"
"DRM00078458","PUERTO PLATA, DR","19.75","-70.55","5.0","2017-11-06","78","H,,S","91",",,S","72",",,S"
"DRM00078458","PUERTO PLATA, DR","19.75","-70.55","5.0","2017-11-07","76","H,,S","89",",,S","72",",,S"
"DRM00078458","PUERTO PLATA, DR","19.75","-70.55","5.0","2017-11-08","78","H,,S","90",",,S","72",",,S"
"DRM00078458","PUERTO PLATA, DR","19.75","-70.55","5.0","2017-11-09","76","H,,S",,,,
"DRM00078458","PUERTO PLATA, DR","19.75","-70.55","5.0","2017-11-10","80","H,,S","89",",,S","73",",,S"
"DRM00078458","PUERTO PLATA, DR","19.75","-70.55","5.0","2017-11-11","78","H,,S","89",",,S","72",",,S"
"DRM00078458","PUERTO PLATA, DR","19.75","-70.55","5.0","2017-11-12","77","H,,S","88",",,S","71",",,S"
"DRM00078458","PUERTO PLATA, DR","19.75","-70.55","5.0","2017-11-13","79","H,,S","88",",,S","71",",,S"
"DRM00078458","PUERTO PLATA, DR","19.75","-70.55","5.0","2017-11-15","77","H,,S","90",",,S","73",",,S"
"DRM00078458","PUERTO PLATA, DR","19.75","-70.55","5.0","2017-11-16","78","H,,S","85",",,S","73",",,S"
"DRM00078458","PUERTO PLATA, DR","19.75","-70.55","5.0","2017-11-17","80","H,,S","87",",,S","73",",,S"
"DRM00078458","PUERTO PLATA, DR","19.75","-70.55","5.0","2017-11-18","75","H,,S",,,,
"DRM00078458","PUERTO PLATA, DR","19.75","-70.55","5.0","2017-11-19","76","H,,S","89",",,S","71",",,S"
"DRM00078458","PUERTO PLATA, DR","19.75","-70.55","5.0","2017-11-20","76","H,,S","86",",,S","72",",,S"
"DRM00078458","PUERTO PLATA, DR","19.75","-70.55","5.0","2017-11-21","78","H,,S","90",",,S","71",",,S"
"DRM00078458","PUERTO PLATA, DR","19.75","-70.55","5.0","2017-11-22","74","H,,S","90",",,S","69",",,S"
"DRM00078458","PUERTO PLATA, DR","19.75","-70.55","5.0","2017-11-23","77","H,,S","90",",,S","69",",,S"
"DRM00078458","PUERTO PLATA, DR","19.75","-70.55","5.0","2017-11-24","77","H,,S","88",",,S","69",",,S"
"DRM00078458","PUERTO PLATA, DR","19.75","-70.55","5.0","2017-11-25","79","H,,S","92",",,S","69",",,S"
"DRM00078458","PUERTO PLATA, DR","19.75","-70.55","5.0","2017-11-26","80","H,,S","92",",,S","72",",,S"
"DRM00078458","PUERTO PLATA, DR","19.75","-70.55","5.0","2017-11-27","80","H,,S","92",",,S","72",",,S"
"DRM00078458","PUERTO PLATA, DR","19.75","-70.55","5.0","2017-11-28","80","H,,S","89",",,S","71",",,S"
"DRM00078458","PUERTO PLATA, DR","19.75","-70.55","5.0","2017-11-29","78","H,,S","89",",,S","69",",,S"
"DRM00078458","PUERTO PLATA, DR","19.75","-70.55","5.0","2017-11-30","78","H,,S","89",",,S","71",",,S"
"DRM00078458","PUERTO PLATA, DR","19.75","-70.55","5.0","2017-12-01","76","H,,S","86",",,S","71",",,S"
"DRM00078458","PUERTO PLATA, DR","19.75","-70.55","5.0","2017-12-02","78","H,,S","86",",,S","71",",,S"
"DRM00078458","PUERTO PLATA, DR","19.75","-70.55","5.0","2017-12-03","75","H,,S","85",",,S","70",",,S"
"DRM00078458","PUERTO PLATA, DR","19.75","-70.55","5.0","2017-12-04","77","H,,S","85",",,S","70",",,S"
"DRM00078458","PUERTO PLATA, DR","19.75","-70.55","5.0","2017-12-05","77","H,,S","85",",,S","70",",,S"
"DRM00078458","PUERTO PLATA, DR","19.75","-70.55","5.0","2017-12-06","77","H,,S","89",",,S","71",",,S"
"DRM00078458","PUERTO PLATA, DR","19.75","-70.55","5.0","2017-12-07","78","H,,S","86",",,S","72",",,S"
"DRM00078458","PUERTO PLATA, DR","19.75","-70.55","5.0","2017-12-08","75","H,,S","87",",,S","66",",,S"
"DRM00078458","PUERTO PLATA, DR","19.75","-70.55","5.0","2017-12-09","78","H,,S","90",",,S","66",",,S"
"DRM00078458","PUERTO PLATA, DR","19.75","-70.55","5.0","2017-12-10","78","H,,S","90",",,S","68",",,S"
"DRM00078458","PUERTO PLATA, DR","19.75","-70.55","5.0","2017-12-11","77","H,,S","88",",,S","68",",,S"
"DRM00078458","PUERTO PLATA, DR","19.75","-70.55","5.0","2017-12-12","76","H,,S","87",",,S","66",",,S"
"DRM00078458","PUERTO PLATA, DR","19.75","-70.55","5.0","2017-12-13","78","H,,S","89",",,S","66",",,S"
"DRM00078458","PUERTO PLATA, DR","19.75","-70.55","5.0","2017-12-14","75","H,,S","86",",,S","69",",,S"
"DRM00078458","PUERTO PLATA, DR","19.75","-70.55","5.0","2017-12-15","80","H,,S","87",",,S","69",",,S"
"DRM00078458","PUERTO PLATA, DR","19.75","-70.55","5.0","2017-12-16","76","H,,S","88",",,S","70",",,S"
"DRM00078458","PUERTO PLATA, DR","19.75","-70.55","5.0","2017-12-17","76","H,,S","87",",,S","68",",,S"
"DRM00078458","PUERTO PLATA, DR","19.75","-70.55","5.0","2017-12-18","76","H,,S","86",",,S","68",",,S"
"DRM00078458","PUERTO PLATA, DR","19.75","-70.55","5.0","2017-12-19","76","H,,S","86",",,S","68",",,S"
"DRM00078458","PUERTO PLATA, DR","19.75","-70.55","5.0","2017-12-20","78","H,,S","85",",,S","70",",,S"
"DRM00078458","PUERTO PLATA, DR","19.75","-70.55","5.0","2017-12-21","73","H,,S","85",",,S","67",",,S"
"DRM00078458","PUERTO PLATA, DR","19.75","-70.55","5.0","2017-12-22","74","H,,S","85",",,S","67",",,S"
"DRM00078458","PUERTO PLATA, DR","19.75","-70.55","5.0","2017-12-23","76","H,,S","84",",,S","68",",,S"
"DRM00078458","PUERTO PLATA, DR","19.75","-70.55","5.0","2017-12-24","75","H,,S","83",",,S","69",",,S"
"DRM00078458","PUERTO PLATA, DR","19.75","-70.55","5.0","2017-12-25","76","H,,S","85",",,S","69",",,S"
"DRM00078458","PUERTO PLATA, DR","19.75","-70.55","5.0","2017-12-26","75","H,,S","85",",,S","68",",,S"
"DRM00078458","PUERTO PLATA, DR","19.75","-70.55","5.0","2017-12-27","75","H,,S","85",",,S","68",",,S"
"DRM00078458","PUERTO PLATA, DR","19.75","-70.55","5.0","2017-12-28","78","H,,S","86",",,S","68",",,S"
"DRM00078458","PUERTO PLATA, DR","19.75","-70.55","5.0","2017-12-29","74","H,,S","85",",,S","68",",,S"
"DRM00078458","PUERTO PLATA, DR","19.75","-70.55","5.0","2017-12-30","75","H,,S","86",",,S","67",",,S"
"DRM00078458","PUERTO PLATA, DR","19.75","-70.55","5.0","2017-12-31","74","H,,S","87",",,S","67",",,S"
"DRM00078458","PUERTO PLATA, DR","19.75","-70.55","5.0","2018-01-01","72","H,,S","84",",,S","67",",,S"
"DRM00078458","PUERTO PLATA, DR","19.75","-70.55","5.0","2018-01-02","75","H,,S","87",",,S","68",",,S"
"DRM00078458","PUERTO PLATA, DR","19.75","-70.55","5.0","2018-01-03","76","H,,S","87",",,S","68",",,S"
"DRM00078458","PUERTO PLATA, DR","19.75","-70.55","5.0","2018-01-04","76","H,,S",,,,
"DRM00078458","PUERTO PLATA, DR","19.75","-70.55","5.0","2018-01-05","71","H,,S","84",",,S","68",",,S"
"DRM00078458","PUERTO PLATA, DR","19.75","-70.55","5.0","2018-01-06","74","H,,S","81",",,S","68",",,S"
"DRM00078458","PUERTO PLATA, DR","19.75","-70.55","5.0","2018-01-07","71","H,,S","82",",,S","68",",,S"
"DRM00078458","PUERTO PLATA, DR","19.75","-70.55","5.0","2018-01-08","76","H,,S","87",",,S","68",",,S"
"DRM00078458","PUERTO PLATA, DR","19.75","-70.55","5.0","2018-01-09","76","H,,S","87",",,S","67",",,S"
"DRM00078458","PUERTO PLATA, DR","19.75","-70.55","5.0","2018-01-10","76","H,,S","86",",,S","68",",,S"
"DRM00078458","PUERTO PLATA, DR","19.75","-70.55","5.0","2018-01-11","76","H,,S","86",",,S","69",",,S"
"DRM00078458","PUERTO PLATA, DR","19.75","-70.55","5.0","2018-01-12","75","H,,S","86",",,S","70",",,S"
"DRM00078458","PUERTO PLATA, DR","19.75","-70.55","5.0","2018-01-13","77","H,,S","87",",,S","69",",,S"
"DRM00078458","PUERTO PLATA, DR","19.75","-70.55","5.0","2018-01-14","75","H,,S","87",",,S","69",",,S"
"DRM00078458","PUERTO PLATA, DR","19.75","-70.55","5.0","2018-01-15","76","H,,S","86",",,S","67",",,S"
"DRM00078458","PUERTO PLATA, DR","19.75","-70.55","5.0","2018-01-16","75","H,,S","86",",,S","67",",,S"
"DRM00078458","PUERTO PLATA, DR","19.75","-70.55","5.0","2018-01-17","74","H,,S","83",",,S","68",",,S"
"DRM00078458","PUERTO PLATA, DR","19.75","-70.55","5.0","2018-01-18","76","H,,S","86",",,S","68",",,S"
"DRM00078458","PUERTO PLATA, DR","19.75","-70.55","5.0","2018-01-19","74","H,,S","86",",,S","68",",,S"
"DRM00078458","PUERTO PLATA, DR","19.75","-70.55","5.0","2018-01-20","74","H,,S","81",",,S","70",",,S"
"DRM00078458","PUERTO PLATA, DR","19.75","-70.55","5.0","2018-01-21","76","H,,S","85",",,S","70",",,S"
"DRM00078458","PUERTO PLATA, DR","19.75","-70.55","5.0","2018-01-22","74","H,,S","85",",,S","68",",,S"
"DRM00078458","PUERTO PLATA, DR","19.75","-70.55","5.0","2018-01-23","77","H,,S","85",",,S","68",",,S"
"DRM00078458","PUERTO PLATA, DR","19.75","-70.55","5.0","2018-01-24","76","H,,S","86",",,S","69",",,S"
"DRM00078458","PUERTO PLATA, DR","19.75","-70.55","5.0","2018-01-25","75","H,,S","85",",,S","68",",,S"
"DRM00078458","PUERTO PLATA, DR","19.75","-70.55","5.0","2018-01-26","75","H,,S","83",",,S","68",",,S"
"DRM00078458","PUERTO PLATA, DR","19.75","-70.55","5.0","2018-01-27","73","H,,S","85",",,S","68",",,S"
"DRM00078458","PUERTO PLATA, DR","19.75","-70.55","5.0","2018-01-28","73","H,,S","82",",,S","68",",,S"
"DRM00078458","PUERTO PLATA, DR","19.75","-70.55","5.0","2018-01-29","74","H,,S","80",",,S","70",",,S"
"DRM00078458","PUERTO PLATA, DR","19.75","-70.55","5.0","2018-01-30","77","H,,S","88",",,S","66",",,S"
"DRM00078458","PUERTO PLATA, DR","19.75","-70.55","5.0","2018-01-31","75","H,,S","88",",,S","66",",,S"
"DRM00078458","PUERTO PLATA, DR","19.75","-70.55","5.0","2018-02-01","73","H,,S","83",",,S","67",",,S"
"DRM00078458","PUERTO PLATA, DR","19.75","-70.55","5.0","2018-02-02","75","H,,S","84",",,S","66",",,S"
"DRM00078458","PUERTO PLATA, DR","19.75","-70.55","5.0","2018-02-03","74","H,,S","84",",,S","66",",,S"
"DRM00078458","PUERTO PLATA, DR","19.75","-70.55","5.0","2018-02-04","73","H,,S","84",",,S","66",",,S"
"DRM00078458","PUERTO PLATA, DR","19.75","-70.55","5.0","2018-02-05","71","H,,S","84",",,S","65",",,S"
"DRM00078458","PUERTO PLATA, DR","19.75","-70.55","5.0","2018-02-06","75","H,,S","86",",,S","65",",,S"
"DRM00078458","PUERTO PLATA, DR","19.75","-70.55","5.0","2018-02-07","75","H,,S","86",",,S","68",",,S"
"DRM00078458","PUERTO PLATA, DR","19.75","-70.55","5.0","2018-02-08","74","H,,S","87",",,S","68",",,S"
"DRM00078458","PUERTO PLATA, DR","19.75","-70.55","5.0","2018-02-09","76","H,,S","85",",,S","68",",,S"
"DRM00078458","PUERTO PLATA, DR","19.75","-70.55","5.0","2018-02-10","73","H,,S","83",",,S","68",",,S"
"DRM00078458","PUERTO PLATA, DR","19.75","-70.55","5.0","2018-02-11","74","H,,S","83",",,S","68",",,S"
"DRM00078458","PUERTO PLATA, DR","19.75","-70.55","5.0","2018-02-12","73","H,,S","82",",,S","67",",,S"
"DRM00078458","PUERTO PLATA, DR","19.75","-70.55","5.0","2018-02-13","72","H,,S","83",",,S","67",",,S"
"DRM00078458","PUERTO PLATA, DR","19.75","-70.55","5.0","2018-02-14","74","H,,S","83",",,S","68",",,S"
"DRM00078458","PUERTO PLATA, DR","19.75","-70.55","5.0","2018-02-15","74","H,,S","82",",,S","67",",,S"
"DRM00078458","PUERTO PLATA, DR","19.75","-70.55","5.0","2018-02-16","74","H,,S","83",",,S","66",",,S"
"DRM00078458","PUERTO PLATA, DR","19.75","-70.55","5.0","2018-02-17","77","H,,S","83",",,S","65",",,S"
"DRM00078458","PUERTO PLATA, DR","19.75","-70.55","5.0","2018-02-18","73","H,,S","83",",,S","65",",,S"
"DRM00078458","PUERTO PLATA, DR","19.75","-70.55","5.0","2018-02-19","73","H,,S","84",",,S","65",",,S"
"DRM00078458","PUERTO PLATA, DR","19.75","-70.55","5.0","2018-02-20","74","H,,S","84",",,S","65",",,S"
"DRM00078458","PUERTO PLATA, DR","19.75","-70.55","5.0","2018-02-21","74","H,,S","83",",,S","67",",,S"
"DRM00078458","PUERTO PLATA, DR","19.75","-70.55","5.0","2018-02-22","73","H,,S","84",",,S","66",",,S"
"DRM00078458","PUERTO PLATA, DR","19.75","-70.55","5.0","2018-02-23","72","H,,S","81",",,S","66",",,S"
"DRM00078458","PUERTO PLATA, DR","19.75","-70.55","5.0","2018-02-24","75","H,,S","82",",,S","66",",,S"
"DRM00078458","PUERTO PLATA, DR","19.75","-70.55","5.0","2018-02-25","73","H,,S","83",",,S","65",",,S"
"DRM00078458","PUERTO PLATA, DR","19.75","-70.55","5.0","2018-02-26","73","H,,S","85",",,S","65",",,S"
"DRM00078458","PUERTO PLATA, DR","19.75","-70.55","5.0","2018-02-27","72","H,,S","81",",,S","64",",,S"
"DRM00078458","PUERTO PLATA, DR","19.75","-70.55","5.0","2018-02-28","73","H,,S","85",",,S","64",",,S"
"DRM00078458","PUERTO PLATA, DR","19.75","-70.55","5.0","2018-03-01","72","H,,S","83",",,S","64",",,S"
"DRM00078458","PUERTO PLATA, DR","19.75","-70.55","5.0","2018-03-02","72","H,,S","84",",,S","61",",,S"
"DRM00078458","PUERTO PLATA, DR","19.75","-70.55","5.0","2018-03-03","73","H,,S","85",",,S","61",",,S"
"DRM00078458","PUERTO PLATA, DR","19.75","-70.55","5.0","2018-03-04","74","H,,S","84",",,S","62",",,S"
"DRM00078458","PUERTO PLATA, DR","19.75","-70.55","5.0","2018-03-05","72","H,,S","82",",,S","62",",,S"
"DRM00078458","PUERTO PLATA, DR","19.75","-70.55","5.0","2018-03-06","74","H,,S","84",",,S","62",",,S"
"DRM00078458","PUERTO PLATA, DR","19.75","-70.55","5.0","2018-03-07","72","H,,S","85",",,S","64",",,S"
"DRM00078458","PUERTO PLATA, DR","19.75","-70.55","5.0","2018-03-08","73","H,,S","86",",,S","64",",,S"
"DRM00078458","PUERTO PLATA, DR","19.75","-70.55","5.0","2018-03-09","74","H,,S","90",",,S","64",",,S"
"DRM00078458","PUERTO PLATA, DR","19.75","-70.55","5.0","2018-03-10","75","H,,S","88",",,S","64",",,S"
"DRM00078458","PUERTO PLATA, DR","19.75","-70.55","5.0","2018-03-11","80","H,,S","90",",,S","66",",,S"
"DRM00078458","PUERTO PLATA, DR","19.75","-70.55","5.0","2018-03-12","80","H,,S","92",",,S","68",",,S"
"DRM00078458","PUERTO PLATA, DR","19.75","-70.55","5.0","2018-03-13","78","H,,S","96",",,S","67",",,S"
"DRM00078458","PUERTO PLATA, DR","19.75","-70.55","5.0","2018-03-14","78","H,,S","92",",,S","67",",,S"
"DRM00078458","PUERTO PLATA, DR","19.75","-70.55","5.0","2018-03-15","77","H,,S","92",",,S","67",",,S"
"DRM00078458","PUERTO PLATA, DR","19.75","-70.55","5.0","2018-03-16","76","H,,S","90",",,S","69",",,S"
"DRM00078458","PUERTO PLATA, DR","19.75","-70.55","5.0","2018-03-17","75","H,,S","90",",,S","68",",,S"
"DRM00078458","PUERTO PLATA, DR","19.75","-70.55","5.0","2018-03-18","76","H,,S","84",",,S","66",",,S"
"DRM00078458","PUERTO PLATA, DR","19.75","-70.55","5.0","2018-03-19","77","H,,S","85",",,S","70",",,S"
"DRM00078458","PUERTO PLATA, DR","19.75","-70.55","5.0","2018-03-20","77","H,,S","88",",,S","69",",,S"
"DRM00078458","PUERTO PLATA, DR","19.75","-70.55","5.0","2018-03-21","79","H,,S","90",",,S","66",",,S"
"DRM00078458","PUERTO PLATA, DR","19.75","-70.55","5.0","2018-03-22","77","H,,S","90",",,S","66",",,S"
"DRM00078458","PUERTO PLATA, DR","19.75","-70.55","5.0","2018-03-23","76","H,,S","90",",,S","69",",,S"
"DRM00078458","PUERTO PLATA, DR","19.75","-70.55","5.0","2018-03-24","74","H,,S",,,,
"DRM00078458","PUERTO PLATA, DR","19.75","-70.55","5.0","2018-03-25","74","H,,S","81",",,S","69",",,S"
"DRM00078458","PUERTO PLATA, DR","19.75","-70.55","5.0","2018-03-26","73","H,,S","83",",,S","65",",,S"
"DRM00078458","PUERTO PLATA, DR","19.75","-70.55","5.0","2018-03-27","75","H,,S","84",",,S","65",",,S"
"DRM00078458","PUERTO PLATA, DR","19.75","-70.55","5.0","2018-03-28","71","H,,S","85",",,S","66",",,S"
"DRM00078458","PUERTO PLATA, DR","19.75","-70.55","5.0","2018-03-29","74","H,,S","81",",,S","66",",,S"
"DRM00078458","PUERTO PLATA, DR","19.75","-70.55","5.0","2018-03-30","72","H,,S","83",",,S","64",",,S"
"DRM00078458","PUERTO PLATA, DR","19.75","-70.55","5.0","2018-03-31","74","H,,S","83",",,S","66",",,S"
"DRM00078458","PUERTO PLATA, DR","19.75","-70.55","5.0","2018-04-01","73","H,,S","83",",,S","67",",,S"
"DRM00078458","PUERTO PLATA, DR","19.75","-70.55","5.0","2018-04-02","76","H,,S","85",",,S","67",",,S"
"DRM00078458","PUERTO PLATA, DR","19.75","-70.55","5.0","2018-04-03","75","H,,S","85",",,S","68",",,S"
"DRM00078458","PUERTO PLATA, DR","19.75","-70.55","5.0","2018-04-04","76","H,,S","85",",,S","68",",,S"
"DRM00078458","PUERTO PLATA, DR","19.75","-70.55","5.0","2018-04-05","77","H,,S","86",",,S","68",",,S"
"DRM00078458","PUERTO PLATA, DR","19.75","-70.55","5.0","2018-04-06","78","H,,S","86",",,S","71",",,S"
"DRM00078458","PUERTO PLATA, DR","19.75","-70.55","5.0","2018-04-07","78","H,,S","90",",,S","72",",,S"
"DRM00078458","PUERTO PLATA, DR","19.75","-70.55","5.0","2018-04-08","78","H,,S","90",",,S","70",",,S"
"DRM00078458","PUERTO PLATA, DR","19.75","-70.55","5.0","2018-04-09","79","H,,S","89",",,S","70",",,S"
"DRM00078458","PUERTO PLATA, DR","19.75","-70.55","5.0","2018-04-10","77","H,,S","89",",,S","70",",,S"
"DRM00078458","PUERTO PLATA, DR","19.75","-70.55","5.0","2018-04-11","80","H,,S","88",",,S","70",",,S"
"DRM00078458","PUERTO PLATA, DR","19.75","-70.55","5.0","2018-04-12","78","H,,S","89",",,S","71",",,S"
"DRM00078458","PUERTO PLATA, DR","19.75","-70.55","5.0","2018-04-13","77","H,,S","88",",,S","69",",,S"
"DRM00078458","PUERTO PLATA, DR","19.75","-70.55","5.0","2018-04-14","77","H,,S","86",",,S","69",",,S"
"DRM00078458","PUERTO PLATA, DR","19.75","-70.55","5.0","2018-04-15","77","H,,S","89",",,S","69",",,S"
"DRM00078458","PUERTO PLATA, DR","19.75","-70.55","5.0","2018-04-16","78","H,,S","89",",,S","70",",,S"
"DRM00078458","PUERTO PLATA, DR","19.75","-70.55","5.0","2018-04-17","78","H,,S","89",",,S","70",",,S"
"DRM00078458","PUERTO PLATA, DR","19.75","-70.55","5.0","2018-04-18","80","H,,S","89",",,S","70",",,S"
"DRM00078458","PUERTO PLATA, DR","19.75","-70.55","5.0","2018-04-19","76","H,,S","87",",,S","71",",,S"
"DRM00078458","PUERTO PLATA, DR","19.75","-70.55","5.0","2018-04-20","76","H,,S","89",",,S","72",",,S"
"DRM00078458","PUERTO PLATA, DR","19.75","-70.55","5.0","2018-04-21","78","H,,S","89",",,S","72",",,S"
"DRM00078458","PUERTO PLATA, DR","19.75","-70.55","5.0","2018-04-22","78","H,,S","87",",,S","72",",,S"
"DRM00078458","PUERTO PLATA, DR","19.75","-70.55","5.0","2018-04-23","78","H,,S","87",",,S","71",",,S"
"DRM00078458","PUERTO PLATA, DR","19.75","-70.55","5.0","2018-04-24","74","H,,S",,,,
"DRM00078458","PUERTO PLATA, DR","19.75","-70.55","5.0","2018-04-25","79","H,,S","89",",,S","69",",,S"
"DRM00078458","PUERTO PLATA, DR","19.75","-70.55","5.0","2018-04-26","80","H,,S","91",",,S","71",",,S"
"DRM00078458","PUERTO PLATA, DR","19.75","-70.55","5.0","2018-04-27","81","H,,S","92",",,S","71",",,S"
"DRM00078458","PUERTO PLATA, DR","19.75","-70.55","5.0","2018-04-28","81","H,,S","92",",,S","71",",,S"
"DRM00078458","PUERTO PLATA, DR","19.75","-70.55","5.0","2018-04-29","79","H,,S","92",",,S","71",",,S"
"DRM00078458","PUERTO PLATA, DR","19.75","-70.55","5.0","2018-04-30","79","H,,S","91",",,S","70",",,S"
"DRM00078458","PUERTO PLATA, DR","19.75","-70.55","5.0","2018-05-01","80","H,,S","90",",,S","70",",,S"
"DRM00078458","PUERTO PLATA, DR","19.75","-70.55","5.0","2018-05-02","79","H,,S","88",",,S","71",",,S"
"DRM00078458","PUERTO PLATA, DR","19.75","-70.55","5.0","2018-05-03","79","H,,S","90",",,S","71",",,S"
"DRM00078458","PUERTO PLATA, DR","19.75","-70.55","5.0","2018-05-04","77","H,,S","89",",,S","71",",,S"
"DRM00078458","PUERTO PLATA, DR","19.75","-70.55","5.0","2018-05-05","76","H,,S",,,,
"DRM00078458","PUERTO PLATA, DR","19.75","-70.55","5.0","2018-05-06","78","H,,S","90",",,S","70",",,S"
"DRM00078458","PUERTO PLATA, DR","19.75","-70.55","5.0","2018-05-07","81","H,,S","90",",,S","72",",,S"
"DRM00078458","PUERTO PLATA, DR","19.75","-70.55","5.0","2018-05-08","80","H,,S","90",",,S","72",",,S"
"DRM00078458","PUERTO PLATA, DR","19.75","-70.55","5.0","2018-05-09","82","H,,S",,,,
"DRM00078458","PUERTO PLATA, DR","19.75","-70.55","5.0","2018-05-10","81","H,,S","91",",,S","73",",,S"
"DRM00078458","PUERTO PLATA, DR","19.75","-70.55","5.0","2018-05-11","80","H,,S","92",",,S","70",",,S"
"DRM00078458","PUERTO PLATA, DR","19.75","-70.55","5.0","2018-05-12","80","H,,S","92",",,S","70",",,S"
"DRM00078458","PUERTO PLATA, DR","19.75","-70.55","5.0","2018-05-13","78","H,,S","90",",,S","72",",,S"
"DRM00078458","PUERTO PLATA, DR","19.75","-70.55","5.0","2018-05-14","79","H,,S","92",",,S","71",",,S"
"DRM00078458","PUERTO PLATA, DR","19.75","-70.55","5.0","2018-05-15","80","H,,S","92",",,S","71",",,S"
"DRM00078458","PUERTO PLATA, DR","19.75","-70.55","5.0","2018-05-16","79","H,,S","91",",,S","73",",,S"
"DRM00078458","PUERTO PLATA, DR","19.75","-70.55","5.0","2018-05-17","78","H,,S","89",",,S","73",",,S"
"DRM00078458","PUERTO PLATA, DR","19.75","-70.55","5.0","2018-05-18","81","H,,S","90",",,S","72",",,S"
"DRM00078458","PUERTO PLATA, DR","19.75","-70.55","5.0","2018-05-19","80","H,,S","90",",,S","72",",,S"
"DRM00078458","PUERTO PLATA, DR","19.75","-70.55","5.0","2018-05-20","77","H,,S","88",",,S","72",",,S"
"DRM00078458","PUERTO PLATA, DR","19.75","-70.55","5.0","2018-05-21","78","H,,S","88",",,S","70",",,S"
"DRM00078458","PUERTO PLATA, DR","19.75","-70.55","5.0","2018-05-22","78","H,,S","90",",,S","69",",,S"
"DRM00078458","PUERTO PLATA, DR","19.75","-70.55","5.0","2018-05-23","80","H,,S","90",",,S","69",",,S"
"DRM00078458","PUERTO PLATA, DR","19.75","-70.55","5.0","2018-05-24","81","H,,S","90",",,S","73",",,S"
"DRM00078458","PUERTO PLATA, DR","19.75","-70.55","5.0","2018-05-25","81","H,,S","90",",,S","73",",,S"
"DRM00078458","PUERTO PLATA, DR","19.75","-70.55","5.0","2018-05-26","80","H,,S",,,,
"DRM00078458","PUERTO PLATA, DR","19.75","-70.55","5.0","2018-05-27","81","H,,S","94",",,S","73",",,S"
"DRM00078458","PUERTO PLATA, DR","19.75","-70.55","5.0","2018-05-28","82","H,,S","94",",,S","73",",,S"
"DRM00078458","PUERTO PLATA, DR","19.75","-70.55","5.0","2018-05-29","80","H,,S",,,,
"DRM00078458","PUERTO PLATA, DR","19.75","-70.55","5.0","2018-05-30","81","H,,S","91",",,S","74",",,S"
"DRM00078458","PUERTO PLATA, DR","19.75","-70.55","5.0","2018-05-31","81","H,,S","90",",,S","74",",,S"
"DRM00078458","PUERTO PLATA, DR","19.75","-70.55","5.0","2018-06-01","81","H,,S","91",",,S","72",",,S"
"DRM00078458","PUERTO PLATA, DR","19.75","-70.55","5.0","2018-06-02","81","H,,S","91",",,S","72",",,S"
"DRM00078458","PUERTO PLATA, DR","19.75","-70.55","5.0","2018-06-03","83","H,,S","94",",,S","74",",,S"
"DRM00078458","PUERTO PLATA, DR","19.75","-70.55","5.0","2018-06-04","83","H,,S","98",",,S","70",",,S"
"DRM00078458","PUERTO PLATA, DR","19.75","-70.55","5.0","2018-06-05","81","H,,S","98",",,S","69",",,S"
"DRM00078458","PUERTO PLATA, DR","19.75","-70.55","5.0","2018-06-06","78","H,,S","93",",,S","69",",,S"
"DRM00078458","PUERTO PLATA, DR","19.75","-70.55","5.0","2018-06-07","85","H,,S","94",",,S","72",",,S"
"DRM00078458","PUERTO PLATA, DR","19.75","-70.55","5.0","2018-06-08","82","H,,S","94",",,S","72",",,S"
"DRM00078458","PUERTO PLATA, DR","19.75","-70.55","5.0","2018-06-09","81","H,,S","94",",,S","75",",,S"
"DRM00078458","PUERTO PLATA, DR","19.75","-70.55","5.0","2018-06-10","82","H,,S","94",",,S","74",",,S"
"DRM00078458","PUERTO PLATA, DR","19.75","-70.55","5.0","2018-06-11","82","H,,S","94",",,S","74",",,S"
"DRM00078458","PUERTO PLATA, DR","19.75","-70.55","5.0","2018-06-12","82","H,,S","94",",,S","74",",,S"
"DRM00078458","PUERTO PLATA, DR","19.75","-70.55","5.0","2018-06-13","81","H,,S","95",",,S","74",",,S"
"DRM00078458","PUERTO PLATA, DR","19.75","-70.55","5.0","2018-06-14","85","H,,S","95",",,S","75",",,S"
"DRM00078458","PUERTO PLATA, DR","19.75","-70.55","5.0","2018-06-15","82","H,,S","95",",,S","73",",,S"
"DRM00078458","PUERTO PLATA, DR","19.75","-70.55","5.0","2018-06-16","83","H,,S","95",",,S","73",",,S"
"DRM00078458","PUERTO PLATA, DR","19.75","-70.55","5.0","2018-06-17","83","H,,S","95",",,S","72",",,S"
"DRM00078458","PUERTO PLATA, DR","19.75","-70.55","5.0","2018-06-18","81","H,,S","94",",,S","72",",,S"
"DRM00078458","PUERTO PLATA, DR","19.75","-70.55","5.0","2018-06-19","81","H,,S","95",",,S","73",",,S"
"DRM00078458","PUERTO PLATA, DR","19.75","-70.55","5.0","2018-06-20","81","H,,S","95",",,S","73",",,S"
"DRM00078458","PUERTO PLATA, DR","19.75","-70.55","5.0","2018-06-21","80","H,,S","95",",,S","72",",,S"
"DRM00078458","PUERTO PLATA, DR","19.75","-70.55","5.0","2018-06-22","82","H,,S","92",",,S","71",",,S"
"DRM00078458","PUERTO PLATA, DR","19.75","-70.55","5.0","2018-06-23","81","H,,S","94",",,S","71",",,S"
"DRM00078458","PUERTO PLATA, DR","19.75","-70.55","5.0","2018-06-24","80","H,,S",,,,
"DRM00078458","PUERTO PLATA, DR","19.75","-70.55","5.0","2018-06-25","81","H,,S","94",",,S","73",",,S"
"DRM00078458","PUERTO PLATA, DR","19.75","-70.55","5.0","2018-06-26","82","H,,S","94",",,S","73",",,S"
"DRM00078458","PUERTO PLATA, DR","19.75","-70.55","5.0","2018-06-27","82","H,,S","94",",,S","74",",,S"
"DRM00078458","PUERTO PLATA, DR","19.75","-70.55","5.0","2018-06-28","82","H,,S","93",",,S","72",",,S"
"DRM00078458","PUERTO PLATA, DR","19.75","-70.55","5.0","2018-06-29","83","H,,S","95",",,S","72",",,S"
"DRM00078458","PUERTO PLATA, DR","19.75","-70.55","5.0","2018-06-30","82","H,,S","95",",,S","73",",,S"
"DRM00078458","PUERTO PLATA, DR","19.75","-70.55","5.0","2018-07-01","82","H,,S","94",",,S","72",",,S"
"DRM00078458","PUERTO PLATA, DR","19.75","-70.55","5.0","2018-07-02","81","H,,S","94",",,S","71",",,S"
"DRM00078458","PUERTO PLATA, DR","19.75","-70.55","5.0","2018-07-03","84","H,,S","94",",,S","71",",,S"
"DRM00078458","PUERTO PLATA, DR","19.75","-70.55","5.0","2018-07-04","83","H,,S","94",",,S","74",",,S"
"DRM00078458","PUERTO PLATA, DR","19.75","-70.55","5.0","2018-07-05","84","H,,S","93",",,S","75",",,S"
"DRM00078458","PUERTO PLATA, DR","19.75","-70.55","5.0","2018-07-06","83","H,,S","93",",,S","75",",,S"
"DRM00078458","PUERTO PLATA, DR","19.75","-70.55","5.0","2018-07-07","82","H,,S","94",",,S","74",",,S"
"DRM00078458","PUERTO PLATA, DR","19.75","-70.55","5.0","2018-07-08","83","H,,S","94",",,S","74",",,S"
"DRM00078458","PUERTO PLATA, DR","19.75","-70.55","5.0","2018-07-09","81","H,,S","94",",,S","75",",,S"
"DRM00078458","PUERTO PLATA, DR","19.75","-70.55","5.0","2018-07-10","78","H,,S","91",",,S","74",",,S"
"DRM00078458","PUERTO PLATA, DR","19.75","-70.55","5.0","2018-07-11","83","H,,S","96",",,S","74",",,S"
"DRM00078458","PUERTO PLATA, DR","19.75","-70.55","5.0","2018-07-12","83","H,,S","97",",,S","75",",,S"
"DRM00078458","PUERTO PLATA, DR","19.75","-70.55","5.0","2018-07-13","82","H,,S","93",",,S","72",",,S"
"DRM00078458","PUERTO PLATA, DR","19.75","-70.55","5.0","2018-07-14","82","H,,S","93",",,S","72",",,S"
"DRM00078458","PUERTO PLATA, DR","19.75","-70.55","5.0","2018-07-15","83","H,,S","94",",,S","75",",,S"
"DRM00078458","PUERTO PLATA, DR","19.75","-70.55","5.0","2018-07-16","83","H,,S","94",",,S","75",",,S"
"DRM00078458","PUERTO PLATA, DR","19.75","-70.55","5.0","2018-07-17","82","H,,S","94",",,S","75",",,S"
"DRM00078458","PUERTO PLATA, DR","19.75","-70.55","5.0","2018-07-18","83","H,,S","95",",,S","75",",,S"
"DRM00078458","PUERTO PLATA, DR","19.75","-70.55","5.0","2018-07-19","82","H,,S","95",",,S","73",",,S"
"DRM00078458","PUERTO PLATA, DR","19.75","-70.55","5.0","2018-07-20","83","H,,S","95",",,S","73",",,S"
"DRM00078458","PUERTO PLATA, DR","19.75","-70.55","5.0","2018-07-21","84","H,,S","95",",,S","76",",,S"
"DRM00078458","PUERTO PLATA, DR","19.75","-70.55","5.0","2018-07-22","84","H,,S","94",",,S","76",",,S"
"DRM00078458","PUERTO PLATA, DR","19.75","-70.55","5.0","2018-07-23","83","H,,S","94",",,S","75",",,S"
"DRM00078458","PUERTO PLATA, DR","19.75","-70.55","5.0","2018-07-24","84","H,,S","95",",,S","75",",,S"
"DRM00078458","PUERTO PLATA, DR","19.75","-70.55","5.0","2018-07-25","83","H,,S","95",",,S","75",",,S"
"DRM00078458","PUERTO PLATA, DR","19.75","-70.55","5.0","2018-07-26","83","H,,S","95",",,S","75",",,S"
"DRM00078458","PUERTO PLATA, DR","19.75","-70.55","5.0","2018-07-27","84","H,,S","96",",,S","75",",,S"
"DRM00078458","PUERTO PLATA, DR","19.75","-70.55","5.0","2018-07-28","83","H,,S","94",",,S","75",",,S"
"DRM00078458","PUERTO PLATA, DR","19.75","-70.55","5.0","2018-07-29","81","H,,S","94",",,S","76",",,S"
"DRM00078458","PUERTO PLATA, DR","19.75","-70.55","5.0","2018-07-30","83","H,,S","95",",,S","76",",,S"
"DRM00078458","PUERTO PLATA, DR","19.75","-70.55","5.0","2018-07-31","84","H,,S","95",",,S","76",",,S"
"DRM00078458","PUERTO PLATA, DR","19.75","-70.55","5.0","2018-08-01","82","H,,S","95",",,S","76",",,S"
"DRM00078458","PUERTO PLATA, DR","19.75","-70.55","5.0","2018-08-02","82","H,,S","93",",,S","73",",,S"
"DRM00078458","PUERTO PLATA, DR","19.75","-70.55","5.0","2018-08-03","83","H,,S","93",",,S","72",",,S"
"DRM00078458","PUERTO PLATA, DR","19.75","-70.55","5.0","2018-08-04","83","H,,S","94",",,S","72",",,S"
"DRM00078458","PUERTO PLATA, DR","19.75","-70.55","5.0","2018-08-05","81","H,,S","92",",,S","75",",,S"
"DRM00078458","PUERTO PLATA, DR","19.75","-70.55","5.0","2018-08-06","81","H,,S","91",",,S","74",",,S"
"DRM00078458","PUERTO PLATA, DR","19.75","-70.55","5.0","2018-08-07","82","H,,S",,,,
"DRM00078458","PUERTO PLATA, DR","19.75","-70.55","5.0","2018-08-08","83","H,,S","95",",,S","75",",,S"
"DRM00078458","PUERTO PLATA, DR","19.75","-70.55","5.0","2018-08-09","85","H,,S","94",",,S","72",",,S"
"DRM00078458","PUERTO PLATA, DR","19.75","-70.55","5.0","2018-08-10","82","H,,S","94",",,S","72",",,S"
"DRM00078458","PUERTO PLATA, DR","19.75","-70.55","5.0","2018-08-11","84","H,,S","95",",,S","75",",,S"
"DRM00078458","PUERTO PLATA, DR","19.75","-70.55","5.0","2018-08-12","86","H,,S","95",",,S","75",",,S"
"DRM00078458","PUERTO PLATA, DR","19.75","-70.55","5.0","2018-08-13","80","H,,S","95",",,S","73",",,S"
"DRM00078458","PUERTO PLATA, DR","19.75","-70.55","5.0","2018-08-14","78","H,,S","91",",,S","73",",,S"
"DRM00078458","PUERTO PLATA, DR","19.75","-70.55","5.0","2018-08-15","81","H,,S","92",",,S","74",",,S"
"DRM00078458","PUERTO PLATA, DR","19.75","-70.55","5.0","2018-08-16","83","H,,S","92",",,S","74",",,S"
"DRM00078458","PUERTO PLATA, DR","19.75","-70.55","5.0","2018-08-17","82","H,,S","92",",,S","74",",,S"
"DRM00078458","PUERTO PLATA, DR","19.75","-70.55","5.0","2018-08-18","82","H,,S","91",",,S","74",",,S"
"DRM00078458","PUERTO PLATA, DR","19.75","-70.55","5.0","2018-08-19","83","H,,S","91",",,S","72",",,S"
"DRM00078458","PUERTO PLATA, DR","19.75","-70.55","5.0","2018-08-20","82","H,,S","91",",,S","72",",,S"
"DRM00078458","PUERTO PLATA, DR","19.75","-70.55","5.0","2018-08-21","83","H,,S","93",",,S","74",",,S"
"DRM00078458","PUERTO PLATA, DR","19.75","-70.55","5.0","2018-08-22","83","H,,S","93",",,S","73",",,S"
"DRM00078458","PUERTO PLATA, DR","19.75","-70.55","5.0","2018-08-23","83","H,,S","95",",,S","73",",,S"
"DRM00078458","PUERTO PLATA, DR","19.75","-70.55","5.0","2018-08-24","83","H,,S","95",",,S","73",",,S"
"DRM00078458","PUERTO PLATA, DR","19.75","-70.55","5.0","2018-08-25","83","H,,S","93",",,S","73",",,S"
"DRM00078458","PUERTO PLATA, DR","19.75","-70.55","5.0","2018-08-26","82","H,,S","93",",,S","74",",,S"
"DRM00078458","PUERTO PLATA, DR","19.75","-70.55","5.0","2018-08-27","82","H,,S","95",",,S","75",",,S"
"DRM00078458","PUERTO PLATA, DR","19.75","-70.55","5.0","2018-08-28","82","H,,S","95",",,S","74",",,S"
"DRM00078458","PUERTO PLATA, DR","19.75","-70.55","5.0","2018-08-29","82","H,,S","93",",,S","74",",,S"
"DRM00078458","PUERTO PLATA, DR","19.75","-70.55","5.0","2018-08-30","81","H,,S","92",",,S","75",",,S"
"DRM00078458","PUERTO PLATA, DR","19.75","-70.55","5.0","2018-08-31","78","H,,S","92",",,S","73",",,S"
"DRM00078458","PUERTO PLATA, DR","19.75","-70.55","5.0","2018-09-01","79","H,,S","93",",,S","73",",,S"
"DRM00078458","PUERTO PLATA, DR","19.75","-70.55","5.0","2018-09-02","82","H,,S","94",",,S","73",",,S"
"DRM00078458","PUERTO PLATA, DR","19.75","-70.55","5.0","2018-09-03","82","H,,S","94",",,S","73",",,S"
"DRM00078458","PUERTO PLATA, DR","19.75","-70.55","5.0","2018-09-04","83","H,,S","94",",,S","74",",,S"
"DRM00078458","PUERTO PLATA, DR","19.75","-70.55","5.0","2018-09-05","82","H,,S","94",",,S","75",",,S"
"DRM00078458","PUERTO PLATA, DR","19.75","-70.55","5.0","2018-09-06","76","H,,S",,,,
"DRM00078458","PUERTO PLATA, DR","19.75","-70.55","5.0","2018-09-07","82","H,,S","95",",,S","70",",,S"
"DRM00078458","PUERTO PLATA, DR","19.75","-70.55","5.0","2018-09-08","82","H,,S","94",",,S","73",",,S"
"DRM00078458","PUERTO PLATA, DR","19.75","-70.55","5.0","2018-09-09","81","H,,S","93",",,S","72",",,S"
"DRM00078458","PUERTO PLATA, DR","19.75","-70.55","5.0","2018-09-10","82","H,,S","92",",,S","72",",,S"
"DRM00078458","PUERTO PLATA, DR","19.75","-70.55","5.0","2018-09-11","82","H,,S","92",",,S","74",",,S"
"DRM00078458","PUERTO PLATA, DR","19.75","-70.55","5.0","2018-09-12","82","H,,S","94",",,S","72",",,S"
"DRM00078458","PUERTO PLATA, DR","19.75","-70.55","5.0","2018-09-13","81","H,,S","94",",,S","72",",,S"
"DRM00078458","PUERTO PLATA, DR","19.75","-70.55","5.0","2018-09-14","82","H,,S","93",",,S","73",",,S"
"DRM00078458","PUERTO PLATA, DR","19.75","-70.55","5.0","2018-09-15","79","H,,S","93",",,S","73",",,S"
"DRM00078458","PUERTO PLATA, DR","19.75","-70.55","5.0","2018-09-16","80","H,,S",,,,
"DRM00078458","PUERTO PLATA, DR","19.75","-70.55","5.0","2018-09-19","83","H,,S","99",",,S","74",",,S"
"DRM00078458","PUERTO PLATA, DR","19.75","-70.55","5.0","2018-09-20","85","H,,S","99",",,S","75",",,S"
"DRM00078458","PUERTO PLATA, DR","19.75","-70.55","5.0","2018-09-21","83","H,,S","96",",,S","73",",,S"
"DRM00078458","PUERTO PLATA, DR","19.75","-70.55","5.0","2018-09-22","78","H,,S","96",",,S","73",",,S"
"DRM00078458","PUERTO PLATA, DR","19.75","-70.55","5.0","2018-09-23","83","H,,S","94",",,S","72",",,S"
"DRM00078458","PUERTO PLATA, DR","19.75","-70.55","5.0","2018-09-24","83","H,,S","93",",,S","72",",,S"
"DRM00078458","PUERTO PLATA, DR","19.75","-70.55","5.0","2018-09-25","82","H,,S","94",",,S","73",",,S"
"DRM00078458","PUERTO PLATA, DR","19.75","-70.55","5.0","2018-09-26","81","H,,S","94",",,S","73",",,S"
"DRM00078458","PUERTO PLATA, DR","19.75","-70.55","5.0","2018-09-27","80","H,,S","92",",,S","73",",,S"
"DRM00078458","PUERTO PLATA, DR","19.75","-70.55","5.0","2018-09-28","80","H,,S","93",",,S","73",",,S"
"DRM00078458","PUERTO PLATA, DR","19.75","-70.55","5.0","2018-09-29","81","H,,S","93",",,S","73",",,S"
"DRM00078458","PUERTO PLATA, DR","19.75","-70.55","5.0","2018-09-30","81","H,,S","93",",,S","72",",,S"
"DRM00078458","PUERTO PLATA, DR","19.75","-70.55","5.0","2018-10-01","81","H,,S","93",",,S","72",",,S"
"DRM00078458","PUERTO PLATA, DR","19.75","-70.55","5.0","2018-10-02","81","H,,S","91",",,S","73",",,S"
"DRM00078458","PUERTO PLATA, DR","19.75","-70.55","5.0","2018-10-03","79","H,,S","92",",,S","73",",,S"
"DRM00078458","PUERTO PLATA, DR","19.75","-70.55","5.0","2018-10-04","76","H,,S","90",",,S","72",",,S"
"DRM00078458","PUERTO PLATA, DR","19.75","-70.55","5.0","2018-10-05","77","H,,S","92",",,S","71",",,S"
"DRM00078458","PUERTO PLATA, DR","19.75","-70.55","5.0","2018-10-06","82","H,,S","90",",,S","73",",,S"
"DRM00078458","PUERTO PLATA, DR","19.75","-70.55","5.0","2018-10-07","78","H,,S","90",",,S","73",",,S"
"DRM00078458","PUERTO PLATA, DR","19.75","-70.55","5.0","2018-10-08","78","H,,S","90",",,S","72",",,S"
"DRM00078458","PUERTO PLATA, DR","19.75","-70.55","5.0","2018-10-09","80","H,,S","91",",,S","72",",,S"
"DRM00078458","PUERTO PLATA, DR","19.75","-70.55","5.0","2018-10-10","78","H,,S",,,,
"DRM00078458","PUERTO PLATA, DR","19.75","-70.55","5.0","2018-10-11","78","H,,S","91",",,S","72",",,S"
"DRM00078458","PUERTO PLATA, DR","19.75","-70.55","5.0","2018-10-12","77","H,,S","91",",,S","72",",,S"
"DRM00078458","PUERTO PLATA, DR","19.75","-70.55","5.0","2018-10-13","81","H,,S","95",",,S","72",",,S"
"DRM00078458","PUERTO PLATA, DR","19.75","-70.55","5.0","2018-10-14","80","H,,S","95",",,S","72",",,S"
"DRM00078458","PUERTO PLATA, DR","19.75","-70.55","5.0","2018-10-15","80","H,,S","91",",,S","71",",,S"
"DRM00078458","PUERTO PLATA, DR","19.75","-70.55","5.0","2018-10-16","78","H,,S","90",",,S","71",",,S"
"DRM00078458","PUERTO PLATA, DR","19.75","-70.55","5.0","2018-10-17","79","H,,S","88",",,S","73",",,S"
"DRM00078458","PUERTO PLATA, DR","19.75","-70.55","5.0","2018-10-18","80","H,,S","90",",,S","74",",,S"
"DRM00078458","PUERTO PLATA, DR","19.75","-70.55","5.0","2018-10-19","79","H,,S","90",",,S","73",",,S"
"DRM00078458","PUERTO PLATA, DR","19.75","-70.55","5.0","2018-10-20","79","H,,S","89",",,S","72",",,S"
"DRM00078458","PUERTO PLATA, DR","19.75","-70.55","5.0","2018-10-21","78","H,,S","88",",,S","72",",,S"
"DRM00078458","PUERTO PLATA, DR","19.75","-70.55","5.0","2018-10-22","79","H,,S","88",",,S","72",",,S"
"DRM00078458","PUERTO PLATA, DR","19.75","-70.55","5.0","2018-10-23","81","H,,S","89",",,S","73",",,S"
"DRM00078458","PUERTO PLATA, DR","19.75","-70.55","5.0","2018-10-25","79","H,,S","91",",,S","72",",,S"
"DRM00078458","PUERTO PLATA, DR","19.75","-70.55","5.0","2018-10-26","81","H,,S","91",",,S","72",",,S"
"DRM00078458","PUERTO PLATA, DR","19.75","-70.55","5.0","2018-10-27","80","H,,S","91",",,S","72",",,S"
"DRM00078458","PUERTO PLATA, DR","19.75","-70.55","5.0","2018-10-28","81","H,,S","91",",,S","72",",,S"
"DRM00078458","PUERTO PLATA, DR","19.75","-70.55","5.0","2018-10-29","79","H,,S","90",",,S","71",",,S"
"DRM00078458","PUERTO PLATA, DR","19.75","-70.55","5.0","2018-10-30","78","H,,S","90",",,S","71",",,S"
"DRM00078458","PUERTO PLATA, DR","19.75","-70.55","5.0","2018-10-31","80","H,,S","91",",,S","71",",,S"
"DRM00078458","PUERTO PLATA, DR","19.75","-70.55","5.0","2018-11-01","80","H,,S","91",",,S","72",",,S"
"DRM00078458","PUERTO PLATA, DR","19.75","-70.55","5.0","2018-11-02","78","H,,S","91",",,S","72",",,S"
"DRM00078458","PUERTO PLATA, DR","19.75","-70.55","5.0","2018-11-03","81","H,,S","92",",,S","72",",,S"
"DRM00078458","PUERTO PLATA, DR","19.75","-70.55","5.0","2018-11-04","75","H,,S","91",",,S","72",",,S"
"DRM00078458","PUERTO PLATA, DR","19.75","-70.55","5.0","2018-11-05","76","H,,S","87",",,S","72",",,S"
"DRM00078458","PUERTO PLATA, DR","19.75","-70.55","5.0","2018-11-06","76","H,,S","87",",,S","72",",,S"
"DRM00078458","PUERTO PLATA, DR","19.75","-70.55","5.0","2018-11-07","78","H,,S","89",",,S","69",",,S"
"DRM00078458","PUERTO PLATA, DR","19.75","-70.55","5.0","2018-11-08","78","H,,S","89",",,S","69",",,S"
"DRM00078458","PUERTO PLATA, DR","19.75","-70.55","5.0","2018-11-09","80","H,,S","90",",,S","72",",,S"
"DRM00078458","PUERTO PLATA, DR","19.75","-70.55","5.0","2018-11-10","79","H,,S","90",",,S","72",",,S"
"DRM00078458","PUERTO PLATA, DR","19.75","-70.55","5.0","2018-11-11","79","H,,S","90",",,S","73",",,S"
"DRM00078458","PUERTO PLATA, DR","19.75","-70.55","5.0","2018-11-12","78","H,,S","88",",,S","70",",,S"
"DRM00078458","PUERTO PLATA, DR","19.75","-70.55","5.0","2018-11-13","78","H,,S","89",",,S","70",",,S"
"DRM00078458","PUERTO PLATA, DR","19.75","-70.55","5.0","2018-11-14","77","H,,S","89",",,S","71",",,S"
"DRM00078458","PUERTO PLATA, DR","19.75","-70.55","5.0","2018-11-15","78","H,,S","90",",,S","71",",,S"
"DRM00078458","PUERTO PLATA, DR","19.75","-70.55","5.0","2018-11-16","80","H,,S","92",",,S","71",",,S"
"DRM00078458","PUERTO PLATA, DR","19.75","-70.55","5.0","2018-11-17","81","H,,S","92",",,S","73",",,S"
"DRM00078458","PUERTO PLATA, DR","19.75","-70.55","5.0","2018-11-18","79","H,,S","91",",,S","72",",,S"
"DRM00078458","PUERTO PLATA, DR","19.75","-70.55","5.0","2018-11-19","79","H,,S","90",",,S","72",",,S"
"DRM00078458","PUERTO PLATA, DR","19.75","-70.55","5.0","2018-11-20","78","H,,S","90",",,S","70",",,S"
"DRM00078458","PUERTO PLATA, DR","19.75","-70.55","5.0","2018-11-21","78","H,,S","91",",,S","70",",,S"
"DRM00078458","PUERTO PLATA, DR","19.75","-70.55","5.0","2018-11-22","80","H,,S","90",",,S","70",",,S"
"DRM00078458","PUERTO PLATA, DR","19.75","-70.55","5.0","2018-11-23","78","H,,S","90",",,S","70",",,S"
"DRM00078458","PUERTO PLATA, DR","19.75","-70.55","5.0","2018-11-24","77","H,,S","89",",,S","69",",,S"
"DRM00078458","PUERTO PLATA, DR","19.75","-70.55","5.0","2018-11-25","79","H,,S","89",",,S","69",",,S"
"DRM00078458","PUERTO PLATA, DR","19.75","-70.55","5.0","2018-11-26","79","H,,S","88",",,S","70",",,S"
"DRM00078458","PUERTO PLATA, DR","19.75","-70.55","5.0","2018-11-27","79","H,,S","90",",,S","69",",,S"
"DRM00078458","PUERTO PLATA, DR","19.75","-70.55","5.0","2018-11-28","78","H,,S","90",",,S","69",",,S"
"DRM00078458","PUERTO PLATA, DR","19.75","-70.55","5.0","2018-11-29","79","H,,S","89",",,S","69",",,S"
"DRM00078458","PUERTO PLATA, DR","19.75","-70.55","5.0","2018-11-30","76","H,,S","89",",,S","72",",,S"
"DRM00078458","PUERTO PLATA, DR","19.75","-70.55","5.0","2018-12-01","78","H,,S","89",",,S","71",",,S"
"DRM00078458","PUERTO PLATA, DR","19.75","-70.55","5.0","2018-12-02","78","H,,S","90",",,S","71",",,S"
"DRM00078458","PUERTO PLATA, DR","19.75","-70.55","5.0","2018-12-03","78","H,,S","90",",,S","71",",,S"
"DRM00078458","PUERTO PLATA, DR","19.75","-70.55","5.0","2018-12-04","78","H,,S","90",",,S","71",",,S"
"DRM00078458","PUERTO PLATA, DR","19.75","-70.55","5.0","2018-12-05","78","H,,S","91",",,S","68",",,S"
"DRM00078458","PUERTO PLATA, DR","19.75","-70.55","5.0","2018-12-06","77","H,,S","90",",,S","68",",,S"
"DRM00078458","PUERTO PLATA, DR","19.75","-70.55","5.0","2018-12-07","75","H,,S","89",",,S","69",",,S"
"DRM00078458","PUERTO PLATA, DR","19.75","-70.55","5.0","2018-12-08","77","H,,S","88",",,S","69",",,S"
"DRM00078458","PUERTO PLATA, DR","19.75","-70.55","5.0","2018-12-09","78","H,,S","89",",,S","71",",,S"
"DRM00078458","PUERTO PLATA, DR","19.75","-70.55","5.0","2018-12-10","77","H,,S","91",",,S","69",",,S"
"DRM00078458","PUERTO PLATA, DR","19.75","-70.55","5.0","2018-12-11","77","H,,S","91",",,S","67",",,S"
"DRM00078458","PUERTO PLATA, DR","19.75","-70.55","5.0","2018-12-12","78","H,,S","91",",,S","68",",,S"
"DRM00078458","PUERTO PLATA, DR","19.75","-70.55","5.0","2018-12-13","76","H,,S","87",",,S","68",",,S"
"DRM00078458","PUERTO PLATA, DR","19.75","-70.55","5.0","2018-12-14","77","H,,S","88",",,S","69",",,S"
"DRM00078458","PUERTO PLATA, DR","19.75","-70.55","5.0","2018-12-15","78","H,,S","88",",,S","69",",,S"
"DRM00078458","PUERTO PLATA, DR","19.75","-70.55","5.0","2018-12-16","78","H,,S","90",",,S","69",",,S"
"DRM00078458","PUERTO PLATA, DR","19.75","-70.55","5.0","2018-12-17","78","H,,S","90",",,S","69",",,S"
"DRM00078458","PUERTO PLATA, DR","19.75","-70.55","5.0","2018-12-18","78","H,,S","90",",,S","69",",,S"
"DRM00078458","PUERTO PLATA, DR","19.75","-70.55","5.0","2018-12-19","78","H,,S","90",",,S","68",",,S"
"DRM00078458","PUERTO PLATA, DR","19.75","-70.55","5.0","2018-12-20","76","H,,S","90",",,S","67",",,S"
"DRM00078458","PUERTO PLATA, DR","19.75","-70.55","5.0","2018-12-21","78","H,,S","92",",,S","67",",,S"
"DRM00078458","PUERTO PLATA, DR","19.75","-70.55","5.0","2018-12-22","77","H,,S","92",",,S","68",",,S"
"DRM00078458","PUERTO PLATA, DR","19.75","-70.55","5.0","2018-12-23","73","H,,S","88",",,S","67",",,S"
"DRM00078458","PUERTO PLATA, DR","19.75","-70.55","5.0","2018-12-24","78","H,,S","86",",,S","68",",,S"
"DRM00078458","PUERTO PLATA, DR","19.75","-70.55","5.0","2018-12-25","76","H,,S","89",",,S","69",",,S"
"DRM00078458","PUERTO PLATA, DR","19.75","-70.55","5.0","2018-12-26","74","H,,S","89",",,S","68",",,S"
"DRM00078458","PUERTO PLATA, DR","19.75","-70.55","5.0","2018-12-27","76","H,,S","86",",,S","68",",,S"
"DRM00078458","PUERTO PLATA, DR","19.75","-70.55","5.0","2018-12-28","76","H,,S","89",",,S","71",",,S"
"DRM00078458","PUERTO PLATA, DR","19.75","-70.55","5.0","2018-12-29","77","H,,S","86",",,S","72",",,S"
"DRM00078458","PUERTO PLATA, DR","19.75","-70.55","5.0","2018-12-30","75","H,,S","86",",,S","68",",,S"
"DRM00078458","PUERTO PLATA, DR","19.75","-70.55","5.0","2018-12-31","74","H,,S","85",",,S","67",",,S"
"DRM00078458","PUERTO PLATA, DR","19.75","-70.55","5.0","2019-01-01","76","H,,S","85",",,S","67",",,S"
"DRM00078458","PUERTO PLATA, DR","19.75","-70.55","5.0","2019-01-02","72","H,,S","83",",,S","67",",,S"
"DRM00078458","PUERTO PLATA, DR","19.75","-70.55","5.0","2019-01-03","75","H,,S","87",",,S","67",",,S"
"DRM00078458","PUERTO PLATA, DR","19.75","-70.55","5.0","2019-01-04","79","H,,S","88",",,S","68",",,S"
"DRM00078458","PUERTO PLATA, DR","19.75","-70.55","5.0","2019-01-05","76","H,,S","89",",,S","66",",,S"
"DRM00078458","PUERTO PLATA, DR","19.75","-70.55","5.0","2019-01-06","78","H,,S","89",",,S","66",",,S"
"DRM00078458","PUERTO PLATA, DR","19.75","-70.55","5.0","2019-01-07","75","H,,S","89",",,S","67",",,S"
"DRM00078458","PUERTO PLATA, DR","19.75","-70.55","5.0","2019-01-08","74","H,,S","85",",,S","67",",,S"
"DRM00078458","PUERTO PLATA, DR","19.75","-70.55","5.0","2019-01-09","75","H,,S","87",",,S","67",",,S"
"DRM00078458","PUERTO PLATA, DR","19.75","-70.55","5.0","2019-01-10","75","H,,S","87",",,S","65",",,S"
"DRM00078458","PUERTO PLATA, DR","19.75","-70.55","5.0","2019-01-11","74","H,,S","84",",,S","65",",,S"
"DRM00078458","PUERTO PLATA, DR","19.75","-70.55","5.0","2019-01-12","74","H,,S","83",",,S","67",",,S"
"DRM00078458","PUERTO PLATA, DR","19.75","-70.55","5.0","2019-01-13","74","H,,S","84",",,S","67",",,S"
"DRM00078458","PUERTO PLATA, DR","19.75","-70.55","5.0","2019-01-14","74","H,,S","86",",,S","65",",,S"
"DRM00078458","PUERTO PLATA, DR","19.75","-70.55","5.0","2019-01-15","75","H,,S","86",",,S","65",",,S"
"DRM00078458","PUERTO PLATA, DR","19.75","-70.55","5.0","2019-01-16","72","H,,S","86",",,S","64",",,S"
"DRM00078458","PUERTO PLATA, DR","19.75","-70.55","5.0","2019-01-17","73","H,,S","85",",,S","64",",,S"
"DRM00078458","PUERTO PLATA, DR","19.75","-70.55","5.0","2019-01-18","73","H,,S","85",",,S","64",",,S"
"DRM00078458","PUERTO PLATA, DR","19.75","-70.55","5.0","2019-01-19","74","H,,S",,,,
"DRM00078458","PUERTO PLATA, DR","19.75","-70.55","5.0","2019-01-20","76","H,,S","88",",,S","65",",,S"
"DRM00078458","PUERTO PLATA, DR","19.75","-70.55","5.0","2019-01-21","76","H,,S","88",",,S","64",",,S"
"DRM00078458","PUERTO PLATA, DR","19.75","-70.55","5.0","2019-01-22","75","H,,S","87",",,S","64",",,S"
"DRM00078458","PUERTO PLATA, DR","19.75","-70.55","5.0","2019-01-23","75","H,,S","86",",,S","66",",,S"
"DRM00078458","PUERTO PLATA, DR","19.75","-70.55","5.0","2019-01-24","76","H,,S","87",",,S","69",",,S"
"DRM00078458","PUERTO PLATA, DR","19.75","-70.55","5.0","2019-01-25","77","H,,S","88",",,S","69",",,S"
"DRM00078458","PUERTO PLATA, DR","19.75","-70.55","5.0","2019-01-26","78","H,,S","88",",,S","69",",,S"
"DRM00078458","PUERTO PLATA, DR","19.75","-70.55","5.0","2019-01-27","75","H,,S","87",",,S","67",",,S"
"DRM00078458","PUERTO PLATA, DR","19.75","-70.55","5.0","2019-01-28","76","H,,S","87",",,S","67",",,S"
"DRM00078458","PUERTO PLATA, DR","19.75","-70.55","5.0","2019-01-29","76","H,,S","88",",,S","67",",,S"
"DRM00078458","PUERTO PLATA, DR","19.75","-70.55","5.0","2019-01-30","77","H,,S","88",",,S","67",",,S"
"DRM00078458","PUERTO PLATA, DR","19.75","-70.55","5.0","2019-01-31","78","H,,S",,,,
"DRM00078458","PUERTO PLATA, DR","19.75","-70.55","5.0","2019-02-01","76","H,,S","89",",,S","68",",,S"
"DRM00078458","PUERTO PLATA, DR","19.75","-70.55","5.0","2019-02-02","77","H,,S","88",",,S","66",",,S"
"DRM00078458","PUERTO PLATA, DR","19.75","-70.55","5.0","2019-02-03","76","H,,S","89",",,S","65",",,S"
"DRM00078458","PUERTO PLATA, DR","19.75","-70.55","5.0","2019-02-04","74","H,,S","89",",,S","65",",,S"
"DRM00078458","PUERTO PLATA, DR","19.75","-70.55","5.0","2019-02-05","75","H,,S","87",",,S","66",",,S"
"DRM00078458","PUERTO PLATA, DR","19.75","-70.55","5.0","2019-02-06","74","H,,S","86",",,S","67",",,S"
"DRM00078458","PUERTO PLATA, DR","19.75","-70.55","5.0","2019-02-07","73","H,,S","82",",,S","67",",,S"
"DRM00078458","PUERTO PLATA, DR","19.75","-70.55","5.0","2019-02-08","75","H,,S","83",",,S","67",",,S"
"DRM00078458","PUERTO PLATA, DR","19.75","-70.55","5.0","2019-02-09","76","H,,S","83",",,S","68",",,S"
"DRM00078458","PUERTO PLATA, DR","19.75","-70.55","5.0","2019-02-10","73","H,,S",,,,
"DRM00078458","PUERTO PLATA, DR","19.75","-70.55","5.0","2019-02-11","75","H,,S","84",",,S","67",",,S"
"DRM00078458","PUERTO PLATA, DR","19.75","-70.55","5.0","2019-02-12","74","H,,S","84",",,S","67",",,S"
"DRM00078458","PUERTO PLATA, DR","19.75","-70.55","5.0","2019-02-13","75","H,,S","85",",,S","67",",,S"
"DRM00078458","PUERTO PLATA, DR","19.75","-70.55","5.0","2019-02-14","76","H,,S","86",",,S","68",",,S"
"DRM00078458","PUERTO PLATA, DR","19.75","-70.55","5.0","2019-02-15","76","H,,S","87",",,S","68",",,S"
"DRM00078458","PUERTO PLATA, DR","19.75","-70.55","5.0","2019-02-16","75","H,,S","83",",,S","68",",,S"
"DRM00078458","PUERTO PLATA, DR","19.75","-70.55","5.0","2019-02-17","78","H,,S","88",",,S","68",",,S"
"DRM00078458","PUERTO PLATA, DR","19.75","-70.55","5.0","2019-02-18","76","H,,S","88",",,S","68",",,S"
"DRM00078458","PUERTO PLATA, DR","19.75","-70.55","5.0","2019-02-19","77","H,,S","87",",,S","68",",,S"
"DRM00078458","PUERTO PLATA, DR","19.75","-70.55","5.0","2019-02-20","76","H,,S","86",",,S","68",",,S"
"DRM00078458","PUERTO PLATA, DR","19.75","-70.55","5.0","2019-02-21","76","H,,S","87",",,S","68",",,S"
"DRM00078458","PUERTO PLATA, DR","19.75","-70.55","5.0","2019-02-22","80","H,,S","87",",,S","71",",,S"
"DRM00078458","PUERTO PLATA, DR","19.75","-70.55","5.0","2019-02-23","77","H,,S","87",",,S","71",",,S"
"DRM00078458","PUERTO PLATA, DR","19.75","-70.55","5.0","2019-02-24","76","H,,S","87",",,S","71",",,S"
"DRM00078458","PUERTO PLATA, DR","19.75","-70.55","5.0","2019-02-25","76","H,,S","87",",,S","68",",,S"
"DRM00078458","PUERTO PLATA, DR","19.75","-70.55","5.0","2019-02-26","75","H,,S","87",",,S","68",",,S"
"DRM00078458","PUERTO PLATA, DR","19.75","-70.55","5.0","2019-02-27","76","H,,S","87",",,S","69",",,S"
"DRM00078458","PUERTO PLATA, DR","19.75","-70.55","5.0","2019-02-28","76","H,,S","85",",,S","68",",,S"
"DRM00078458","PUERTO PLATA, DR","19.75","-70.55","5.0","2019-03-01","77","H,,S","86",",,S","68",",,S"
"DRM00078458","PUERTO PLATA, DR","19.75","-70.55","5.0","2019-03-02","77","H,,S","87",",,S","69",",,S"
"DRM00078458","PUERTO PLATA, DR","19.75","-70.55","5.0","2019-03-03","78","H,,S","87",",,S","68",",,S"
"DRM00078458","PUERTO PLATA, DR","19.75","-70.55","5.0","2019-03-04","78","H,,S","90",",,S","68",",,S"
"DRM00078458","PUERTO PLATA, DR","19.75","-70.55","5.0","2019-03-05","76","H,,S","90",",,S","67",",,S"
"DRM00078458","PUERTO PLATA, DR","19.75","-70.55","5.0","2019-03-06","77","H,,S","94",",,S","67",",,S"
"DRM00078458","PUERTO PLATA, DR","19.75","-70.55","5.0","2019-03-07","77","H,,S","89",",,S","70",",,S"
"DRM00078458","PUERTO PLATA, DR","19.75","-70.55","5.0","2019-03-08","76","H,,S","86",",,S","67",",,S"
"DRM00078458","PUERTO PLATA, DR","19.75","-70.55","5.0","2019-03-09","77","H,,S","86",",,S","67",",,S"
"DRM00078458","PUERTO PLATA, DR","19.75","-70.55","5.0","2019-03-10","77","H,,S","87",",,S","68",",,S"
"DRM00078458","PUERTO PLATA, DR","19.75","-70.55","5.0","2019-03-11","74","H,,S","87",",,S","68",",,S"
"DRM00078458","PUERTO PLATA, DR","19.75","-70.55","5.0","2019-03-12","74","H,,S","86",",,S","68",",,S"
"DRM00078458","PUERTO PLATA, DR","19.75","-70.55","5.0","2019-03-13","76","H,,S","85",",,S","67",",,S"
"DRM00078458","PUERTO PLATA, DR","19.75","-70.55","5.0","2019-03-14","74","H,,S","86",",,S","66",",,S"
"DRM00078458","PUERTO PLATA, DR","19.75","-70.55","5.0","2019-03-15","79","H,,S","87",",,S","69",",,S"
"DRM00078458","PUERTO PLATA, DR","19.75","-70.55","5.0","2019-03-16","74","H,,S","87",",,S","68",",,S"
"DRM00078458","PUERTO PLATA, DR","19.75","-70.55","5.0","2019-03-17","76","H,,S","86",",,S","67",",,S"
"DRM00078458","PUERTO PLATA, DR","19.75","-70.55","5.0","2019-03-18","76","H,,S","89",",,S","65",",,S"
"DRM00078458","PUERTO PLATA, DR","19.75","-70.55","5.0","2019-03-19","77","H,,S","92",",,S","65",",,S"
"DRM00078458","PUERTO PLATA, DR","19.75","-70.55","5.0","2019-03-20","77","H,,S","92",",,S","66",",,S"
"DRM00078458","PUERTO PLATA, DR","19.75","-70.55","5.0","2019-03-21","79","H,,S","87",",,S","66",",,S"
"DRM00078458","PUERTO PLATA, DR","19.75","-70.55","5.0","2019-03-22","79","H,,S","87",",,S","70",",,S"
"DRM00078458","PUERTO PLATA, DR","19.75","-70.55","5.0","2019-03-23","79","H,,S","89",",,S","69",",,S"
"DRM00078458","PUERTO PLATA, DR","19.75","-70.55","5.0","2019-03-24","77","H,,S","90",",,S","69",",,S"
"DRM00078458","PUERTO PLATA, DR","19.75","-70.55","5.0","2019-03-25","75","H,,S","87",",,S","68",",,S"
"DRM00078458","PUERTO PLATA, DR","19.75","-70.55","5.0","2019-03-26","76","H,,S","86",",,S","68",",,S"
"DRM00078458","PUERTO PLATA, DR","19.75","-70.55","5.0","2019-03-27","78","H,,S","86",",,S","70",",,S"
"DRM00078458","PUERTO PLATA, DR","19.75","-70.55","5.0","2019-03-28","74","H,,S",,,,
"DRM00078458","PUERTO PLATA, DR","19.75","-70.55","5.0","2019-03-29","74","H,,S","85",",,S","70",",,S"
"DRM00078458","PUERTO PLATA, DR","19.75","-70.55","5.0","2019-03-30","74","H,,S","85",",,S","70",",,S"
"DRM00078458","PUERTO PLATA, DR","19.75","-70.55","5.0","2019-03-31","76","H,,S","84",",,S","68",",,S"
"DRM00078458","PUERTO PLATA, DR","19.75","-70.55","5.0","2019-04-01","77","H,,S","87",",,S","68",",,S"
"DRM00078458","PUERTO PLATA, DR","19.75","-70.55","5.0","2019-04-02","78","H,,S","87",",,S","70",",,S"
"DRM00078458","PUERTO PLATA, DR","19.75","-70.55","5.0","2019-04-03","78","H,,S","89",",,S","72",",,S"
"DRM00078458","PUERTO PLATA, DR","19.75","-70.55","5.0","2019-04-04","77","H,,S","89",",,S","71",",,S"
"DRM00078458","PUERTO PLATA, DR","19.75","-70.55","5.0","2019-04-05","78","H,,S","88",",,S","69",",,S"
"DRM00078458","PUERTO PLATA, DR","19.75","-70.55","5.0","2019-04-06","77","H,,S","88",",,S","69",",,S"
"DRM00078458","PUERTO PLATA, DR","19.75","-70.55","5.0","2019-04-07","80","H,,S","87",",,S","71",",,S"
"DRM00078458","PUERTO PLATA, DR","19.75","-70.55","5.0","2019-04-08","78","H,,S","89",",,S","68",",,S"
"DRM00078458","PUERTO PLATA, DR","19.75","-70.55","5.0","2019-04-09","79","H,,S","90",",,S","68",",,S"
"DRM00078458","PUERTO PLATA, DR","19.75","-70.55","5.0","2019-04-10","80","H,,S","90",",,S","67",",,S"
"DRM00078458","PUERTO PLATA, DR","19.75","-70.55","5.0","2019-04-11","77","H,,S","90",",,S","67",",,S"
"DRM00078458","PUERTO PLATA, DR","19.75","-70.55","5.0","2019-04-12","83","H,,S","92",",,S","70",",,S"
"DRM00078458","PUERTO PLATA, DR","19.75","-70.55","5.0","2019-04-13","80","H,,S","92",",,S","70",",,S"
"DRM00078458","PUERTO PLATA, DR","19.75","-70.55","5.0","2019-04-14","80","H,,S",,,,
"DRM00078458","PUERTO PLATA, DR","19.75","-70.55","5.0","2019-04-15","79","H,,S","90",",,S","71",",,S"
"DRM00078458","PUERTO PLATA, DR","19.75","-70.55","5.0","2019-04-16","80","H,,S","93",",,S","70",",,S"
"DRM00078458","PUERTO PLATA, DR","19.75","-70.55","5.0","2019-04-17","81","H,,S","93",",,S","70",",,S"
"DRM00078458","PUERTO PLATA, DR","19.75","-70.55","5.0","2019-04-18","80","H,,S","90",",,S","70",",,S"
"DRM00078458","PUERTO PLATA, DR","19.75","-70.55","5.0","2019-04-19","80","H,,S","90",",,S","70",",,S"
"DRM00078458","PUERTO PLATA, DR","19.75","-70.55","5.0","2019-04-20","80","H,,S","92",",,S","70",",,S"
"DRM00078458","PUERTO PLATA, DR","19.75","-70.55","5.0","2019-04-21","80","H,,S","92",",,S","71",",,S"
"DRM00078458","PUERTO PLATA, DR","19.75","-70.55","5.0","2019-04-22","78","H,,S","91",",,S","70",",,S"
"DRM00078458","PUERTO PLATA, DR","19.75","-70.55","5.0","2019-04-23","79","H,,S","91",",,S","70",",,S"
"DRM00078458","PUERTO PLATA, DR","19.75","-70.55","5.0","2019-04-24","78","H,,S","91",",,S","66",",,S"
"DRM00078458","PUERTO PLATA, DR","19.75","-70.55","5.0","2019-04-25","78","H,,S","89",",,S","66",",,S"
"DRM00078458","PUERTO PLATA, DR","19.75","-70.55","5.0","2019-04-26","84","H,,S","90",",,S","67",",,S"
"DRM00078458","PUERTO PLATA, DR","19.75","-70.55","5.0","2019-04-27","80","H,,S","90",",,S","71",",,S"
"DRM00078458","PUERTO PLATA, DR","19.75","-70.55","5.0","2019-04-28","80","H,,S","91",",,S","72",",,S"
"DRM00078458","PUERTO PLATA, DR","19.75","-70.55","5.0","2019-04-29","77","H,,S","91",",,S","72",",,S"
"DRM00078458","PUERTO PLATA, DR","19.75","-70.55","5.0","2019-04-30","77","H,,S","91",",,S","67",",,S"
"DRM00078458","PUERTO PLATA, DR","19.75","-70.55","5.0","2019-05-01","78","H,,S","92",",,S","70",",,S"
"DRM00078458","PUERTO PLATA, DR","19.75","-70.55","5.0","2019-05-02","81","H,,S","90",",,S","70",",,S"
"DRM00078458","PUERTO PLATA, DR","19.75","-70.55","5.0","2019-05-03","80","H,,S","87",",,S","73",",,S"
"DRM00078458","PUERTO PLATA, DR","19.75","-70.55","5.0","2019-05-04","80","H,,S","91",",,S","73",",,S"
"DRM00078458","PUERTO PLATA, DR","19.75","-70.55","5.0","2019-05-05","80","H,,S",,,,
"DRM00078458","PUERTO PLATA, DR","19.75","-70.55","5.0","2019-05-06","80","H,,S","91",",,S","72",",,S"
"DRM00078458","PUERTO PLATA, DR","19.75","-70.55","5.0","2019-05-07","83","H,,S","94",",,S","72",",,S"
"DRM00078458","PUERTO PLATA, DR","19.75","-70.55","5.0","2019-05-08","80","H,,S","94",",,S","72",",,S"
"DRM00078458","PUERTO PLATA, DR","19.75","-70.55","5.0","2019-05-09","80","H,,S","92",",,S","72",",,S"
"DRM00078458","PUERTO PLATA, DR","19.75","-70.55","5.0","2019-05-10","80","H,,S","89",",,S","72",",,S"
"DRM00078458","PUERTO PLATA, DR","19.75","-70.55","5.0","2019-05-11","80","H,,S","88",",,S","72",",,S"
"DRM00078458","PUERTO PLATA, DR","19.75","-70.55","5.0","2019-05-12","81","H,,S","93",",,S","72",",,S"
"DRM00078458","PUERTO PLATA, DR","19.75","-70.55","5.0","2019-05-13","83","H,,S","97",",,S","73",",,S"
"DRM00078458","PUERTO PLATA, DR","19.75","-70.55","5.0","2019-05-14","84","H,,S","97",",,S","73",",,S"
"DRM00078458","PUERTO PLATA, DR","19.75","-70.55","5.0","2019-05-15","81","H,,S","98",",,S","71",",,S"
"DRM00078458","PUERTO PLATA, DR","19.75","-70.55","5.0","2019-05-16","82","H,,S","90",",,S","72",",,S"
"DRM00078458","PUERTO PLATA, DR","19.75","-70.55","5.0","2019-05-17","82","H,,S","94",",,S","73",",,S"
"DRM00078458","PUERTO PLATA, DR","19.75","-70.55","5.0","2019-05-18","82","H,,S","93",",,S","74",",,S"
"DRM00078458","PUERTO PLATA, DR","19.75","-70.55","5.0","2019-05-19","80","H,,S","95",",,S","72",",,S"
"DRM00078458","PUERTO PLATA, DR","19.75","-70.55","5.0","2019-05-20","80","H,,S","92",",,S","72",",,S"
"DRM00078458","PUERTO PLATA, DR","19.75","-70.55","5.0","2019-05-21","77","H,,S","93",",,S","72",",,S"
"DRM00078458","PUERTO PLATA, DR","19.75","-70.55","5.0","2019-05-22","79","H,,S","92",",,S","71",",,S"
"DRM00078458","PUERTO PLATA, DR","19.75","-70.55","5.0","2019-05-23","79","H,,S","91",",,S","71",",,S"
"DRM00078458","PUERTO PLATA, DR","19.75","-70.55","5.0","2019-05-24","81","H,,S","90",",,S","71",",,S"
"DRM00078458","PUERTO PLATA, DR","19.75","-70.55","5.0","2019-05-25","81","H,,S","90",",,S","71",",,S"
"DRM00078458","PUERTO PLATA, DR","19.75","-70.55","5.0","2019-05-26","80","H,,S","89",",,S","72",",,S"
"DRM00078458","PUERTO PLATA, DR","19.75","-70.55","5.0","2019-05-27","81","H,,S","90",",,S","72",",,S"
"DRM00078458","PUERTO PLATA, DR","19.75","-70.55","5.0","2019-05-28","80","H,,S","91",",,S","73",",,S"
"DRM00078458","PUERTO PLATA, DR","19.75","-70.55","5.0","2019-05-29","77","H,,S",,,,
"DRM00078458","PUERTO PLATA, DR","19.75","-70.55","5.0","2019-05-30","79","H,,S","92",",,S","73",",,S"
"DRM00078458","PUERTO PLATA, DR","19.75","-70.55","5.0","2019-05-31","81","H,,S",,,,
"DRM00078458","PUERTO PLATA, DR","19.75","-70.55","5.0","2019-06-01","81","H,,S","91",",,S","73",",,S"
"DRM00078458","PUERTO PLATA, DR","19.75","-70.55","5.0","2019-06-02","80","H,,S","93",",,S","71",",,S"
"DRM00078458","PUERTO PLATA, DR","19.75","-70.55","5.0","2019-06-03","81","H,,S","92",",,S","71",",,S"
"DRM00078458","PUERTO PLATA, DR","19.75","-70.55","5.0","2019-06-04","82","H,,S","92",",,S","72",",,S"
"DRM00078458","PUERTO PLATA, DR","19.75","-70.55","5.0","2019-06-05","80","H,,S","92",",,S","72",",,S"
"DRM00078458","PUERTO PLATA, DR","19.75","-70.55","5.0","2019-06-06","79","H,,S",,,,
"DRM00078458","PUERTO PLATA, DR","19.75","-70.55","5.0","2019-06-07","81","H,,S","90",",,S","74",",,S"
"DRM00078458","PUERTO PLATA, DR","19.75","-70.55","5.0","2019-06-08","80","H,,S","90",",,S","73",",,S"
"DRM00078458","PUERTO PLATA, DR","19.75","-70.55","5.0","2019-06-09","80","H,,S","92",",,S","72",",,S"
"DRM00078458","PUERTO PLATA, DR","19.75","-70.55","5.0","2019-06-10","82","H,,S","95",",,S","72",",,S"
"DRM00078458","PUERTO PLATA, DR","19.75","-70.55","5.0","2019-06-11","83","H,,S","95",",,S","73",",,S"
"DRM00078458","PUERTO PLATA, DR","19.75","-70.55","5.0","2019-06-12","83","H,,S",,,,
"DRM00078458","PUERTO PLATA, DR","19.75","-70.55","5.0","2019-06-13","82","H,,S","93",",,S","74",",,S"
"DRM00078458","PUERTO PLATA, DR","19.75","-70.55","5.0","2019-06-14","83","H,,S",,,,
"DRM00078458","PUERTO PLATA, DR","19.75","-70.55","5.0","2019-06-15","82","H,,S","92",",,S","72",",,S"
"DRM00078458","PUERTO PLATA, DR","19.75","-70.55","5.0","2019-06-16","83","H,,S","92",",,S","72",",,S"
"DRM00078458","PUERTO PLATA, DR","19.75","-70.55","5.0","2019-06-17","82","H,,S","91",",,S","73",",,S"
"DRM00078458","PUERTO PLATA, DR","19.75","-70.55","5.0","2019-06-18","81","H,,S","93",",,S","73",",,S"
"DRM00078458","PUERTO PLATA, DR","19.75","-70.55","5.0","2019-06-19","84","H,,S","94",",,S","74",",,S"
"DRM00078458","PUERTO PLATA, DR","19.75","-70.55","5.0","2019-06-20","84","H,,S","94",",,S","74",",,S"
"DRM00078458","PUERTO PLATA, DR","19.75","-70.55","5.0","2019-06-21","85","H,,S","98",",,S","75",",,S"
"DRM00078458","PUERTO PLATA, DR","19.75","-70.55","5.0","2019-06-22","85","H,,S","99",",,S","74",",,S"
"DRM00078458","PUERTO PLATA, DR","19.75","-70.55","5.0","2019-06-23","83","H,,S","99",",,S","74",",,S"
"DRM00078458","PUERTO PLATA, DR","19.75","-70.55","5.0","2019-06-24","83","H,,S","95",",,S","75",",,S"
"DRM00078458","PUERTO PLATA, DR","19.75","-70.55","5.0","2019-06-25","82","H,,S","92",",,S","75",",,S"
"DRM00078458","PUERTO PLATA, DR","19.75","-70.55","5.0","2019-06-26","83","H,,S","94",",,S","76",",,S"
"DRM00078458","PUERTO PLATA, DR","19.75","-70.55","5.0","2019-06-27","81","H,,S","91",",,S","73",",,S"
"DRM00078458","PUERTO PLATA, DR","19.75","-70.55","5.0","2019-06-28","81","H,,S","93",",,S","73",",,S"
"DRM00078458","PUERTO PLATA, DR","19.75","-70.55","5.0","2019-06-29","82","H,,S","93",",,S","75",",,S"
"DRM00078458","PUERTO PLATA, DR","19.75","-70.55","5.0","2019-06-30","84","H,,S","94",",,S","74",",,S"
"DRM00078458","PUERTO PLATA, DR","19.75","-70.55","5.0","2019-07-01","83","H,,S","95",",,S","74",",,S"
"DRM00078458","PUERTO PLATA, DR","19.75","-70.55","5.0","2019-07-02","81","H,,S","95",",,S","74",",,S"
"DRM00078458","PUERTO PLATA, DR","19.75","-70.55","5.0","2019-07-03","82","H,,S","92",",,S","73",",,S"
"DRM00078458","PUERTO PLATA, DR","19.75","-70.55","5.0","2019-07-04","83","H,,S","95",",,S","72",",,S"
"DRM00078458","PUERTO PLATA, DR","19.75","-70.55","5.0","2019-07-05","83","H,,S","95",",,S","72",",,S"
"DRM00078458","PUERTO PLATA, DR","19.75","-70.55","5.0","2019-07-06","82","H,,S","92",",,S","74",",,S"
"DRM00078458","PUERTO PLATA, DR","19.75","-70.55","5.0","2019-07-07","84","H,,S","93",",,S","74",",,S"
"DRM00078458","PUERTO PLATA, DR","19.75","-70.55","5.0","2019-07-08","83","H,,S","93",",,S","75",",,S"
"DRM00078458","PUERTO PLATA, DR","19.75","-70.55","5.0","2019-07-09","83","H,,S","96",",,S","75",",,S"
"DRM00078458","PUERTO PLATA, DR","19.75","-70.55","5.0","2019-07-10","87","H,,S","98",",,S","75",",,S"
"DRM00078458","PUERTO PLATA, DR","19.75","-70.55","5.0","2019-07-11","84","H,,S","98",",,S","75",",,S"
"DRM00078458","PUERTO PLATA, DR","19.75","-70.55","5.0","2019-07-12","83","H,,S","94",",,S","75",",,S"
"DRM00078458","PUERTO PLATA, DR","19.75","-70.55","5.0","2019-07-13","83","H,,S","94",",,S","74",",,S"
"DRM00078458","PUERTO PLATA, DR","19.75","-70.55","5.0","2019-07-14","83","H,,S","94",",,S","74",",,S"
"DRM00078458","PUERTO PLATA, DR","19.75","-70.55","5.0","2019-07-15","82","H,,S","93",",,S","75",",,S"
"DRM00078458","PUERTO PLATA, DR","19.75","-70.55","5.0","2019-07-16","83","H,,S","95",",,S","75",",,S"
"DRM00078458","PUERTO PLATA, DR","19.75","-70.55","5.0","2019-07-17","83","H,,S","96",",,S","73",",,S"
"DRM00078458","PUERTO PLATA, DR","19.75","-70.55","5.0","2019-07-18","83","H,,S","95",",,S","73",",,S"
"DRM00078458","PUERTO PLATA, DR","19.75","-70.55","5.0","2019-07-19","85","H,,S","94",",,S","73",",,S"
"DRM00078458","PUERTO PLATA, DR","19.75","-70.55","5.0","2019-07-20","83","H,,S","93",",,S","75",",,S"
"DRM00078458","PUERTO PLATA, DR","19.75","-70.55","5.0","2019-07-22","84","H,,S","94",",,S","74",",,S"
"DRM00078458","PUERTO PLATA, DR","19.75","-70.55","5.0","2019-07-23","86","H,,S","99",",,S","74",",,S"
"DRM00078458","PUERTO PLATA, DR","19.75","-70.55","5.0","2019-07-24","84","H,,S",,,,
"DRM00078458","PUERTO PLATA, DR","19.75","-70.55","5.0","2019-07-25","84","H,,S","95",",,S","76",",,S"
"DRM00078458","PUERTO PLATA, DR","19.75","-70.55","5.0","2019-07-26","84","H,,S","95",",,S","76",",,S"
"DRM00078458","PUERTO PLATA, DR","19.75","-70.55","5.0","2019-07-27","86","H,,S","96",",,S","76",",,S"
"DRM00078458","PUERTO PLATA, DR","19.75","-70.55","5.0","2019-07-28","81","H,,S","95",",,S","71",",,S"
"DRM00078458","PUERTO PLATA, DR","19.75","-70.55","5.0","2019-07-29","81","H,,S","92",",,S","71",",,S"
"DRM00078458","PUERTO PLATA, DR","19.75","-70.55","5.0","2019-07-30","81","H,,S","93",",,S","73",",,S"
"DRM00078458","PUERTO PLATA, DR","19.75","-70.55","5.0","2019-07-31","81","H,,S","92",",,S","74",",,S"
"DRM00078458","PUERTO PLATA, DR","19.75","-70.55","5.0","2019-08-01","82","H,,S","95",",,S","74",",,S"
"DRM00078458","PUERTO PLATA, DR","19.75","-70.55","5.0","2019-08-02","83","H,,S",,,,
"DRM00078458","PUERTO PLATA, DR","19.75","-70.55","5.0","2019-08-03","84","H,,S","94",",,S","76",",,S"
"DRM00078458","PUERTO PLATA, DR","19.75","-70.55","5.0","2019-08-04","85","H,,S","94",",,S","76",",,S"
"DRM00078458","PUERTO PLATA, DR","19.75","-70.55","5.0","2019-08-05","84","H,,S","94",",,S","74",",,S"
"DRM00078458","PUERTO PLATA, DR","19.75","-70.55","5.0","2019-08-06","84","H,,S","94",",,S","74",",,S"
"DRM00078458","PUERTO PLATA, DR","19.75","-70.55","5.0","2019-08-07","84","H,,S","94",",,S","75",",,S"
"DRM00078458","PUERTO PLATA, DR","19.75","-70.55","5.0","2019-08-08","84","H,,S","95",",,S","75",",,S"
"DRM00078458","PUERTO PLATA, DR","19.75","-70.55","5.0","2019-08-09","85","H,,S","95",",,S","75",",,S"
"DRM00078458","PUERTO PLATA, DR","19.75","-70.55","5.0","2019-08-10","86","H,,S","100",",,S","75",",,S"
"DRM00078458","PUERTO PLATA, DR","19.75","-70.55","5.0","2019-08-11","85","H,,S","100",",,S","77",",,S"
"DRM00078458","PUERTO PLATA, DR","19.75","-70.55","5.0","2019-08-12","83","H,,S","95",",,S","72",",,S"
"DRM00078458","PUERTO PLATA, DR","19.75","-70.55","5.0","2019-08-13","84","H,,S","97",",,S","72",",,S"
"DRM00078458","PUERTO PLATA, DR","19.75","-70.55","5.0","2019-08-14","86","H,,S","99",",,S","77",",,S"
"DRM00078458","PUERTO PLATA, DR","19.75","-70.55","5.0","2019-08-15","87","H,,S","99",",,S","77",",,S"
"DRM00078458","PUERTO PLATA, DR","19.75","-70.55","5.0","2019-08-16","87","H,,S","95",",,S","77",",,S"
"DRM00078458","PUERTO PLATA, DR","19.75","-70.55","5.0","2019-08-17","81","H,,S","95",",,S","75",",,S"
"DRM00078458","PUERTO PLATA, DR","19.75","-70.55","5.0","2019-08-18","80","H,,S","93",",,S","73",",,S"
"DRM00078458","PUERTO PLATA, DR","19.75","-70.55","5.0","2019-08-19","82","H,,S","93",",,S","73",",,S"
"DRM00078458","PUERTO PLATA, DR","19.75","-70.55","5.0","2019-08-20","83","H,,S","93",",,S","74",",,S"
"DRM00078458","PUERTO PLATA, DR","19.75","-70.55","5.0","2019-08-21","85","H,,S","94",",,S","75",",,S"
"DRM00078458","PUERTO PLATA, DR","19.75","-70.55","5.0","2019-08-22","84","H,,S","94",",,S","76",",,S"
"DRM00078458","PUERTO PLATA, DR","19.75","-70.55","5.0","2019-08-23","86","H,,S","95",",,S","76",",,S"
"DRM00078458","PUERTO PLATA, DR","19.75","-70.55","5.0","2019-08-24","84","H,,S","95",",,S","76",",,S"
"DRM00078458","PUERTO PLATA, DR","19.75","-70.55","5.0","2019-08-25","85","H,,S","95",",,S","76",",,S"
"DRM00078458","PUERTO PLATA, DR","19.75","-70.55","5.0","2019-08-26","85","H,,S","97",",,S","77",",,S"
"DRM00078458","PUERTO PLATA, DR","19.75","-70.55","5.0","2019-08-27","84","H,,S","97",",,S","74",",,S"
"DRM00078458","PUERTO PLATA, DR","19.75","-70.55","5.0","2019-08-28","83","H,,S","96",",,S","73",",,S"
"DRM00078458","PUERTO PLATA, DR","19.75","-70.55","5.0","2019-08-29","84","H,,S","96",",,S","73",",,S"
"DRM00078458","PUERTO PLATA, DR","19.75","-70.55","5.0","2019-08-30","82","H,,S","92",",,S","74",",,S"
"DRM00078458","PUERTO PLATA, DR","19.75","-70.55","5.0","2019-08-31","81","H,,S","97",",,S","72",",,S"
"DRM00078458","PUERTO PLATA, DR","19.75","-70.55","5.0","2019-09-01","85","H,,S","97",",,S","72",",,S"
"DRM00078458","PUERTO PLATA, DR","19.75","-70.55","5.0","2019-09-02","84","H,,S","95",",,S","74",",,S"
"DRM00078458","PUERTO PLATA, DR","19.75","-70.55","5.0","2019-09-03","85","H,,S","99",",,S","74",",,S"
"DRM00078458","PUERTO PLATA, DR","19.75","-70.55","5.0","2019-09-04","85","H,,S","99",",,S","74",",,S"
"DRM00078458","PUERTO PLATA, DR","19.75","-70.55","5.0","2019-09-05","85","H,,S","96",",,S","74",",,S"
"DRM00078458","PUERTO PLATA, DR","19.75","-70.55","5.0","2019-09-06","83","H,,S","94",",,S","76",",,S"
"DRM00078458","PUERTO PLATA, DR","19.75","-70.55","5.0","2019-09-07","83","H,,S","94",",,S","75",",,S"
"DRM00078458","PUERTO PLATA, DR","19.75","-70.55","5.0","2019-09-08","87","H,,S","94",",,S","74",",,S"
"DRM00078458","PUERTO PLATA, DR","19.75","-70.55","5.0","2019-09-09","84","H,,S","93",",,S","74",",,S"
"DRM00078458","PUERTO PLATA, DR","19.75","-70.55","5.0","2019-09-10","82","H,,S","95",",,S","75",",,S"
"DRM00078458","PUERTO PLATA, DR","19.75","-70.55","5.0","2019-09-11","81","H,,S",,,,
"DRM00078458","PUERTO PLATA, DR","19.75","-70.55","5.0","2019-09-12","84","H,,S","98",",,S","74",",,S"
"DRM00078458","PUERTO PLATA, DR","19.75","-70.55","5.0","2019-09-13","87","H,,S","94",",,S","75",",,S"
"DRM00078458","PUERTO PLATA, DR","19.75","-70.55","5.0","2019-09-14","86","H,,S","96",",,S","75",",,S"
"DRM00078458","PUERTO PLATA, DR","19.75","-70.55","5.0","2019-09-15","86","H,,S","96",",,S","77",",,S"
"DRM00078458","PUERTO PLATA, DR","19.75","-70.55","5.0","2019-09-16","84","H,,S","95",",,S","76",",,S"
"DRM00078458","PUERTO PLATA, DR","19.75","-70.55","5.0","2019-09-17","85","H,,S","99",",,S","74",",,S"
"DRM00078458","PUERTO PLATA, DR","19.75","-70.55","5.0","2019-09-18","83","H,,S","100",",,S","74",",,S"
"DRM00078458","PUERTO PLATA, DR","19.75","-70.55","5.0","2019-09-19","82","H,,S",,,,
"DRM00078458","PUERTO PLATA, DR","19.75","-70.55","5.0","2019-09-20","83","H,,S","95",",,S","76",",,S"
"DRM00078458","PUERTO PLATA, DR","19.75","-70.55","5.0","2019-09-21","84","H,,S","96",",,S","75",",,S"
"DRM00078458","PUERTO PLATA, DR","19.75","-70.55","5.0","2019-09-22","82","H,,S","96",",,S","75",",,S"
"DRM00078458","PUERTO PLATA, DR","19.75","-70.55","5.0","2019-09-23","81","H,,S","92",",,S","74",",,S"
"DRM00078458","PUERTO PLATA, DR","19.75","-70.55","5.0","2019-09-24","82","H,,S","92",",,S","74",",,S"
"DRM00078458","PUERTO PLATA, DR","19.75","-70.55","5.0","2019-09-25","80","H,,S","91",",,S","75",",,S"
"DRM00078458","PUERTO PLATA, DR","19.75","-70.55","5.0","2019-09-26","79","H,,S","92",",,S","73",",,S"
"DRM00078458","PUERTO PLATA, DR","19.75","-70.55","5.0","2019-09-27","80","H,,S","90",",,S","73",",,S"
"DRM00078458","PUERTO PLATA, DR","19.75","-70.55","5.0","2019-09-28","84","H,,S","94",",,S","74",",,S"
"DRM00078458","PUERTO PLATA, DR","19.75","-70.55","5.0","2019-09-29","82","H,,S","94",",,S","74",",,S"
"DRM00078458","PUERTO PLATA, DR","19.75","-70.55","5.0","2019-09-30","81","H,,S","90",",,S","74",",,S"
"DRM00078458","PUERTO PLATA, DR","19.75","-70.55","5.0","2019-10-01","80","H,,S","90",",,S","74",",,S"
"DRM00078458","PUERTO PLATA, DR","19.75","-70.55","5.0","2019-10-02","78","H,,S","92",",,S","72",",,S"
"DRM00078458","PUERTO PLATA, DR","19.75","-70.55","5.0","2019-10-03","80","H,,S","90",",,S","74",",,S"
"DRM00078458","PUERTO PLATA, DR","19.75","-70.55","5.0","2019-10-04","82","H,,S","92",",,S","74",",,S"
"DRM00078458","PUERTO PLATA, DR","19.75","-70.55","5.0","2019-10-05","80","H,,S","92",",,S","76",",,S"
"DRM00078458","PUERTO PLATA, DR","19.75","-70.55","5.0","2019-10-06","83","H,,S","92",",,S","74",",,S"
"DRM00078458","PUERTO PLATA, DR","19.75","-70.55","5.0","2019-10-07","83","H,,S","93",",,S","74",",,S"
"DRM00078458","PUERTO PLATA, DR","19.75","-70.55","5.0","2019-10-08","83","H,,S","94",",,S","74",",,S"
"DRM00078458","PUERTO PLATA, DR","19.75","-70.55","5.0","2019-10-09","83","H,,S","94",",,S","73",",,S"
"DRM00078458","PUERTO PLATA, DR","19.75","-70.55","5.0","2019-10-10","83","H,,S","93",",,S","73",",,S"
"DRM00078458","PUERTO PLATA, DR","19.75","-70.55","5.0","2019-10-11","81","H,,S","93",",,S","72",",,S"
"DRM00078458","PUERTO PLATA, DR","19.75","-70.55","5.0","2019-10-12","81","H,,S","92",",,S","72",",,S"
"DRM00078458","PUERTO PLATA, DR","19.75","-70.55","5.0","2019-10-13","82","H,,S","94",",,S","73",",,S"
"DRM00078458","PUERTO PLATA, DR","19.75","-70.55","5.0","2019-10-14","81","H,,S","94",",,S","72",",,S"
"DRM00078458","PUERTO PLATA, DR","19.75","-70.55","5.0","2019-10-15","84","H,,S","93",",,S","72",",,S"
"DRM00078458","PUERTO PLATA, DR","19.75","-70.55","5.0","2019-10-16","83","H,,S","95",",,S","73",",,S"
"DRM00078458","PUERTO PLATA, DR","19.75","-70.55","5.0","2019-10-17","83","H,,S","95",",,S","72",",,S"
"DRM00078458","PUERTO PLATA, DR","19.75","-70.55","5.0","2019-10-18","84","H,,S","95",",,S","72",",,S"
"DRM00078458","PUERTO PLATA, DR","19.75","-70.55","5.0","2019-10-19","81","H,,S","95",",,S","70",",,S"
"DRM00078458","PUERTO PLATA, DR","19.75","-70.55","5.0","2019-10-20","84","H,,S","95",",,S","70",",,S"
"DRM00078458","PUERTO PLATA, DR","19.75","-70.55","5.0","2019-10-21","82","H,,S","95",",,S","74",",,S"
"DRM00078458","PUERTO PLATA, DR","19.75","-70.55","5.0","2019-10-22","82","H,,S","93",",,S","74",",,S"
"DRM00078458","PUERTO PLATA, DR","19.75","-70.55","5.0","2019-10-23","77","H,,S","93",",,S","73",",,S"
"DRM00078458","PUERTO PLATA, DR","19.75","-70.55","5.0","2019-10-24","78","H,,S","92",",,S","71",",,S"
"DRM00078458","PUERTO PLATA, DR","19.75","-70.55","5.0","2019-10-25","79","H,,S","91",",,S","71",",,S"
"DRM00078458","PUERTO PLATA, DR","19.75","-70.55","5.0","2019-10-26","80","H,,S","91",",,S","71",",,S"
"DRM00078458","PUERTO PLATA, DR","19.75","-70.55","5.0","2019-10-27","79","H,,S","92",",,S","72",",,S"
"DRM00078458","PUERTO PLATA, DR","19.75","-70.55","5.0","2019-10-28","80","H,,S","92",",,S","73",",,S"
"DRM00078458","PUERTO PLATA, DR","19.75","-70.55","5.0","2019-10-29","80","H,,S","93",",,S","73",",,S"
"DRM00078458","PUERTO PLATA, DR","19.75","-70.55","5.0","2019-10-30","80","H,,S","90",",,S","73",",,S"
"DRM00078458","PUERTO PLATA, DR","19.75","-70.55","5.0","2019-10-31","80","H,,S","90",",,S","73",",,S"
"DRM00078458","PUERTO PLATA, DR","19.75","-70.55","5.0","2019-11-01","79","H,,S","92",",,S","72",",,S"
"DRM00078458","PUERTO PLATA, DR","19.75","-70.55","5.0","2019-11-02","79","H,,S","90",",,S","72",",,S"
"DRM00078458","PUERTO PLATA, DR","19.75","-70.55","5.0","2019-11-03","79","H,,S","93",",,S","72",",,S"
"DRM00078458","PUERTO PLATA, DR","19.75","-70.55","5.0","2019-11-04","81","H,,S","90",",,S","72",",,S"
"DRM00078458","PUERTO PLATA, DR","19.75","-70.55","5.0","2019-11-05","78","H,,S","90",",,S","72",",,S"
"DRM00078458","PUERTO PLATA, DR","19.75","-70.55","5.0","2019-11-06","81","H,,S","92",",,S","72",",,S"
"DRM00078458","PUERTO PLATA, DR","19.75","-70.55","5.0","2019-11-07","78","H,,S","93",",,S","73",",,S"
"DRM00078458","PUERTO PLATA, DR","19.75","-70.55","5.0","2019-11-08","81","H,,S","94",",,S","72",",,S"
"DRM00078458","PUERTO PLATA, DR","19.75","-70.55","5.0","2019-11-09","83","H,,S","94",",,S","72",",,S"
"DRM00078458","PUERTO PLATA, DR","19.75","-70.55","5.0","2019-11-10","81","H,,S","96",",,S","72",",,S"
"DRM00078458","PUERTO PLATA, DR","19.75","-70.55","5.0","2019-11-11","80","H,,S","93",",,S","72",",,S"
"DRM00078458","PUERTO PLATA, DR","19.75","-70.55","5.0","2019-11-12","79","H,,S","91",",,S","60",",O,S"
"DRM00078458","PUERTO PLATA, DR","19.75","-70.55","5.0","2019-11-13","81","H,,S","93",",,S","60",",,S"
"DRM00078458","PUERTO PLATA, DR","19.75","-70.55","5.0","2019-11-14","80","H,,S","92",",,S","69",",,S"
"DRM00078458","PUERTO PLATA, DR","19.75","-70.55","5.0","2019-11-15","80","H,,S","92",",,S","71",",,S"
"DRM00078458","PUERTO PLATA, DR","19.75","-70.55","5.0","2019-11-16","80","H,,S","92",",,S","70",",,S"
"DRM00078458","PUERTO PLATA, DR","19.75","-70.55","5.0","2019-11-17","79","H,,S","92",",,S","70",",,S"
"DRM00078458","PUERTO PLATA, DR","19.75","-70.55","5.0","2019-11-18","80","H,,S","89",",,S","70",",,S"
"DRM00078458","PUERTO PLATA, DR","19.75","-70.55","5.0","2019-11-19","81","H,,S","95",",,S","70",",,S"
"DRM00078458","PUERTO PLATA, DR","19.75","-70.55","5.0","2019-11-20","80","H,,S","95",",,S","70",",,S"
"DRM00078458","PUERTO PLATA, DR","19.75","-70.55","5.0","2019-11-21","78","H,,S","90",",,S","73",",,S"
"DRM00078458","PUERTO PLATA, DR","19.75","-70.55","5.0","2019-11-22","77","H,,S","87",",,S","71",",,S"
"DRM00078458","PUERTO PLATA, DR","19.75","-70.55","5.0","2019-11-23","75","H,,S","86",",,S","69",",,S"
"DRM00078458","PUERTO PLATA, DR","19.75","-70.55","5.0","2019-11-24","76","H,,S","88",",,S","67",",,S"
"DRM00078458","PUERTO PLATA, DR","19.75","-70.55","5.0","2019-11-25","76","H,,S","88",",,S","66",",,S"
"DRM00078458","PUERTO PLATA, DR","19.75","-70.55","5.0","2019-11-26","76","H,,S","90",",,S","66",",,S"
"DRM00078458","PUERTO PLATA, DR","19.75","-70.55","5.0","2019-11-27","77","H,,S","90",",,S","65",",,S"
"DRM00078458","PUERTO PLATA, DR","19.75","-70.55","5.0","2019-11-28","77","H,,S","88",",,S","65",",,S"
"DRM00078458","PUERTO PLATA, DR","19.75","-70.55","5.0","2019-11-29","79","H,,S","87",",,S","72",",,S"
"DRM00078458","PUERTO PLATA, DR","19.75","-70.55","5.0","2019-11-30","76","H,,S",,,,
"DRM00078458","PUERTO PLATA, DR","19.75","-70.55","5.0","2019-12-01","76","H,,S","84",",,S","67",",,S"
"DRM00078458","PUERTO PLATA, DR","19.75","-70.55","5.0","2019-12-02","76","H,,S","88",",,S","67",",,S"
"DRM00078458","PUERTO PLATA, DR","19.75","-70.55","5.0","2019-12-03","77","H,,S","88",",,S","67",",,S"
"DRM00078458","PUERTO PLATA, DR","19.75","-70.55","5.0","2019-12-04","79","H,,S","89",",,S","68",",,S"
"DRM00078458","PUERTO PLATA, DR","19.75","-70.55","5.0","2019-12-05","79","H,,S","91",",,S","72",",,S"
"DRM00078458","PUERTO PLATA, DR","19.75","-70.55","5.0","2019-12-06","77","H,,S","91",",,S","72",",,S"
"DRM00078458","PUERTO PLATA, DR","19.75","-70.55","5.0","2019-12-07","78","H,,S","86",",,S","71",",,S"
"DRM00078458","PUERTO PLATA, DR","19.75","-70.55","5.0","2019-12-08","75","H,,S","87",",,S","71",",,S"
"DRM00078458","PUERTO PLATA, DR","19.75","-70.55","5.0","2019-12-09","78","H,,S","87",",,S","71",",,S"
"DRM00078458","PUERTO PLATA, DR","19.75","-70.55","5.0","2019-12-10","77","H,,S","87",",,S","71",",,S"
"DRM00078458","PUERTO PLATA, DR","19.75","-70.55","5.0","2019-12-11","77","H,,S","86",",,S","71",",,S"
"DRM00078458","PUERTO PLATA, DR","19.75","-70.55","5.0","2019-12-12","75","H,,S","87",",,S","70",",,S"
"DRM00078458","PUERTO PLATA, DR","19.75","-70.55","5.0","2019-12-13","74","H,,S","84",",,S","68",",,S"
"DRM00078458","PUERTO PLATA, DR","19.75","-70.55","5.0","2019-12-14","77","H,,S","88",",,S","68",",,S"
"DRM00078458","PUERTO PLATA, DR","19.75","-70.55","5.0","2019-12-15","79","H,,S","89",",,S","70",",,S"
"DRM00078458","PUERTO PLATA, DR","19.75","-70.55","5.0","2019-12-16","75","H,,S","87",",,S","71",",,S"
"DRM00078458","PUERTO PLATA, DR","19.75","-70.55","5.0","2019-12-17","77","H,,S","87",",,S","68",",,S"
"DRM00078458","PUERTO PLATA, DR","19.75","-70.55","5.0","2019-12-18","79","H,,S","88",",,S","68",",,S"
"DRM00078458","PUERTO PLATA, DR","19.75","-70.55","5.0","2019-12-19","80","H,,S","90",",,S","72",",,S"
"DRM00078458","PUERTO PLATA, DR","19.75","-70.55","5.0","2019-12-20","78","H,,S","93",",,S","70",",,S"
"DRM00078458","PUERTO PLATA, DR","19.75","-70.55","5.0","2019-12-21","76","H,,S","88",",,S","68",",,S"
"DRM00078458","PUERTO PLATA, DR","19.75","-70.55","5.0","2019-12-22","76","H,,S","87",",,S","68",",,S"
"DRM00078458","PUERTO PLATA, DR","19.75","-70.55","5.0","2019-12-23","77","H,,S","88",",,S","68",",,S"
"DRM00078458","PUERTO PLATA, DR","19.75","-70.55","5.0","2019-12-24","78","H,,S","89",",,S","67",",,S"
"DRM00078458","PUERTO PLATA, DR","19.75","-70.55","5.0","2019-12-25","77","H,,S","88",",,S","67",",,S"
"DRM00078458","PUERTO PLATA, DR","19.75","-70.55","5.0","2019-12-26","76","H,,S","86",",,S","72",",,S"
"DRM00078458","PUERTO PLATA, DR","19.75","-70.55","5.0","2019-12-27","77","H,,S","85",",,S","71",",,S"
"DRM00078458","PUERTO PLATA, DR","19.75","-70.55","5.0","2019-12-28","76","H,,S","87",",,S","68",",,S"
"DRM00078458","PUERTO PLATA, DR","19.75","-70.55","5.0","2019-12-29","77","H,,S","86",",,S","68",",,S"
"DRM00078458","PUERTO PLATA, DR","19.75","-70.55","5.0","2019-12-30","75","H,,S","86",",,S","70",",,S"
"DRM00078458","PUERTO PLATA, DR","19.75","-70.55","5.0","2019-12-31","76","H,,S","85",",,S","68",",,S"
"DRM00078458","PUERTO PLATA, DR","19.75","-70.55","5.0","2020-01-01","76","H,,S","87",",,S","68",",,S"
"DRM00078458","PUERTO PLATA, DR","19.75","-70.55","5.0","2020-01-02","77","H,,S","87",",,S","68",",,S"
"DRM00078458","PUERTO PLATA, DR","19.75","-70.55","5.0","2020-01-03","76","H,,S","87",",,S","68",",,S"
"DRM00078458","PUERTO PLATA, DR","19.75","-70.55","5.0","2020-01-04","80","H,,S","87",",,S","69",",,S"
"DRM00078458","PUERTO PLATA, DR","19.75","-70.55","5.0","2020-01-05","76","H,,S","87",",,S","67",",,S"
"DRM00078458","PUERTO PLATA, DR","19.75","-70.55","5.0","2020-01-06","75","H,,S","85",",,S","66",",,S"
"DRM00078458","PUERTO PLATA, DR","19.75","-70.55","5.0","2020-01-07","74","H,,S","85",",,S","66",",,S"
"DRM00078458","PUERTO PLATA, DR","19.75","-70.55","5.0","2020-01-08","76","H,,S","86",",,S","66",",,S"
"DRM00078458","PUERTO PLATA, DR","19.75","-70.55","5.0","2020-01-09","78","H,,S","86",",,S","67",",,S"
"DRM00078458","PUERTO PLATA, DR","19.75","-70.55","5.0","2020-01-10","75","H,,S","86",",,S","63",",,S"
"DRM00078458","PUERTO PLATA, DR","19.75","-70.55","5.0","2020-01-11","74","H,,S","86",",,S","70",",,S"
"DRM00078458","PUERTO PLATA, DR","19.75","-70.55","5.0","2020-01-12","75","H,,S","86",",,S","70",",,S"
"DRM00078458","PUERTO PLATA, DR","19.75","-70.55","5.0","2020-01-13","74","H,,S","83",",,S","70",",,S"
"DRM00078458","PUERTO PLATA, DR","19.75","-70.55","5.0","2020-01-14","75","H,,S","84",",,S","70",",,S"
"DRM00078458","PUERTO PLATA, DR","19.75","-70.55","5.0","2020-01-15","73","H,,S","84",",,S","67",",,S"
"DRM00078458","PUERTO PLATA, DR","19.75","-70.55","5.0","2020-01-16","75","H,,S","86",",,S","67",",,S"
"DRM00078458","PUERTO PLATA, DR","19.75","-70.55","5.0","2020-01-17","75","H,,S","86",",,S","68",",,S"
"DRM00078458","PUERTO PLATA, DR","19.75","-70.55","5.0","2020-01-18","74","H,,S","83",",,S","68",",,S"
"DRM00078458","PUERTO PLATA, DR","19.75","-70.55","5.0","2020-01-19","72","H,,S","82",",,S","67",",,S"
"DRM00078458","PUERTO PLATA, DR","19.75","-70.55","5.0","2020-01-20","77","H,,S","86",",,S","67",",,S"
"DRM00078458","PUERTO PLATA, DR","19.75","-70.55","5.0","2020-01-21","75","H,,S","87",",,S","66",",,S"
"DRM00078458","PUERTO PLATA, DR","19.75","-70.55","5.0","2020-01-22","77","H,,S","86",",,S","66",",,S"
"DRM00078458","PUERTO PLATA, DR","19.75","-70.55","5.0","2020-01-23","73","H,,S","87",",,S","69",",,S"
"DRM00078458","PUERTO PLATA, DR","19.75","-70.55","5.0","2020-01-24","73","H,,S","81",",,S","66",",,S"
"DRM00078458","PUERTO PLATA, DR","19.75","-70.55","5.0","2020-01-25","71","H,,S","82",",,S","66",",,S"
"DRM00078458","PUERTO PLATA, DR","19.75","-70.55","5.0","2020-01-26","75","H,,S","85",",,S","67",",,S"
"DRM00078458","PUERTO PLATA, DR","19.75","-70.55","5.0","2020-01-27","75","H,,S","85",",,S","67",",,S"
"DRM00078458","PUERTO PLATA, DR","19.75","-70.55","5.0","2020-01-28","76","H,,S","85",",,S","68",",,S"
"DRM00078458","PUERTO PLATA, DR","19.75","-70.55","5.0","2020-01-29","76","H,,S","88",",,S","67",",,S"
"DRM00078458","PUERTO PLATA, DR","19.75","-70.55","5.0","2020-01-30","77","H,,S","86",",,S","67",",,S"
"DRM00078458","PUERTO PLATA, DR","19.75","-70.55","5.0","2020-01-31","72","H,,S","87",",,S","67",",,S"
"DRM00078458","PUERTO PLATA, DR","19.75","-70.55","5.0","2020-02-01","78","H,,S","89",",,S","68",",,S"
"DRM00078458","PUERTO PLATA, DR","19.75","-70.55","5.0","2020-02-02","75","H,,S","89",",,S","68",",,S"
"DRM00078458","PUERTO PLATA, DR","19.75","-70.55","5.0","2020-02-03","76","H,,S","89",",,S","70",",,S"
"DRM00078458","PUERTO PLATA, DR","19.75","-70.55","5.0","2020-02-04","76","H,,S","85",",,S","70",",,S"
"DRM00078458","PUERTO PLATA, DR","19.75","-70.55","5.0","2020-02-05","76","H,,S","87",",,S","70",",,S"
"DRM00078458","PUERTO PLATA, DR","19.75","-70.55","5.0","2020-02-06","77","H,,S","89",",,S","69",",,S"
"DRM00078458","PUERTO PLATA, DR","19.75","-70.55","5.0","2020-02-07","78","H,,S","90",",,S","61",",,S"
"DRM00078458","PUERTO PLATA, DR","19.75","-70.55","5.0","2020-02-08","79","H,,S","89",",,S","69",",,S"
"DRM00078458","PUERTO PLATA, DR","19.75","-70.55","5.0","2020-02-09","77","H,,S","89",",,S","68",",,S"
"DRM00078458","PUERTO PLATA, DR","19.75","-70.55","5.0","2020-02-10","76","H,,S","87",",,S","68",",,S"
"DRM00078458","PUERTO PLATA, DR","19.75","-70.55","5.0","2020-02-11","76","H,,S","87",",,S","69",",,S"
"DRM00078458","PUERTO PLATA, DR","19.75","-70.55","5.0","2020-02-12","76","H,,S","85",",,S","70",",,S"
"DRM00078458","PUERTO PLATA, DR","19.75","-70.55","5.0","2020-02-13","76","H,,S","87",",,S","70",",,S"
"DRM00078458","PUERTO PLATA, DR","19.75","-70.55","5.0","2020-02-14","76","H,,S","87",",,S","68",",,S"
"DRM00078458","PUERTO PLATA, DR","19.75","-70.55","5.0","2020-02-15","77","H,,S","89",",,S","67",",,S"
"DRM00078458","PUERTO PLATA, DR","19.75","-70.55","5.0","2020-02-16","74","H,,S","89",",,S","67",",,S"
"DRM00078458","PUERTO PLATA, DR","19.75","-70.55","5.0","2020-02-17","75","H,,S","83",",,S","67",",,S"
"DRM00078458","PUERTO PLATA, DR","19.75","-70.55","5.0","2020-02-18","77","H,,S","84",",,S","69",",,S"
"DRM00078458","PUERTO PLATA, DR","19.75","-70.55","5.0","2020-02-19","76","H,,S","84",",,S","70",",,S"
"DRM00078458","PUERTO PLATA, DR","19.75","-70.55","5.0","2020-02-20","76","H,,S","86",",,S","69",",,S"
"DRM00078458","PUERTO PLATA, DR","19.75","-70.55","5.0","2020-02-21","76","H,,S","89",",,S","67",",,S"
"DRM00078458","PUERTO PLATA, DR","19.75","-70.55","5.0","2020-02-22","75","H,,S","89",",,S","67",",,S"
"DRM00078458","PUERTO PLATA, DR","19.75","-70.55","5.0","2020-02-23","73","H,,S","87",",,S","69",",,S"
"DRM00078458","PUERTO PLATA, DR","19.75","-70.55","5.0","2020-02-24","73","H,,S","81",",,S","68",",,S"
"DRM00078458","PUERTO PLATA, DR","19.75","-70.55","5.0","2020-02-25","72","H,,S","82",",,S","64",",,S"
"DRM00078458","PUERTO PLATA, DR","19.75","-70.55","5.0","2020-02-26","77","H,,S","84",",,S","64",",,S"
"DRM00078458","PUERTO PLATA, DR","19.75","-70.55","5.0","2020-02-27","76","H,,S","86",",,S","67",",,S"
"DRM00078458","PUERTO PLATA, DR","19.75","-70.55","5.0","2020-02-28","76","H,,S","90",",,S","67",",,S"
"DRM00078458","PUERTO PLATA, DR","19.75","-70.55","5.0","2020-02-29","75","H,,S","90",",,S","67",",,S"
"DRM00078458","PUERTO PLATA, DR","19.75","-70.55","5.0","2020-03-01","72","H,,S","86",",,S","67",",,S"
"DRM00078458","PUERTO PLATA, DR","19.75","-70.55","5.0","2020-03-02","71","H,,S","77",",,S","67",",,S"
"DRM00078458","PUERTO PLATA, DR","19.75","-70.55","5.0","2020-03-03","74","H,,S","81",",,S","67",",,S"
"DRM00078458","PUERTO PLATA, DR","19.75","-70.55","5.0","2020-03-04","80","H,,S",,,,
"DRM00078458","PUERTO PLATA, DR","19.75","-70.55","5.0","2020-03-05","77","H,,S","89",",,S","64",",,S"
"DRM00078458","PUERTO PLATA, DR","19.75","-70.55","5.0","2020-03-06","80","H,,S","89",",,S","64",",,S"
"DRM00078458","PUERTO PLATA, DR","19.75","-70.55","5.0","2020-03-07","76","H,,S","89",",,S","67",",,S"
"DRM00078458","PUERTO PLATA, DR","19.75","-70.55","5.0","2020-03-08","73","H,,S","86",",,S","67",",,S"
"DRM00078458","PUERTO PLATA, DR","19.75","-70.55","5.0","2020-03-09","68","H,,S","77",",,S","66",",,S"
"DRM00078458","PUERTO PLATA, DR","19.75","-70.55","5.0","2020-03-10","72","H,,S","80",",,S","65",",,S"
"DRM00078458","PUERTO PLATA, DR","19.75","-70.55","5.0","2020-03-11","74","H,,S","85",",,S","64",",,S"
"DRM00078458","PUERTO PLATA, DR","19.75","-70.55","5.0","2020-03-12","76","H,,S","85",",,S","64",",,S"
"DRM00078458","PUERTO PLATA, DR","19.75","-70.55","5.0","2020-03-13","77","H,,S","85",",,S","66",",,S"
"DRM00078458","PUERTO PLATA, DR","19.75","-70.55","5.0","2020-03-14","77","H,,S","86",",,S","66",",,S"
"DRM00078458","PUERTO PLATA, DR","19.75","-70.55","5.0","2020-03-15","74","H,,S","85",",,S","67",",,S"
"DRM00078458","PUERTO PLATA, DR","19.75","-70.55","5.0","2020-03-16","74","H,,S","86",",,S","65",",,S"
"DRM00078458","PUERTO PLATA, DR","19.75","-70.55","5.0","2020-03-17","74","H,,S","83",",,S","64",",,S"
"DRM00078458","PUERTO PLATA, DR","19.75","-70.55","5.0","2020-03-18","74","H,,S","87",",,S","64",",,S"
"DRM00078458","PUERTO PLATA, DR","19.75","-70.55","5.0","2020-03-19","75","H,,S","87",",,S","67",",,S"
"DRM00078458","PUERTO PLATA, DR","19.75","-70.55","5.0","2020-03-20","74","H,,S","82",",,S","68",",,S"
"DRM00078458","PUERTO PLATA, DR","19.75","-70.55","5.0","2020-03-21","74","H,,S","85",",,S","68",",,S"
"DRM00078458","PUERTO PLATA, DR","19.75","-70.55","5.0","2020-03-22","74","H,,S","87",",,S","65",",,S"
"DRM00078458","PUERTO PLATA, DR","19.75","-70.55","5.0","2020-03-23","74","H,,S","88",",,S","65",",,S"
"DRM00078458","PUERTO PLATA, DR","19.75","-70.55","5.0","2020-03-24","76","H,,S","84",",,S","65",",,S"
"DRM00078458","PUERTO PLATA, DR","19.75","-70.55","5.0","2020-03-25","77","H,,S","85",",,S","66",",,S"
"DRM00078458","PUERTO PLATA, DR","19.75","-70.55","5.0","2020-03-26","76","H,,S","87",",,S","66",",,S"
"DRM00078458","PUERTO PLATA, DR","19.75","-70.55","5.0","2020-03-27","76","H,,S","87",",,S","67",",,S"
"DRM00078458","PUERTO PLATA, DR","19.75","-70.55","5.0","2020-03-28","76","H,,S","87",",,S","67",",,S"
"DRM00078458","PUERTO PLATA, DR","19.75","-70.55","5.0","2020-03-29","77","H,,S","87",",,S","67",",,S"
"DRM00078458","PUERTO PLATA, DR","19.75","-70.55","5.0","2020-03-30","76","H,,S","86",",,S","67",",,S"
"DRM00078458","PUERTO PLATA, DR","19.75","-70.55","5.0","2020-03-31","75","H,,S","87",",,S","65",",,S"
"DRM00078458","PUERTO PLATA, DR","19.75","-70.55","5.0","2020-04-01","76","H,,S","87",",,S","65",",,S"
"DRM00078458","PUERTO PLATA, DR","19.75","-70.55","5.0","2020-04-02","77","H,,S","87",",,S","66",",,S"
"DRM00078458","PUERTO PLATA, DR","19.75","-70.55","5.0","2020-04-03","78","H,,S","89",",,S","69",",,S"
"DRM00078458","PUERTO PLATA, DR","19.75","-70.55","5.0","2020-04-04","77","H,,S","89",",,S","69",",,S"
"DRM00078458","PUERTO PLATA, DR","19.75","-70.55","5.0","2020-04-05","76","H,,S","85",",,S","71",",,S"
"DRM00078458","PUERTO PLATA, DR","19.75","-70.55","5.0","2020-04-06","78","H,,S","86",",,S","72",",,S"
"DRM00078458","PUERTO PLATA, DR","19.75","-70.55","5.0","2020-04-07","76","H,,S","87",",,S","71",",,S"
"DRM00078458","PUERTO PLATA, DR","19.75","-70.55","5.0","2020-04-08","78","H,,S","84",",,S","70",",,S"
"DRM00078458","PUERTO PLATA, DR","19.75","-70.55","5.0","2020-04-09","78","H,,S",,,,
"DRM00078458","PUERTO PLATA, DR","19.75","-70.55","5.0","2020-04-10","80","H,,S","88",",,S","69",",,S"
"DRM00078458","PUERTO PLATA, DR","19.75","-70.55","5.0","2020-04-11","78","H,,S","89",",,S","72",",,S"
"DRM00078458","PUERTO PLATA, DR","19.75","-70.55","5.0","2020-04-12","80","H,,S","89",",,S","71",",,S"
"DRM00078458","PUERTO PLATA, DR","19.75","-70.55","5.0","2020-04-13","79","H,,S","90",",,S","71",",,S"
"DRM00078458","PUERTO PLATA, DR","19.75","-70.55","5.0","2020-04-14","78","H,,S","90",",,S","72",",,S"
"DRM00078458","PUERTO PLATA, DR","19.75","-70.55","5.0","2020-04-15","80","H,,S","91",",,S","72",",,S"
"DRM00078458","PUERTO PLATA, DR","19.75","-70.55","5.0","2020-04-16","80","H,,S","92",",,S","71",",,S"
"DRM00078458","PUERTO PLATA, DR","19.75","-70.55","5.0","2020-04-17","79","H,,S","91",",,S","69",",,S"
"DRM00078458","PUERTO PLATA, DR","19.75","-70.55","5.0","2020-04-18","78","H,,S","90",",,S","69",",,S"
"DRM00078458","PUERTO PLATA, DR","19.75","-70.55","5.0","2020-04-19","80","H,,S","94",",,S","69",",,S"
"DRM00078458","PUERTO PLATA, DR","19.75","-70.55","5.0","2020-04-20","82","H,,S","96",",,S","69",",,S"
"DRM00078458","PUERTO PLATA, DR","19.75","-70.55","5.0","2020-04-21","82","H,,S","96",",,S","71",",,S"
"DRM00078458","PUERTO PLATA, DR","19.75","-70.55","5.0","2020-04-22","78","H,,S","97",",,S","70",",,S"
"DRM00078458","PUERTO PLATA, DR","19.75","-70.55","5.0","2020-04-23","78","H,,S","90",",,S","70",",,S"
"DRM00078458","PUERTO PLATA, DR","19.75","-70.55","5.0","2020-04-24","83","H,,S","92",",,S","75",",,S"
"DRM00078458","PUERTO PLATA, DR","19.75","-70.55","5.0","2020-04-25","80","H,,S","92",",,S","72",",,S"
"DRM00078458","PUERTO PLATA, DR","19.75","-70.55","5.0","2020-04-26","81","H,,S","94",",,S","72",",,S"
"DRM00078458","PUERTO PLATA, DR","19.75","-70.55","5.0","2020-04-27","82","H,,S","95",",,S","73",",,S"
"DRM00078458","PUERTO PLATA, DR","19.75","-70.55","5.0","2020-04-28","80","H,,S","95",",,S","69",",,S"
"DRM00078458","PUERTO PLATA, DR","19.75","-70.55","5.0","2020-04-29","84","H,,S","94",",,S","69",",,S"
"DRM00078458","PUERTO PLATA, DR","19.75","-70.55","5.0","2020-04-30","80","H,,S","93",",,S","69",",,S"
"DRM00078458","PUERTO PLATA, DR","19.75","-70.55","5.0","2020-05-01","83","H,,S","94",",,S","72",",,S"
"DRM00078458","PUERTO PLATA, DR","19.75","-70.55","5.0","2020-05-02","80","H,,S","95",",,S","70",",,S"
"DRM00078458","PUERTO PLATA, DR","19.75","-70.55","5.0","2020-05-03","80","H,,S","95",",,S","71",",,S"
"DRM00078458","PUERTO PLATA, DR","19.75","-70.55","5.0","2020-05-04","81","H,,S","90",",,S","71",",,S"
"DRM00078458","PUERTO PLATA, DR","19.75","-70.55","5.0","2020-05-05","78","H,,S","90",",,S","72",",,S"
"DRM00078458","PUERTO PLATA, DR","19.75","-70.55","5.0","2020-05-06","81","H,,S","91",",,S","72",",,S"
"DRM00078458","PUERTO PLATA, DR","19.75","-70.55","5.0","2020-05-07","81","H,,S","93",",,S","72",",,S"
"DRM00078458","PUERTO PLATA, DR","19.75","-70.55","5.0","2020-05-08","84","H,,S",,,,
"DRM00078458","PUERTO PLATA, DR","19.75","-70.55","5.0","2020-05-09","87","H,,S",,,,
"DRM00078458","PUERTO PLATA, DR","19.75","-70.55","5.0","2020-05-10","86","H,,S","99",",,S","74",",,S"
"DRM00078458","PUERTO PLATA, DR","19.75","-70.55","5.0","2020-05-11","83","H,,S","96",",,S","74",",,S"
"DRM00078458","PUERTO PLATA, DR","19.75","-70.55","5.0","2020-05-12","80","H,,S","96",",,S","73",",,S"
"DRM00078458","PUERTO PLATA, DR","19.75","-70.55","5.0","2020-05-13","82","H,,S","92",",,S","72",",,S"
"DRM00078458","PUERTO PLATA, DR","19.75","-70.55","5.0","2020-05-14","82","H,,S","94",",,S","72",",,S"
"DRM00078458","PUERTO PLATA, DR","19.75","-70.55","5.0","2020-05-15","83","H,,S","96",",,S","75",",,S"
"DRM00078458","PUERTO PLATA, DR","19.75","-70.55","5.0","2020-05-16","84","H,,S","97",",,S","75",",,S"
"DRM00078458","PUERTO PLATA, DR","19.75","-70.55","5.0","2020-05-17","83","H,,S","97",",,S","73",",,S"
"DRM00078458","PUERTO PLATA, DR","19.75","-70.55","5.0","2020-05-18","84","H,,S","96",",,S","73",",,S"
"DRM00078458","PUERTO PLATA, DR","19.75","-70.55","5.0","2020-05-19","83","H,,S","96",",,S","77",",,S"
"DRM00078458","PUERTO PLATA, DR","19.75","-70.55","5.0","2020-05-20","83","H,,S","96",",,S","73",",,S"
"DRM00078458","PUERTO PLATA, DR","19.75","-70.55","5.0","2020-05-21","82","H,,S","95",",,S","73",",,S"
"DRM00078458","PUERTO PLATA, DR","19.75","-70.55","5.0","2020-05-22","83","H,,S","94",",,S","75",",,S"
"DRM00078458","PUERTO PLATA, DR","19.75","-70.55","5.0","2020-05-23","83","H,,S","94",",,S","75",",,S"
"DRM00078458","PUERTO PLATA, DR","19.75","-70.55","5.0","2020-05-24","83","H,,S","96",",,S","73",",,S"
"DRM00078458","PUERTO PLATA, DR","19.75","-70.55","5.0","2020-05-25","83","H,,S","96",",,S","72",",,S"
"DRM00078458","PUERTO PLATA, DR","19.75","-70.55","5.0","2020-05-26","84","H,,S","98",",,S","72",",,S"
"DRM00078458","PUERTO PLATA, DR","19.75","-70.55","5.0","2020-05-27","86","H,,S","97",",,S","74",",,S"
"DRM00078458","PUERTO PLATA, DR","19.75","-70.55","5.0","2020-05-28","82","H,,S","93",",,S","76",",,S"
"DRM00078458","PUERTO PLATA, DR","19.75","-70.55","5.0","2020-05-29","80","H,,S","95",",,S","72",",,S"
"DRM00078458","PUERTO PLATA, DR","19.75","-70.55","5.0","2020-05-30","79","H,,S","95",",,S","72",",,S"
"DRM00078458","PUERTO PLATA, DR","19.75","-70.55","5.0","2020-05-31","81","H,,S",,,,
"DRM00078458","PUERTO PLATA, DR","19.75","-70.55","5.0","2020-06-01","81","H,,S","98",",,S","70",",,S"
"DRM00078458","PUERTO PLATA, DR","19.75","-70.55","5.0","2020-06-02","80","H,,S","98",",,S","72",",,S"
"DRM00078458","PUERTO PLATA, DR","19.75","-70.55","5.0","2020-06-03","84","H,,S","95",",,S","72",",,S"
"DRM00078458","PUERTO PLATA, DR","19.75","-70.55","5.0","2020-06-04","85","H,,S","95",",,S","73",",,S"
"DRM00078458","PUERTO PLATA, DR","19.75","-70.55","5.0","2020-06-05","85","H,,S","96",",,S","77",",,S"
"DRM00078458","PUERTO PLATA, DR","19.75","-70.55","5.0","2020-06-06","83","H,,S","96",",,S","76",",,S"
"DRM00078458","PUERTO PLATA, DR","19.75","-70.55","5.0","2020-06-07","86","H,,S","94",",,S","75",",,S"
"DRM00078458","PUERTO PLATA, DR","19.75","-70.55","5.0","2020-06-08","82","H,,S","94",",,S","75",",,S"
"DRM00078458","PUERTO PLATA, DR","19.75","-70.55","5.0","2020-06-09","84","H,,S","93",",,S","73",",,S"
"DRM00078458","PUERTO PLATA, DR","19.75","-70.55","5.0","2020-06-10","80","H,,S","92",",,S","72",",,S"
"DRM00078458","PUERTO PLATA, DR","19.75","-70.55","5.0","2020-06-11","79","H,,S","91",",,S","72",",,S"
"DRM00078458","PUERTO PLATA, DR","19.75","-70.55","5.0","2020-06-12","82","H,,S","93",",,S","74",",,S"
"DRM00078458","PUERTO PLATA, DR","19.75","-70.55","5.0","2020-06-13","81","H,,S","92",",,S","74",",,S"
"DRM00078458","PUERTO PLATA, DR","19.75","-70.55","5.0","2020-06-14","83","H,,S","98",",,S","74",",,S"
"DRM00078458","PUERTO PLATA, DR","19.75","-70.55","5.0","2020-06-15","83","H,,S","98",",,S","74",",,S"
"DRM00078458","PUERTO PLATA, DR","19.75","-70.55","5.0","2020-06-16","83","H,,S",,,,
"DRM00078458","PUERTO PLATA, DR","19.75","-70.55","5.0","2020-06-17","84","H,,S","96",",,S","76",",,S"
"DRM00078458","PUERTO PLATA, DR","19.75","-70.55","5.0","2020-06-18","83","H,,S","94",",,S","75",",,S"
"DRM00078458","PUERTO PLATA, DR","19.75","-70.55","5.0","2020-06-19","83","H,,S","96",",,S","75",",,S"
"DRM00078458","PUERTO PLATA, DR","19.75","-70.55","5.0","2020-06-20","85","H,,S","97",",,S","76",",,S"
"DRM00078458","PUERTO PLATA, DR","19.75","-70.55","5.0","2020-06-21","84","H,,S","95",",,S","76",",,S"
"DRM00078458","PUERTO PLATA, DR","19.75","-70.55","5.0","2020-06-22","86","H,,S","97",",,S","76",",,S"
"DRM00078458","PUERTO PLATA, DR","19.75","-70.55","5.0","2020-06-23","85","H,,S","97",",,S","76",",,S"
"DRM00078458","PUERTO PLATA, DR","19.75","-70.55","5.0","2020-06-24","82","H,,S","94",",,S","76",",,S"
"DRM00078458","PUERTO PLATA, DR","19.75","-70.55","5.0","2020-06-25","84","H,,S","94",",,S","76",",,S"
"DRM00078458","PUERTO PLATA, DR","19.75","-70.55","5.0","2020-06-26","83","H,,S","94",",,S","76",",,S"
"DRM00078458","PUERTO PLATA, DR","19.75","-70.55","5.0","2020-06-27","83","H,,S","94",",,S","77",",,S"
"DRM00078458","PUERTO PLATA, DR","19.75","-70.55","5.0","2020-06-28","83","H,,S","95",",,S","75",",,S"
"DRM00078458","PUERTO PLATA, DR","19.75","-70.55","5.0","2020-06-29","85","H,,S","96",",,S","75",",,S"
"DRM00078458","PUERTO PLATA, DR","19.75","-70.55","5.0","2020-06-30","83","H,,S","97",",,S","74",",,S"
"DRM00078458","PUERTO PLATA, DR","19.75","-70.55","5.0","2020-07-01","83","H,,S","97",",,S","74",",,S"
"DRM00078458","PUERTO PLATA, DR","19.75","-70.55","5.0","2020-07-02","83","H,,S","94",",,S","76",",,S"
"DRM00078458","PUERTO PLATA, DR","19.75","-70.55","5.0","2020-07-03","85","H,,S","95",",,S","76",",,S"
"DRM00078458","PUERTO PLATA, DR","19.75","-70.55","5.0","2020-07-04","83","H,,S","96",",,S","75",",,S"
"DRM00078458","PUERTO PLATA, DR","19.75","-70.55","5.0","2020-07-05","85","H,,S","94",",,S","76",",,S"
"DRM00078458","PUERTO PLATA, DR","19.75","-70.55","5.0","2020-07-06","84","H,,S","95",",,S","76",",,S"
"DRM00078458","PUERTO PLATA, DR","19.75","-70.55","5.0","2020-07-07","83","H,,S","95",",,S","76",",,S"
"DRM00078458","PUERTO PLATA, DR","19.75","-70.55","5.0","2020-07-08","85","H,,S","95",",,S","76",",,S"
"DRM00078458","PUERTO PLATA, DR","19.75","-70.55","5.0","2020-07-09","86","H,,S","99",",,S","76",",,S"
"DRM00078458","PUERTO PLATA, DR","19.75","-70.55","5.0","2020-07-10","86","H,,S","99",",,S","76",",,S"
"DRM00078458","PUERTO PLATA, DR","19.75","-70.55","5.0","2020-07-11","84","H,,S",,,,
"DRM00078458","PUERTO PLATA, DR","19.75","-70.55","5.0","2020-07-12","83","H,,S","96",",,S","73",",,S"
"DRM00078458","PUERTO PLATA, DR","19.75","-70.55","5.0","2020-07-13","85","H,,S","96",",,S","73",",,S"
"DRM00078458","PUERTO PLATA, DR","19.75","-70.55","5.0","2020-07-14","86","H,,S","96",",,S","78",",,S"
"DRM00078458","PUERTO PLATA, DR","19.75","-70.55","5.0","2020-07-16","82","H,,S","93",",,S","73",",,S"
"DRM00078458","PUERTO PLATA, DR","19.75","-70.55","5.0","2020-07-17","84","H,,S","93",",,S","73",",,S"
"DRM00078458","PUERTO PLATA, DR","19.75","-70.55","5.0","2020-07-18","83","H,,S","94",",,S","73",",,S"
"DRM00078458","PUERTO PLATA, DR","19.75","-70.55","5.0","2020-07-19","81","H,,S","94",",,S","73",",,S"
"DRM00078458","PUERTO PLATA, DR","19.75","-70.55","5.0","2020-07-20","82","H,,S","93",",,S","73",",,S"
"DRM00078458","PUERTO PLATA, DR","19.75","-70.55","5.0","2020-07-21","82","H,,S","94",",,S","73",",,S"
"DRM00078458","PUERTO PLATA, DR","19.75","-70.55","5.0","2020-07-22","83","H,,S","94",",,S","73",",,S"
"DRM00078458","PUERTO PLATA, DR","19.75","-70.55","5.0","2020-07-23","83","H,,S","93",",,S","76",",,S"
"DRM00078458","PUERTO PLATA, DR","19.75","-70.55","5.0","2020-07-24","81","H,,S","93",",,S","73",",,S"
"DRM00078458","PUERTO PLATA, DR","19.75","-70.55","5.0","2020-07-25","85","H,,S","94",",,S","73",",,S"
"DRM00078458","PUERTO PLATA, DR","19.75","-70.55","5.0","2020-07-26","84","H,,S","95",",,S","76",",,S"
"DRM00078458","PUERTO PLATA, DR","19.75","-70.55","5.0","2020-07-27","82","H,,S","94",",,S","75",",,S"
"DRM00078458","PUERTO PLATA, DR","19.75","-70.55","5.0","2020-07-28","83","H,,S","95",",,S","75",",,S"
"DRM00078458","PUERTO PLATA, DR","19.75","-70.55","5.0","2020-07-29","83","H,,S","96",",,S","74",",,S"
"DRM00078458","PUERTO PLATA, DR","19.75","-70.55","5.0","2020-07-30","82","H,,S","93",",,S","74",",,S"
"DRM00078458","PUERTO PLATA, DR","19.75","-70.55","5.0","2020-07-31","80","H,,S","89",",,S","75",",,S"
"DRM00078458","PUERTO PLATA, DR","19.75","-70.55","5.0","2020-08-01","83","H,,S","92",",,S","73",",,S"
"DRM00078458","PUERTO PLATA, DR","19.75","-70.55","5.0","2020-08-02","82","H,,S","93",",,S","73",",,S"
"DRM00078458","PUERTO PLATA, DR","19.75","-70.55","5.0","2020-08-03","84","H,,S","93",",,S","74",",,S"
"DRM00078458","PUERTO PLATA, DR","19.75","-70.55","5.0","2020-08-04","84","H,,S","95",",,S","75",",,S"
"DRM00078458","PUERTO PLATA, DR","19.75","-70.55","5.0","2020-08-05","83","H,,S","95",",,S","77",",,S"
"DRM00078458","PUERTO PLATA, DR","19.75","-70.55","5.0","2020-08-06","82","H,,S","94",",,S","75",",,S"
"DRM00078458","PUERTO PLATA, DR","19.75","-70.55","5.0","2020-08-07","82","H,,S","93",",,S","73",",,S"
"DRM00078458","PUERTO PLATA, DR","19.75","-70.55","5.0","2020-08-08","84","H,,S","93",",,S","73",",,S"
"DRM00078458","PUERTO PLATA, DR","19.75","-70.55","5.0","2020-08-09","82","H,,S","92",",,S","74",",,S"
"DRM00078458","PUERTO PLATA, DR","19.75","-70.55","5.0","2020-08-10","83","H,,S","93",",,S","74",",,S"
"DRM00078458","PUERTO PLATA, DR","19.75","-70.55","5.0","2020-08-11","82","H,,S","96",",,S","74",",,S"
"DRM00078458","PUERTO PLATA, DR","19.75","-70.55","5.0","2020-08-12","83","H,,S","95",",,S","73",",,S"
"DRM00078458","PUERTO PLATA, DR","19.75","-70.55","5.0","2020-08-13","83","H,,S","94",",,S","73",",,S"
"DRM00078458","PUERTO PLATA, DR","19.75","-70.55","5.0","2020-08-14","83","H,,S","94",",,S","75",",,S"
"DRM00078458","PUERTO PLATA, DR","19.75","-70.55","5.0","2020-08-15","80","H,,S","92",",,S","74",",,S"
"DRM00078458","PUERTO PLATA, DR","19.75","-70.55","5.0","2020-08-16","81","H,,S","90",",,S","74",",,S"
"DRM00078458","PUERTO PLATA, DR","19.75","-70.55","5.0","2020-08-17","86","H,,S","93",",,S","74",",,S"
"DRM00078458","PUERTO PLATA, DR","19.75","-70.55","5.0","2020-08-18","85","H,,S","94",",,S","75",",,S"
"DRM00078458","PUERTO PLATA, DR","19.75","-70.55","5.0","2020-08-19","83","H,,S","94",",,S","75",",,S"
"DRM00078458","PUERTO PLATA, DR","19.75","-70.55","5.0","2020-08-20","84","H,,S","94",",,S","74",",,S"
"DRM00078458","PUERTO PLATA, DR","19.75","-70.55","5.0","2020-08-21","81","H,,S","94",",,S","73",",,S"
"DRM00078458","PUERTO PLATA, DR","19.75","-70.55","5.0","2020-08-22","79","H,,S","91",",,S","73",",,S"
"DRM00078458","PUERTO PLATA, DR","19.75","-70.55","5.0","2020-08-23","79","H,,S","89",",,S","73",",,S"
"DRM00078458","PUERTO PLATA, DR","19.75","-70.55","5.0","2020-08-24","82","H,,S","92",",,S","73",",,S"
"DRM00078458","PUERTO PLATA, DR","19.75","-70.55","5.0","2020-08-25","81","H,,S","93",",,S","73",",,S"
"DRM00078458","PUERTO PLATA, DR","19.75","-70.55","5.0","2020-08-26","81","H,,S","90",",,S","73",",,S"
"DRM00078458","PUERTO PLATA, DR","19.75","-70.55","5.0","2020-08-27","83","H,,S","92",",,S","73",",,S"
"DRM00078458","PUERTO PLATA, DR","19.75","-70.55","5.0","2020-08-28","83","H,,S","93",",,S","73",",,S"
"DRM00078458","PUERTO PLATA, DR","19.75","-70.55","5.0","2020-08-29","82","H,,S","93",",,S","74",",,S"
"DRM00078458","PUERTO PLATA, DR","19.75","-70.55","5.0","2020-08-30","82","H,,S","95",",,S","74",",,S"
"DRM00078458","PUERTO PLATA, DR","19.75","-70.55","5.0","2020-08-31","82","H,,S","93",",,S","74",",,S"
"DRM00078458","PUERTO PLATA, DR","19.75","-70.55","5.0","2020-09-01","81","H,,S","93",",,S","74",",,S"
"DRM00078458","PUERTO PLATA, DR","19.75","-70.55","5.0","2020-09-02","82","H,,S","91",",,S","75",",,S"
"DRM00078458","PUERTO PLATA, DR","19.75","-70.55","5.0","2020-09-03","83","H,,S","93",",,S","73",",,S"
"DRM00078458","PUERTO PLATA, DR","19.75","-70.55","5.0","2020-09-04","81","H,,S","91",",,S","73",",,S"
"DRM00078458","PUERTO PLATA, DR","19.75","-70.55","5.0","2020-09-05","80","H,,S","92",",,S","73",",,S"
"DRM00078458","PUERTO PLATA, DR","19.75","-70.55","5.0","2020-09-06","83","H,,S","92",",,S","73",",,S"
"DRM00078458","PUERTO PLATA, DR","19.75","-70.55","5.0","2020-09-07","83","H,,S","93",",,S","73",",,S"
"DRM00078458","PUERTO PLATA, DR","19.75","-70.55","5.0","2020-09-08","83","H,,S","92",",,S","73",",,S"
"DRM00078458","PUERTO PLATA, DR","19.75","-70.55","5.0","2020-09-09","82","H,,S","92",",,S","73",",,S"
"DRM00078458","PUERTO PLATA, DR","19.75","-70.55","5.0","2020-09-10","82","H,,S","93",",,S","73",",,S"
"DRM00078458","PUERTO PLATA, DR","19.75","-70.55","5.0","2020-09-11","81","H,,S","93",",,S","73",",,S"
"DRM00078458","PUERTO PLATA, DR","19.75","-70.55","5.0","2020-09-12","80","H,,S","92",",,S","72",",,S"
"DRM00078458","PUERTO PLATA, DR","19.75","-70.55","5.0","2020-09-13","84","H,,S","92",",,S","72",",,S"
"DRM00078458","PUERTO PLATA, DR","19.75","-70.55","5.0","2020-09-14","81","H,,S","92",",,S","74",",,S"
"DRM00078458","PUERTO PLATA, DR","19.75","-70.55","5.0","2020-09-15","83","H,,S","94",",,S","74",",,S"
"DRM00078458","PUERTO PLATA, DR","19.75","-70.55","5.0","2020-09-16","82","H,,S","94",",,S","73",",,S"
"DRM00078458","PUERTO PLATA, DR","19.75","-70.55","5.0","2020-09-17","83","H,,S","94",",,S","72",",,S"
"DRM00078458","PUERTO PLATA, DR","19.75","-70.55","5.0","2020-09-18","82","H,,S","94",",,S","72",",,S"
"DRM00078458","PUERTO PLATA, DR","19.75","-70.55","5.0","2020-09-19","83","H,,S","92",",,S","75",",,S"
"DRM00078458","PUERTO PLATA, DR","19.75","-70.55","5.0","2020-09-20","82","H,,S","91",",,S","74",",,S"
"DRM00078458","PUERTO PLATA, DR","19.75","-70.55","5.0","2020-09-21","83","H,,S","91",",,S","74",",,S"
"DRM00078458","PUERTO PLATA, DR","19.75","-70.55","5.0","2020-09-22","82","H,,S","91",",,S","74",",,S"
"DRM00078458","PUERTO PLATA, DR","19.75","-70.55","5.0","2020-09-23","79","H,,S","91",",,S","71",",,S"
"DRM00078458","PUERTO PLATA, DR","19.75","-70.55","5.0","2020-09-24","81","H,,S","92",",,S","71",",,S"
"DRM00078458","PUERTO PLATA, DR","19.75","-70.55","5.0","2020-09-25","81","H,,S","93",",,S","72",",,S"
"DRM00078458","PUERTO PLATA, DR","19.75","-70.55","5.0","2020-09-26","83","H,,S","94",",,S","73",",,S"
"DRM00078458","PUERTO PLATA, DR","19.75","-70.55","5.0","2020-09-27","82","H,,S","92",",,S","75",",,S"
"DRM00078458","PUERTO PLATA, DR","19.75","-70.55","5.0","2020-09-28","80","H,,S","94",",,S","72",",,S"
"DRM00078458","PUERTO PLATA, DR","19.75","-70.55","5.0","2020-09-29","80","H,,S","94",",,S","72",",,S"
"DRM00078458","PUERTO PLATA, DR","19.75","-70.55","5.0","2020-09-30","81","H,,S","92",",,S","73",",,S"
"DRM00078458","PUERTO PLATA, DR","19.75","-70.55","5.0","2020-10-01","80","H,,S","93",",,S","74",",,S"
"DRM00078458","PUERTO PLATA, DR","19.75","-70.55","5.0","2020-10-02","82","H,,S","94",",,S","73",",,S"
"DRM00078458","PUERTO PLATA, DR","19.75","-70.55","5.0","2020-10-03","81","H,,S","94",",,S","73",",,S"
"DRM00078458","PUERTO PLATA, DR","19.75","-70.55","5.0","2020-10-04","80","H,,S","94",",,S","74",",,S"
"DRM00078458","PUERTO PLATA, DR","19.75","-70.55","5.0","2020-10-05","84","H,,S","94",",,S","73",",,S"
"DRM00078458","PUERTO PLATA, DR","19.75","-70.55","5.0","2020-10-06","80","H,,S","93",",,S","73",",,S"
"DRM00078458","PUERTO PLATA, DR","19.75","-70.55","5.0","2020-10-07","81","H,,S",,,,
"DRM00078458","PUERTO PLATA, DR","19.75","-70.55","5.0","2020-10-08","81","H,,S","94",",,S","70",",,S"
"DRM00078458","PUERTO PLATA, DR","19.75","-70.55","5.0","2020-10-09","81","H,,S","94",",,S","71",",,S"
"DRM00078458","PUERTO PLATA, DR","19.75","-70.55","5.0","2020-10-10","81","H,,S","92",",,S","73",",,S"
"DRM00078458","PUERTO PLATA, DR","19.75","-70.55","5.0","2020-10-11","83","H,,S","92",",,S","73",",,S"
"DRM00078458","PUERTO PLATA, DR","19.75","-70.55","5.0","2020-10-12","84","H,,S","93",",,S","72",",,S"
"DRM00078458","PUERTO PLATA, DR","19.75","-70.55","5.0","2020-10-13","82","H,,S","94",",,S","72",",,S"
"DRM00078458","PUERTO PLATA, DR","19.75","-70.55","5.0","2020-10-14","82","H,,S","94",",,S","72",",,S"
"DRM00078458","PUERTO PLATA, DR","19.75","-70.55","5.0","2020-10-15","83","H,,S","94",",,S","73",",,S"
"DRM00078458","PUERTO PLATA, DR","19.75","-70.55","5.0","2020-10-16","83","H,,S","94",",,S","73",",,S"
"DRM00078458","PUERTO PLATA, DR","19.75","-70.55","5.0","2020-10-17","82","H,,S","95",",,S","74",",,S"
"DRM00078458","PUERTO PLATA, DR","19.75","-70.55","5.0","2020-10-18","83","H,,S","95",",,S","74",",,S"
"DRM00078458","PUERTO PLATA, DR","19.75","-70.55","5.0","2020-10-19","81","H,,S","93",",,S","72",",,S"
"DRM00078458","PUERTO PLATA, DR","19.75","-70.55","5.0","2020-10-20","79","H,,S","92",",,S","71",",,S"
"DRM00078458","PUERTO PLATA, DR","19.75","-70.55","5.0","2020-10-21","80","H,,S","91",",,S","71",",,S"
"DRM00078458","PUERTO PLATA, DR","19.75","-70.55","5.0","2020-10-22","82","H,,S","91",",,S","73",",,S"
"DRM00078458","PUERTO PLATA, DR","19.75","-70.55","5.0","2020-10-23","81","H,,S","98",",,S","73",",,S"
"DRM00078458","PUERTO PLATA, DR","19.75","-70.55","5.0","2020-10-24","86","H,,S","98",",,S","73",",,S"
"DRM00078458","PUERTO PLATA, DR","19.75","-70.55","5.0","2020-10-25","85","H,,S","99",",,S","76",",,S"
"DRM00078458","PUERTO PLATA, DR","19.75","-70.55","5.0","2020-10-26","82","H,,S","95",",,S","73",",,S"
"DRM00078458","PUERTO PLATA, DR","19.75","-70.55","5.0","2020-10-27","80","H,,S","95",",,S","72",",,S"
"DRM00078458","PUERTO PLATA, DR","19.75","-70.55","5.0","2020-10-28","82","H,,S","91",",,S","72",",,S"
"DRM00078458","PUERTO PLATA, DR","19.75","-70.55","5.0","2020-10-29","80","H,,S","92",",,S","73",",,S"
"DRM00078458","PUERTO PLATA, DR","19.75","-70.55","5.0","2020-10-30","80","H,,S","90",",,S","73",",,S"
"DRM00078458","PUERTO PLATA, DR","19.75","-70.55","5.0","2020-10-31","78","H,,S","89",",,S","72",",,S"
"DRM00078458","PUERTO PLATA, DR","19.75","-70.55","5.0","2020-11-01","79","H,,S","90",",,S","72",",,S"
"DRM00078458","PUERTO PLATA, DR","19.75","-70.55","5.0","2020-11-02","81","H,,S","90",",,S","72",",,S"
"DRM00078458","PUERTO PLATA, DR","19.75","-70.55","5.0","2020-11-03","80","H,,S","90",",,S","73",",,S"
"DRM00078458","PUERTO PLATA, DR","19.75","-70.55","5.0","2020-11-04","80","H,,S","93",",,S","72",",,S"
"DRM00078458","PUERTO PLATA, DR","19.75","-70.55","5.0","2020-11-05","79","H,,S","93",",,S","72",",,S"
"DRM00078458","PUERTO PLATA, DR","19.75","-70.55","5.0","2020-11-06","80","H,,S","93",",,S","72",",,S"
"DRM00078458","PUERTO PLATA, DR","19.75","-70.55","5.0","2020-11-07","79","H,,S","91",",,S","73",",,S"
"DRM00078458","PUERTO PLATA, DR","19.75","-70.55","5.0","2020-11-08","80","H,,S","91",",,S","73",",,S"
"DRM00078458","PUERTO PLATA, DR","19.75","-70.55","5.0","2020-11-09","81","H,,S","93",",,S","74",",,S"
"DRM00078458","PUERTO PLATA, DR","19.75","-70.55","5.0","2020-11-10","81","H,,S","93",",,S","74",",,S"
"DRM00078458","PUERTO PLATA, DR","19.75","-70.55","5.0","2020-11-11","76","H,,S","91",",,S","73",",,S"
"DRM00078458","PUERTO PLATA, DR","19.75","-70.55","5.0","2020-11-12","76","H,,S","85",",,S","72",",,S"
"DRM00078458","PUERTO PLATA, DR","19.75","-70.55","5.0","2020-11-13","79","H,,S","89",",,S","72",",,S"
"DRM00078458","PUERTO PLATA, DR","19.75","-70.55","5.0","2020-11-14","78","H,,S","89",",,S","71",",,S"
"DRM00078458","PUERTO PLATA, DR","19.75","-70.55","5.0","2020-11-16","76","H,,S","88",",,S","70",",,S"
"DRM00078458","PUERTO PLATA, DR","19.75","-70.55","5.0","2020-11-17","76","H,,S","87",",,S","70",",,S"
"DRM00078458","PUERTO PLATA, DR","19.75","-70.55","5.0","2020-11-18","77","H,,S","89",",,S","69",",,S"
"DRM00078458","PUERTO PLATA, DR","19.75","-70.55","5.0","2020-11-19","76","H,,S","91",",,S","69",",,S"
"DRM00078458","PUERTO PLATA, DR","19.75","-70.55","5.0","2020-11-20","78","H,,S","89",",,S","72",",,S"
"DRM00078458","PUERTO PLATA, DR","19.75","-70.55","5.0","2020-11-21","78","H,,S","87",",,S","72",",,S"
"DRM00078458","PUERTO PLATA, DR","19.75","-70.55","5.0","2020-11-22","78","H,,S","88",",,S","72",",,S"
"DRM00078458","PUERTO PLATA, DR","19.75","-70.55","5.0","2020-11-23","80","H,,S",,,,
"DRM00078458","PUERTO PLATA, DR","19.75","-70.55","5.0","2020-11-24","78","H,,S","88",",,S","72",",,S"
"DRM00078458","PUERTO PLATA, DR","19.75","-70.55","5.0","2020-11-25","77","H,,S","86",",,S","72",",,S"
"DRM00078458","PUERTO PLATA, DR","19.75","-70.55","5.0","2020-11-26","76","H,,S","86",",,S","68",",,S"
"DRM00078458","PUERTO PLATA, DR","19.75","-70.55","5.0","2020-11-27","74","H,,S","87",",,S","68",",,S"
"DRM00078458","PUERTO PLATA, DR","19.75","-70.55","5.0","2020-11-28","76","H,,S","87",",,S","69",",,S"
"DRM00078458","PUERTO PLATA, DR","19.75","-70.55","5.0","2020-11-29","76","H,,S","86",",,S","69",",,S"
"DRM00078458","PUERTO PLATA, DR","19.75","-70.55","5.0","2020-11-30","75","H,,S","87",",,S","68",",,S"
"DRM00078458","PUERTO PLATA, DR","19.75","-70.55","5.0","2020-12-01","71","H,,S",,,,
"DRM00078458","PUERTO PLATA, DR","19.75","-70.55","5.0","2020-12-02","78","H,,S","87",",,S","66",",,S"
"DRM00078458","PUERTO PLATA, DR","19.75","-70.55","5.0","2020-12-03","76","H,,S","85",",,S","72",",,S"
"DRM00078458","PUERTO PLATA, DR","19.75","-70.55","5.0","2020-12-04","76","H,,S","85",",,S","69",",,S"
"DRM00078458","PUERTO PLATA, DR","19.75","-70.55","5.0","2020-12-05","75","H,,S","87",",,S","67",",,S"
"DRM00078458","PUERTO PLATA, DR","19.75","-70.55","5.0","2020-12-06","75","H,,S","88",",,S","65",",,S"
"DRM00078458","PUERTO PLATA, DR","19.75","-70.55","5.0","2020-12-07","75","H,,S","89",",,S","65",",,S"
"DRM00078458","PUERTO PLATA, DR","19.75","-70.55","5.0","2020-12-08","75","H,,S","90",",,S","65",",,S"
"DRM00078458","PUERTO PLATA, DR","19.75","-70.55","5.0","2020-12-09","75","H,,S","90",",,S","66",",,S"
"DRM00078458","PUERTO PLATA, DR","19.75","-70.55","5.0","2020-12-10","74","H,,S","89",",,S","67",",,S"
"DRM00078458","PUERTO PLATA, DR","19.75","-70.55","5.0","2020-12-11","72","H,,S","79",",,S","66",",,S"
"DRM00078458","PUERTO PLATA, DR","19.75","-70.55","5.0","2020-12-12","76","H,,S","85",",,S","66",",,S"
"DRM00078458","PUERTO PLATA, DR","19.75","-70.55","5.0","2020-12-13","76","H,,S","87",",,S","68",",,S"
"DRM00078458","PUERTO PLATA, DR","19.75","-70.55","5.0","2020-12-14","76","H,,S","86",",,S","69",",,S"
"DRM00078458","PUERTO PLATA, DR","19.75","-70.55","5.0","2020-12-15","74","H,,S","85",",,S","71",",,S"
"DRM00078458","PUERTO PLATA, DR","19.75","-70.55","5.0","2020-12-16","73","H,,S","84",",,S","67",",,S"
"DRM00078458","PUERTO PLATA, DR","19.75","-70.55","5.0","2020-12-17","77","H,,S","85",",,S","68",",,S"
"DRM00078458","PUERTO PLATA, DR","19.75","-70.55","5.0","2020-12-18","76","H,,S","86",",,S","68",",,S"
"DRM00078458","PUERTO PLATA, DR","19.75","-70.55","5.0","2020-12-19","75","H,,S","86",",,S","68",",,S"
"DRM00078458","PUERTO PLATA, DR","19.75","-70.55","5.0","2020-12-20","76","H,,S","85",",,S","68",",,S"
"DRM00078458","PUERTO PLATA, DR","19.75","-70.55","5.0","2020-12-21","76","H,,S","85",",,S","67",",,S"
"DRM00078458","PUERTO PLATA, DR","19.75","-70.55","5.0","2020-12-22","75","H,,S","86",",,S","67",",,S"
"DRM00078458","PUERTO PLATA, DR","19.75","-70.55","5.0","2020-12-23","75","H,,S","86",",,S","67",",,S"
"DRM00078458","PUERTO PLATA, DR","19.75","-70.55","5.0","2020-12-24","77","H,,S","86",",,S","67",",,S"
"DRM00078458","PUERTO PLATA, DR","19.75","-70.55","5.0","2020-12-25","76","H,,S","86",",,S","67",",,S"
"DRM00078458","PUERTO PLATA, DR","19.75","-70.55","5.0","2020-12-26","75","H,,S","86",",,S","66",",,S"
"DRM00078458","PUERTO PLATA, DR","19.75","-70.55","5.0","2020-12-27","76","H,,S","86",",,S","66",",,S"
"DRM00078458","PUERTO PLATA, DR","19.75","-70.55","5.0","2020-12-28","74","H,,S","86",",,S","67",",,S"
"DRM00078458","PUERTO PLATA, DR","19.75","-70.55","5.0","2020-12-29","76","H,,S","82",",,S","66",",,S"
"DRM00078458","PUERTO PLATA, DR","19.75","-70.55","5.0","2020-12-30","74","H,,S","86",",,S","68",",,S"
"DRM00078458","PUERTO PLATA, DR","19.75","-70.55","5.0","2020-12-31","73","H,,S","84",",,S","67",",,S"
"DRM00078458","PUERTO PLATA, DR","19.75","-70.55","5.0","2021-01-01","73","H,,S","85",",,S","67",",,S"
"DRM00078458","PUERTO PLATA, DR","19.75","-70.55","5.0","2021-01-02","73","H,,S","86",",,S","67",",,S"
"DRM00078458","PUERTO PLATA, DR","19.75","-70.55","5.0","2021-01-03","74","H,,S","86",",,S","68",",,S"
"DRM00078458","PUERTO PLATA, DR","19.75","-70.55","5.0","2021-01-04","74","H,,S","85",",,S","67",",,S"
"DRM00078458","PUERTO PLATA, DR","19.75","-70.55","5.0","2021-01-05","71","H,,S","85",",,S","63",",,S"
"DRM00078458","PUERTO PLATA, DR","19.75","-70.55","5.0","2021-01-06","72","H,,S","85",",,S","63",",,S"
"DRM00078458","PUERTO PLATA, DR","19.75","-70.55","5.0","2021-01-07","73","H,,S","83",",,S","63",",,S"
"DRM00078458","PUERTO PLATA, DR","19.75","-70.55","5.0","2021-01-08","76","H,,S","88",",,S","63",",,S"
"DRM00078458","PUERTO PLATA, DR","19.75","-70.55","5.0","2021-01-09","76","H,,S","88",",,S","67",",,S"
"DRM00078458","PUERTO PLATA, DR","19.75","-70.55","5.0","2021-01-10","80","H,,S","87",",,S","70",",,S"
"DRM00078458","PUERTO PLATA, DR","19.75","-70.55","5.0","2021-01-11","75","H,,S","88",",,S","68",",,S"
"DRM00078458","PUERTO PLATA, DR","19.75","-70.55","5.0","2021-01-12","75","H,,S","87",",,S","68",",,S"
"DRM00078458","PUERTO PLATA, DR","19.75","-70.55","5.0","2021-01-13","73","H,,S","88",",,S","64",",,S"
"DRM00078458","PUERTO PLATA, DR","19.75","-70.55","5.0","2021-01-14","76","H,,S","88",",,S","64",",,S"
"DRM00078458","PUERTO PLATA, DR","19.75","-70.55","5.0","2021-01-15","74","H,,S","89",",,S","65",",,S"
"DRM00078458","PUERTO PLATA, DR","19.75","-70.55","5.0","2021-01-16","72","H,,S","89",",,S","63",",,S"
"DRM00078458","PUERTO PLATA, DR","19.75","-70.55","5.0","2021-01-17","75","H,,S","89",",,S","63",",,S"
"DRM00078458","PUERTO PLATA, DR","19.75","-70.55","5.0","2021-01-18","76","H,,S","89",",,S","63",",,S"
"DRM00078458","PUERTO PLATA, DR","19.75","-70.55","5.0","2021-01-19","77","H,,S","86",",,S","67",",,S"
"DRM00078458","PUERTO PLATA, DR","19.75","-70.55","5.0","2021-01-20","76","H,,S","86",",,S","68",",,S"
"DRM00078458","PUERTO PLATA, DR","19.75","-70.55","5.0","2021-01-21","75","H,,S","85",",,S","68",",,S"
"DRM00078458","PUERTO PLATA, DR","19.75","-70.55","5.0","2021-01-22","74","H,,S","85",",,S","67",",,S"
"DRM00078458","PUERTO PLATA, DR","19.75","-70.55","5.0","2021-01-23","74","H,,S","86",",,S","67",",,S"
"DRM00078458","PUERTO PLATA, DR","19.75","-70.55","5.0","2021-01-24","74","H,,S","87",",,S","64",",,S"
"DRM00078458","PUERTO PLATA, DR","19.75","-70.55","5.0","2021-01-25","76","H,,S","86",",,S","64",",,S"
"DRM00078458","PUERTO PLATA, DR","19.75","-70.55","5.0","2021-01-26","74","H,,S","85",",,S","66",",,S"
"DRM00078458","PUERTO PLATA, DR","19.75","-70.55","5.0","2021-01-28","74","H,,S","85",",,S","65",",,S"
"DRM00078458","PUERTO PLATA, DR","19.75","-70.55","5.0","2021-01-29","71","H,,S","85",",,S","64",",,S"
"DRM00078458","PUERTO PLATA, DR","19.75","-70.55","5.0","2021-01-30","70","H,,S","74",",,S","64",",,S"
"DRM00078458","PUERTO PLATA, DR","19.75","-70.55","5.0","2021-01-31","70","H,,S","78",",,S","64",",,S"
"DRM00078458","PUERTO PLATA, DR","19.75","-70.55","5.0","2021-02-01","77","H,,S","88",",,S","64",",,S"
"DRM00078458","PUERTO PLATA, DR","19.75","-70.55","5.0","2021-02-02","76","H,,S","91",",,S","67",",,S"
"DRM00078458","PUERTO PLATA, DR","19.75","-70.55","5.0","2021-02-03","74","H,,S","87",",,S","68",",,S"
"DRM00078458","PUERTO PLATA, DR","19.75","-70.55","5.0","2021-02-04","71","H,,S","77",",,S","67",",,S"
"DRM00078458","PUERTO PLATA, DR","19.75","-70.55","5.0","2021-02-05","74","H,,S","84",",,S","66",",,S"
"DRM00078458","PUERTO PLATA, DR","19.75","-70.55","5.0","2021-02-06","77","H,,S","86",",,S","66",",,S"
"DRM00078458","PUERTO PLATA, DR","19.75","-70.55","5.0","2021-02-07","77","H,,S","89",",,S","68",",,S"
"DRM00078458","PUERTO PLATA, DR","19.75","-70.55","5.0","2021-02-08","77","H,,S","89",",,S","68",",,S"
"DRM00078458","PUERTO PLATA, DR","19.75","-70.55","5.0","2021-02-09","76","H,,S","90",",,S","68",",,S"
"DRM00078458","PUERTO PLATA, DR","19.75","-70.55","5.0","2021-02-10","71","H,,S",,,,
"DRM00078458","PUERTO PLATA, DR","19.75","-70.55","5.0","2021-02-13","78","H,,S","86",",,S","68",",,S"
"DRM00078458","PUERTO PLATA, DR","19.75","-70.55","5.0","2021-02-14","76","H,,S","87",",,S","68",",,S"
"DRM00078458","PUERTO PLATA, DR","19.75","-70.55","5.0","2021-02-15","78","H,,S","89",",,S","70",",,S"
"DRM00078458","PUERTO PLATA, DR","19.75","-70.55","5.0","2021-02-16","80","H,,S","89",",,S","71",",,S"
"DRM00078458","PUERTO PLATA, DR","19.75","-70.55","5.0","2021-02-17","75","H,,S","88",",,S","64",",,S"
"DRM00078458","PUERTO PLATA, DR","19.75","-70.55","5.0","2021-02-18","79","H,,S","87",",,S","67",",,S"
"DRM00078458","PUERTO PLATA, DR","19.75","-70.55","5.0","2021-02-19","73","H,,S","85",",,S","67",",,S"
"DRM00078458","PUERTO PLATA, DR","19.75","-70.55","5.0","2021-02-22","74","H,,S","88",",,S","66",",,S"
"DRM00078458","PUERTO PLATA, DR","19.75","-70.55","5.0","2021-02-23","77","H,,S","87",",,S","67",",,S"
"DRM00078458","PUERTO PLATA, DR","19.75","-70.55","5.0","2021-02-24","78","H,,S","87",",,S","67",",,S"
"DRM00078458","PUERTO PLATA, DR","19.75","-70.55","5.0","2021-02-25","76","H,,S","86",",,S","68",",,S"
"DRM00078458","PUERTO PLATA, DR","19.75","-70.55","5.0","2021-02-26","77","H,,S","85",",,S","69",",,S"
"DRM00078458","PUERTO PLATA, DR","19.75","-70.55","5.0","2021-02-27","76","H,,S","85",",,S","68",",,S"
"DRM00078458","PUERTO PLATA, DR","19.75","-70.55","5.0","2021-02-28","76","H,,S","85",",,S","67",",,S"
"DRM00078458","PUERTO PLATA, DR","19.75","-70.55","5.0","2021-03-01","73","H,,S","86",",,S","67",",,S"
"DRM00078458","PUERTO PLATA, DR","19.75","-70.55","5.0","2021-03-02","74","H,,S","85",",,S","65",",,S"
"DRM00078458","PUERTO PLATA, DR","19.75","-70.55","5.0","2021-03-03","76","H,,S","89",",,S","65",",,S"
"DRM00078458","PUERTO PLATA, DR","19.75","-70.55","5.0","2021-03-04","80","H,,S","89",",,S","67",",,S"
"DRM00078458","PUERTO PLATA, DR","19.75","-70.55","5.0","2021-03-05","76","H,,S","89",",,S","65",",,S"
"DRM00078458","PUERTO PLATA, DR","19.75","-70.55","5.0","2021-03-06","76","H,,S","89",",,S","65",",,S"
"DRM00078458","PUERTO PLATA, DR","19.75","-70.55","5.0","2021-03-07","78","H,,S","91",",,S","65",",,S"
"DRM00078458","PUERTO PLATA, DR","19.75","-70.55","5.0","2021-03-08","77","H,,S","91",",,S","69",",,S"
"DRM00078458","PUERTO PLATA, DR","19.75","-70.55","5.0","2021-03-09","75","H,,S","86",",,S","69",",,S"
"DRM00078458","PUERTO PLATA, DR","19.75","-70.55","5.0","2021-03-10","70","H,,S","80",",,S","68",",,S"
"DRM00078458","PUERTO PLATA, DR","19.75","-70.55","5.0","2021-03-11","75","H,,S","82",",,S","67",",,S"
"DRM00078458","PUERTO PLATA, DR","19.75","-70.55","5.0","2021-03-12","75","H,,S","83",",,S","67",",,S"
"DRM00078458","PUERTO PLATA, DR","19.75","-70.55","5.0","2021-03-13","74","H,,S","83",",,S","66",",,S"
"DRM00078458","PUERTO PLATA, DR","19.75","-70.55","5.0","2021-03-14","75","H,,S","83",",,S","66",",,S"
"DRM00078458","PUERTO PLATA, DR","19.75","-70.55","5.0","2021-03-15","73","H,,S","84",",,S","64",",,S"
"DRM00078458","PUERTO PLATA, DR","19.75","-70.55","5.0","2021-03-16","77","H,,S","85",",,S","67",",,S"
"DRM00078458","PUERTO PLATA, DR","19.75","-70.55","5.0","2021-03-17","74","H,,S","85",",,S","67",",,S"
"DRM00078458","PUERTO PLATA, DR","19.75","-70.55","5.0","2021-03-18","76","H,,S","85",",,S","66",",,S"
"DRM00078458","PUERTO PLATA, DR","19.75","-70.55","5.0","2021-03-19","72","H,,S","86",",,S","64",",,S"
"DRM00078458","PUERTO PLATA, DR","19.75","-70.55","5.0","2021-03-20","84","H,,S",,,,
"DRM00078458","PUERTO PLATA, DR","19.75","-70.55","5.0","2021-03-21","77","H,,S","87",",,S","65",",,S"
"DRM00078458","PUERTO PLATA, DR","19.75","-70.55","5.0","2021-03-22","77","H,,S","88",",,S","69",",,S"
"DRM00078458","PUERTO PLATA, DR","19.75","-70.55","5.0","2021-03-23","76","H,,S","89",",,S","68",",,S"
"DRM00078458","PUERTO PLATA, DR","19.75","-70.55","5.0","2021-03-24","76","H,,S","89",",,S","67",",,S"
"DRM00078458","PUERTO PLATA, DR","19.75","-70.55","5.0","2021-03-25","79","H,,S","87",",,S","67",",,S"
"DRM00078458","PUERTO PLATA, DR","19.75","-70.55","5.0","2021-03-26","76","H,,S","87",",,S","68",",,S"
"DRM00078458","PUERTO PLATA, DR","19.75","-70.55","5.0","2021-03-27","76","H,,S","87",",,S","69",",,S"
"DRM00078458","PUERTO PLATA, DR","19.75","-70.55","5.0","2021-03-28","76","H,,S","86",",,S","70",",,S"
"DRM00078458","PUERTO PLATA, DR","19.75","-70.55","5.0","2021-03-29","77","H,,S",,,,
"DRM00078458","PUERTO PLATA, DR","19.75","-70.55","5.0","2021-03-30","78","H,,S","87",",,S","69",",,S"
"DRM00078458","PUERTO PLATA, DR","19.75","-70.55","5.0","2021-03-31","78","H,,S","88",",,S","67",",,S"
"DRM00078458","PUERTO PLATA, DR","19.75","-70.55","5.0","2021-04-01","76","H,,S","87",",,S","65",",,S"
"DRM00078458","PUERTO PLATA, DR","19.75","-70.55","5.0","2021-04-02","78","H,,S","92",",,S","65",",,S"
"DRM00078458","PUERTO PLATA, DR","19.75","-70.55","5.0","2021-04-03","77","H,,S","93",",,S","66",",,S"
"DRM00078458","PUERTO PLATA, DR","19.75","-70.55","5.0","2021-04-04","73","H,,S","86",",,S","66",",,S"
"DRM00078458","PUERTO PLATA, DR","19.75","-70.55","5.0","2021-04-05","73","H,,S","82",",,S","69",",,S"
"DRM00078458","PUERTO PLATA, DR","19.75","-70.55","5.0","2021-04-06","74","H,,S",,,,
"DRM00078458","PUERTO PLATA, DR","19.75","-70.55","5.0","2021-04-07","72","H,,S","80",",,S","68",",,S"
"DRM00078458","PUERTO PLATA, DR","19.75","-70.55","5.0","2021-04-08","72","H,,S","81",",,S","69",",,S"
"DRM00078458","PUERTO PLATA, DR","19.75","-70.55","5.0","2021-04-09","75","H,,S","85",",,S","68",",,S"
"DRM00078458","PUERTO PLATA, DR","19.75","-70.55","5.0","2021-04-10","74","H,,S",,,,
"DRM00078458","PUERTO PLATA, DR","19.75","-70.55","5.0","2021-04-11","73","H,,S","86",",,S","66",",,S"
"DRM00078458","PUERTO PLATA, DR","19.75","-70.55","5.0","2021-04-13","77","H,,S","91",",,S","63",",,S"
"DRM00078458","PUERTO PLATA, DR","19.75","-70.55","5.0","2021-04-14","77","H,,S","87",",,S","67",",,S"
"DRM00078458","PUERTO PLATA, DR","19.75","-70.55","5.0","2021-04-16","73","H,,S","88",",,S","65",",,S"
"DRM00078458","PUERTO PLATA, DR","19.75","-70.55","5.0","2021-04-17","77","H,,S","88",",,S","66",",,S"
"DRM00078458","PUERTO PLATA, DR","19.75","-70.55","5.0","2021-04-18","79","H,,S","90",",,S","67",",,S"
"DRM00078458","PUERTO PLATA, DR","19.75","-70.55","5.0","2021-04-19","86","H,,S",,,,
"DRM00078458","PUERTO PLATA, DR","19.75","-70.55","5.0","2021-04-20","81","H,,S","96",",,S","64",",,S"
"DRM00078458","PUERTO PLATA, DR","19.75","-70.55","5.0","2021-04-21","78","H,,S","95",",,S","64",",,S"
"DRM00078458","PUERTO PLATA, DR","19.75","-70.55","5.0","2021-04-22","78","H,,S","90",",,S","68",",,S"
"DRM00078458","PUERTO PLATA, DR","19.75","-70.55","5.0","2021-04-23","79","H,,S","90",",,S","72",",,S"
"DRM00078458","PUERTO PLATA, DR","19.75","-70.55","5.0","2021-04-24","80","H,,S","90",",,S","70",",,S"
"DRM00078458","PUERTO PLATA, DR","19.75","-70.55","5.0","2021-04-25","79","H,,S","89",",,S","70",",,S"
"DRM00078458","PUERTO PLATA, DR","19.75","-70.55","5.0","2021-04-26","79","H,,S","89",",,S","71",",,S"
"DRM00078458","PUERTO PLATA, DR","19.75","-70.55","5.0","2021-04-28","75","H,,S","87",",,S","68",",,S"
"DRM00078458","PUERTO PLATA, DR","19.75","-70.55","5.0","2021-04-29","76","H,,S",,,,
"DRM00078458","PUERTO PLATA, DR","19.75","-70.55","5.0","2021-04-30","77","H,,S",,,,
"DRM00078458","PUERTO PLATA, DR","19.75","-70.55","5.0","2021-05-01","77","H,,S","89",",,S","68",",,S"
"DRM00078458","PUERTO PLATA, DR","19.75","-70.55","5.0","2021-05-02","79","H,,S","89",",,S","69",",,S"
"DRM00078458","PUERTO PLATA, DR","19.75","-70.55","5.0","2021-05-03","78","H,,S","88",",,S","68",",,S"
"DRM00078458","PUERTO PLATA, DR","19.75","-70.55","5.0","2021-05-04","78","H,,S","89",",,S","68",",,S"
"DRM00078458","PUERTO PLATA, DR","19.75","-70.55","5.0","2021-05-05","78","H,,S","90",",,S","68",",,S"
"DRM00078458","PUERTO PLATA, DR","19.75","-70.55","5.0","2021-05-06","81","H,,S","90",",,S","69",",,S"
"DRM00078458","PUERTO PLATA, DR","19.75","-70.55","5.0","2021-05-07","79","H,,S","90",",,S","69",",,S"
"DRM00078458","PUERTO PLATA, DR","19.75","-70.55","5.0","2021-05-08","79","H,,S","92",",,S","69",",,S"
"DRM00078458","PUERTO PLATA, DR","19.75","-70.55","5.0","2021-05-09","84","H,,S","93",",,S","70",",,S"
"DRM00078458","PUERTO PLATA, DR","19.75","-70.55","5.0","2021-05-10","80","H,,S","89",",,S","70",",,S"
"DRM00078458","PUERTO PLATA, DR","19.75","-70.55","5.0","2021-05-11","79","H,,S","89",",,S","72",",,S"
"DRM00078458","PUERTO PLATA, DR","19.75","-70.55","5.0","2021-05-13","82","H,,S","91",",,S","72",",,S"
"DRM00078458","PUERTO PLATA, DR","19.75","-70.55","5.0","2021-05-14","80","H,,S","92",",,S","71",",,S"
"DRM00078458","PUERTO PLATA, DR","19.75","-70.55","5.0","2021-05-15","85","H,,S","92",",,S","71",",,S"
"DRM00078458","PUERTO PLATA, DR","19.75","-70.55","5.0","2021-05-16","80","H,,S","91",",,S","71",",,S"
"DRM00078458","PUERTO PLATA, DR","19.75","-70.55","5.0","2021-05-17","79","H,,S","90",",,S","70",",,S"
"DRM00078458","PUERTO PLATA, DR","19.75","-70.55","5.0","2021-05-19","78","H,,S","92",",,S","68",",,S"
"DRM00078458","PUERTO PLATA, DR","19.75","-70.55","5.0","2021-05-20","74","H,,S","89",",,S","68",",,S"
"DRM00078458","PUERTO PLATA, DR","19.75","-70.55","5.0","2021-05-22","80","H,,S","88",",,S","69",",,S"
"DRM00078458","PUERTO PLATA, DR","19.75","-70.55","5.0","2021-05-23","77","H,,S","89",",,S","68",",,S"
"DRM00078458","PUERTO PLATA, DR","19.75","-70.55","5.0","2021-05-24","79","H,,S","89",",,S","68",",,S"
"DRM00078458","PUERTO PLATA, DR","19.75","-70.55","5.0","2021-05-25","78","H,,S","88",",,S","70",",,S"
"DRM00078458","PUERTO PLATA, DR","19.75","-70.55","5.0","2021-05-26","80","H,,S","88",",,S","72",",,S"
"DRM00078458","PUERTO PLATA, DR","19.75","-70.55","5.0","2021-05-27","83","H,,S","89",",,S","70",",,S"
"DRM00078458","PUERTO PLATA, DR","19.75","-70.55","5.0","2021-05-28","82","H,,S","89",",,S","70",",,S"
"DRM00078458","PUERTO PLATA, DR","19.75","-70.55","5.0","2021-05-29","77","H,,S","89",",,S","70",",,S"
"DRM00078458","PUERTO PLATA, DR","19.75","-70.55","5.0","2021-05-30","79","H,,S","91",",,S","70",",,S"
"DRM00078458","PUERTO PLATA, DR","19.75","-70.55","5.0","2021-05-31","77","H,,S","91",",,S","68",",,S"
"DRM00078458","PUERTO PLATA, DR","19.75","-70.55","5.0","2021-06-01","78","H,,S","88",",,S","68",",,S"
"DRM00078458","PUERTO PLATA, DR","19.75","-70.55","5.0","2021-06-02","80","H,,S","89",",,S","72",",,S"
"DRM00078458","PUERTO PLATA, DR","19.75","-70.55","5.0","2021-06-03","77","H,,S","89",",,S","71",",,S"
"DRM00078458","PUERTO PLATA, DR","19.75","-70.55","5.0","2021-06-04","80","H,,S","89",",,S","71",",,S"
"DRM00078458","PUERTO PLATA, DR","19.75","-70.55","5.0","2021-06-05","79","H,,S","89",",,S","72",",,S"
"DRM00078458","PUERTO PLATA, DR","19.75","-70.55","5.0","2021-06-06","77","H,,S",,,,
"DRM00078458","PUERTO PLATA, DR","19.75","-70.55","5.0","2021-06-07","79","H,,S","89",",,S","72",",,S"
"DRM00078458","PUERTO PLATA, DR","19.75","-70.55","5.0","2021-06-09","76","H,,S","89",",,S","71",",,S"
"DRM00078458","PUERTO PLATA, DR","19.75","-70.55","5.0","2021-06-10","78","H,,S","89",",,S","69",",,S"
"DRM00078458","PUERTO PLATA, DR","19.75","-70.55","5.0","2021-06-11","75","H,,S","89",",,S","69",",,S"
"DRM00078458","PUERTO PLATA, DR","19.75","-70.55","5.0","2021-06-12","79","H,,S","91",",,S","70",",,S"
"DRM00078458","PUERTO PLATA, DR","19.75","-70.55","5.0","2021-06-13","80","H,,S","92",",,S","70",",,S"
"DRM00078458","PUERTO PLATA, DR","19.75","-70.55","5.0","2021-06-14","80","H,,S","94",",,S","70",",,S"
"DRM00078458","PUERTO PLATA, DR","19.75","-70.55","5.0","2021-06-15","83","H,,S","94",",,S","72",",,S"
"DRM00078458","PUERTO PLATA, DR","19.75","-70.55","5.0","2021-06-16","82","H,,S","94",",,S","74",",,S"
"DRM00078458","PUERTO PLATA, DR","19.75","-70.55","5.0","2021-06-17","81","H,,S","92",",,S","76",",,S"
"DRM00078458","PUERTO PLATA, DR","19.75","-70.55","5.0","2021-06-19","81","H,,S","92",",,S","73",",,S"
"DRM00078458","PUERTO PLATA, DR","19.75","-70.55","5.0","2021-06-20","82","H,,S","94",",,S","73",",,S"
"DRM00078458","PUERTO PLATA, DR","19.75","-70.55","5.0","2021-06-21","82","H,,S","94",",,S","73",",,S"
"DRM00078458","PUERTO PLATA, DR","19.75","-70.55","5.0","2021-06-22","81","H,,S","91",",,S","73",",,S"
"DRM00078458","PUERTO PLATA, DR","19.75","-70.55","5.0","2021-06-23","81","H,,S","90",",,S","71",",,S"
"DRM00078458","PUERTO PLATA, DR","19.75","-70.55","5.0","2021-06-28","80","H,,S","91",",,S","72",",,S"
"DRM00078458","PUERTO PLATA, DR","19.75","-70.55","5.0","2021-06-29","83","H,,S","94",",,S","72",",,S"
"DRM00078458","PUERTO PLATA, DR","19.75","-70.55","5.0","2021-06-30","82","H,,S","94",",,S","73",",,S"
"DRM00078458","PUERTO PLATA, DR","19.75","-70.55","5.0","2021-07-01","79","H,,S","91",",,S","70",",,S"
"DRM00078458","PUERTO PLATA, DR","19.75","-70.55","5.0","2021-07-02","80","H,,S","92",",,S","70",",,S"
"DRM00078458","PUERTO PLATA, DR","19.75","-70.55","5.0","2021-07-03","81","H,,S","93",",,S","70",",,S"
"DRM00078458","PUERTO PLATA, DR","19.75","-70.55","5.0","2021-07-04","84","H,,S","94",",,S","73",",,S"
"DRM00078458","PUERTO PLATA, DR","19.75","-70.55","5.0","2021-07-05","82","H,,S","94",",,S","74",",,S"
"DRM00078458","PUERTO PLATA, DR","19.75","-70.55","5.0","2021-07-06","81","H,,S","92",",,S","74",",,S"
"DRM00078458","PUERTO PLATA, DR","19.75","-70.55","5.0","2021-07-07","80","H,,S","91",",,S","73",",,S"
"DRM00078458","PUERTO PLATA, DR","19.75","-70.55","5.0","2021-07-08","83","H,,S","92",",,S","73",",,S"
"DRM00078458","PUERTO PLATA, DR","19.75","-70.55","5.0","2021-07-09","83","H,,S","93",",,S","74",",,S"
"DRM00078458","PUERTO PLATA, DR","19.75","-70.55","5.0","2021-07-10","80","H,,S","92",",,S","73",",,S"
"DRM00078458","PUERTO PLATA, DR","19.75","-70.55","5.0","2021-07-11","81","H,,S","90",",,S","73",",,S"
"DRM00078458","PUERTO PLATA, DR","19.75","-70.55","5.0","2021-07-12","79","H,,S","90",",,S","72",",,S"
"DRM00078458","PUERTO PLATA, DR","19.75","-70.55","5.0","2021-07-13","80","H,,S","89",",,S","72",",,S"
"DRM00078458","PUERTO PLATA, DR","19.75","-70.55","5.0","2021-07-14","81","H,,S","89",",,S","71",",,S"
"DRM00078458","PUERTO PLATA, DR","19.75","-70.55","5.0","2021-07-15","79","H,,S","89",",,S","71",",,S"
"DRM00078458","PUERTO PLATA, DR","19.75","-70.55","5.0","2021-07-16","79","H,,S","88",",,S","70",",,S"
"DRM00078458","PUERTO PLATA, DR","19.75","-70.55","5.0","2021-07-17","81","H,,S","90",",,S","70",",,S"
"DRM00078458","PUERTO PLATA, DR","19.75","-70.55","5.0","2021-07-18","80","H,,S","90",",,S","71",",,S"
"DRM00078458","PUERTO PLATA, DR","19.75","-70.55","5.0","2021-07-19","79","H,,S","90",",,S","72",",,S"
"DRM00078458","PUERTO PLATA, DR","19.75","-70.55","5.0","2021-07-20","81","H,,S","92",",,S","72",",,S"
"DRM00078458","PUERTO PLATA, DR","19.75","-70.55","5.0","2021-07-21","82","H,,S","92",",,S","72",",,S"
"DRM00078458","PUERTO PLATA, DR","19.75","-70.55","5.0","2021-07-22","82","H,,S","92",",,S","73",",,S"
"DRM00078458","PUERTO PLATA, DR","19.75","-70.55","5.0","2021-07-23","80","H,,S","90",",,S","73",",,S"
"DRM00078458","PUERTO PLATA, DR","19.75","-70.55","5.0","2021-07-24","81","H,,S","89",",,S","74",",,S"
"DRM00078458","PUERTO PLATA, DR","19.75","-70.55","5.0","2021-07-25","78","H,,S",,,,
"DRM00078458","PUERTO PLATA, DR","19.75","-70.55","5.0","2021-07-26","80","H,,S","92",",,S","71",",,S"
"DRM00078458","PUERTO PLATA, DR","19.75","-70.55","5.0","2021-07-27","82","H,,S","93",",,S","71",",,S"
"DRM00078458","PUERTO PLATA, DR","19.75","-70.55","5.0","2021-07-28","81","H,,S","92",",,S","71",",,S"
"DRM00078458","PUERTO PLATA, DR","19.75","-70.55","5.0","2021-07-29","76","H,,S","89",",,S","71",",,S"
"DRM00078458","PUERTO PLATA, DR","19.75","-70.55","5.0","2021-08-03","82","H,,S","90",",,S","73",",,S"
"DRM00078458","PUERTO PLATA, DR","19.75","-70.55","5.0","2021-08-05","85","H,,S","91",",,S","70",",,S"
"DRM00078458","PUERTO PLATA, DR","19.75","-70.55","5.0","2021-08-06","78","H,,S","91",",,S","72",",,S"
"DRM00078458","PUERTO PLATA, DR","19.75","-70.55","5.0","2021-08-10","86","H,,S","91",",,S","73",",,S"
"DRM00078458","PUERTO PLATA, DR","19.75","-70.55","5.0","2021-08-12","78","H,,S","89",",,S","71",",,S"
"DRM00078458","PUERTO PLATA, DR","19.75","-70.55","5.0","2021-08-13","82","H,,S","92",",,S","71",",,S"
"DRM00078458","PUERTO PLATA, DR","19.75","-70.55","5.0","2021-08-14","78","H,,S","92",",,S","72",",,S"
"DRM00078458","PUERTO PLATA, DR","19.75","-70.55","5.0","2021-08-15","80","H,,S","91",",,S","72",",,S"
"DRM00078458","PUERTO PLATA, DR","19.75","-70.55","5.0","2021-08-16","80","H,,S","91",",,S","72",",,S"
"DRM00078458","PUERTO PLATA, DR","19.75","-70.55","5.0","2021-08-17","80","H,,S",,,,
"DRM00078458","PUERTO PLATA, DR","19.75","-70.55","5.0","2021-08-18","80","H,,S","90",",,S","71",",,S"
"DRM00078458","PUERTO PLATA, DR","19.75","-70.55","5.0","2021-08-20","80","H,,S","90",",,S","73",",,S"
"DRM00078458","PUERTO PLATA, DR","19.75","-70.55","5.0","2021-08-21","81","H,,S","91",",,S","74",",,S"
"DRM00078458","PUERTO PLATA, DR","19.75","-70.55","5.0","2021-08-23","84","H,,S",,,,
"DRM00078458","PUERTO PLATA, DR","19.75","-70.55","5.0","2021-08-24","80","H,,S","91",",,S","73",",,S"
"DRM00078458","PUERTO PLATA, DR","19.75","-70.55","5.0","2021-08-25","81","H,,S","91",",,S","72",",,S"
"DRM00078458","PUERTO PLATA, DR","19.75","-70.55","5.0","2021-08-26","83","H,,S","92",",,S","72",",,S"
"DRM00078458","PUERTO PLATA, DR","19.75","-70.55","5.0","2021-08-27","83","H,,S","92",",,S","73",",,S"
"DRM00078458","PUERTO PLATA, DR","19.75","-70.55","5.0","2021-08-28","82","H,,S","93",",,S","73",",,S"
"DRM00078458","PUERTO PLATA, DR","19.75","-70.55","5.0","2021-08-29","82","H,,S","93",",,S","73",",,S"
"DRM00078458","PUERTO PLATA, DR","19.75","-70.55","5.0","2021-08-30","80","H,,S","92",",,S","72",",,S"
"DRM00078458","PUERTO PLATA, DR","19.75","-70.55","5.0","2021-08-31","76","H,,S","90",",,S","72",",,S"
"DRM00078458","PUERTO PLATA, DR","19.75","-70.55","5.0","2021-09-03","87","H,,S","92",",,S","74",",,S"
"DRM00078458","PUERTO PLATA, DR","19.75","-70.55","5.0","2021-09-05","80","H,,S","96",",,S","73",",,S"
"DRM00078458","PUERTO PLATA, DR","19.75","-70.55","5.0","2021-09-08","84","H,,S","94",",,S","72",",,S"
"DRM00078458","PUERTO PLATA, DR","19.75","-70.55","5.0","2021-09-14","81","H,,S","93",",,S","73",",,S"
"DRM00078458","PUERTO PLATA, DR","19.75","-70.55","5.0","2021-09-19","84","H,,S","95",",,S","73",",,S"
"DRM00078458","PUERTO PLATA, DR","19.75","-70.55","5.0","2021-09-20","77","H,,S","90",",,S","73",",,S"
"DRM00078458","PUERTO PLATA, DR","19.75","-70.55","5.0","2021-09-26","83","H,,S","90",",,S","74",",,S"
"DRM00078458","PUERTO PLATA, DR","19.75","-70.55","5.0","2021-09-27","85","H,,S","92",",,S","75",",,S"
"DRM00078458","PUERTO PLATA, DR","19.75","-70.55","5.0","2021-10-05","82","H,,S","91",",,S","72",",,S"
"DRM00078458","PUERTO PLATA, DR","19.75","-70.55","5.0","2021-10-06","79","H,,S","90",",,S","71",",,S"
"DRM00078458","PUERTO PLATA, DR","19.75","-70.55","5.0","2021-10-07","79","H,,S","89",",,S","70",",,S"
"DRM00078458","PUERTO PLATA, DR","19.75","-70.55","5.0","2021-10-08","81","H,,S","90",",,S","72",",,S"
"DRM00078458","PUERTO PLATA, DR","19.75","-70.55","5.0","2021-10-09","84","H,,S","93",",,S","73",",,S"
"DRM00078458","PUERTO PLATA, DR","19.75","-70.55","5.0","2021-10-10","81","H,,S","93",",,S","71",",,S"
"DRM00078458","PUERTO PLATA, DR","19.75","-70.55","5.0","2021-10-11","80","H,,S","92",",,S","70",",,S"
"DRM00078458","PUERTO PLATA, DR","19.75","-70.55","5.0","2021-10-12","79","H,,S","91",",,S","70",",,S"
"DRM00078458","PUERTO PLATA, DR","19.75","-70.55","5.0","2021-10-13","77","H,,S","90",",,S","71",",,S"
"DRM00078458","PUERTO PLATA, DR","19.75","-70.55","5.0","2021-10-14","78","H,,S","90",",,S","71",",,S"
"DRM00078458","PUERTO PLATA, DR","19.75","-70.55","5.0","2021-10-15","83","H,,S","90",",,S","75",",,S"
"DRM00078458","PUERTO PLATA, DR","19.75","-70.55","5.0","2021-10-16","81","H,,S","90",",,S","73",",,S"
"DRM00078458","PUERTO PLATA, DR","19.75","-70.55","5.0","2021-10-17","81","H,,S","90",",,S","72",",,S"
"DRM00078458","PUERTO PLATA, DR","19.75","-70.55","5.0","2021-10-18","81","H,,S","89",",,S","71",",,S"
"DRM00078458","PUERTO PLATA, DR","19.75","-70.55","5.0","2021-10-19","80","H,,S","91",",,S","71",",,S"
"DRM00078458","PUERTO PLATA, DR","19.75","-70.55","5.0","2021-10-20","81","H,,S","92",",,S","73",",,S"
"DRM00078458","PUERTO PLATA, DR","19.75","-70.55","5.0","2021-10-21","84","H,,S","92",",,S","74",",,S"
"DRM00078458","PUERTO PLATA, DR","19.75","-70.55","5.0","2021-10-22","83","H,,S","94",",,S","73",",,S"
"DRM00078458","PUERTO PLATA, DR","19.75","-70.55","5.0","2021-10-23","81","H,,S","95",",,S","73",",,S"
"DRM00078458","PUERTO PLATA, DR","19.75","-70.55","5.0","2021-10-24","83","H,,S","92",",,S","71",",,S"
"DRM00078458","PUERTO PLATA, DR","19.75","-70.55","5.0","2021-10-25","80","H,,S","92",",,S","71",",,S"
"DRM00078458","PUERTO PLATA, DR","19.75","-70.55","5.0","2021-10-26","79","H,,S","94",",,S","70",",,S"
"DRM00078458","PUERTO PLATA, DR","19.75","-70.55","5.0","2021-10-27","83","H,,S","94",",,S","70",",,S"
"DRM00078458","PUERTO PLATA, DR","19.75","-70.55","5.0","2021-10-28","77","H,,S","91",",,S","72",",,S"
"DRM00078458","PUERTO PLATA, DR","19.75","-70.55","5.0","2021-10-29","81","H,,S","91",",,S","70",",,S"
"DRM00078458","PUERTO PLATA, DR","19.75","-70.55","5.0","2021-10-30","80","H,,S","93",",,S","68",",,S"
"DRM00078458","PUERTO PLATA, DR","19.75","-70.55","5.0","2021-10-31","78","H,,S","93",",,S","68",",,S"
"DRM00078458","PUERTO PLATA, DR","19.75","-70.55","5.0","2021-11-01","79","H,,S","90",",,S","69",",,S"
"DRM00078458","PUERTO PLATA, DR","19.75","-70.55","5.0","2021-11-02","83","H,,S","91",",,S","69",",,S"
"DRM00078458","PUERTO PLATA, DR","19.75","-70.55","5.0","2021-11-03","78","H,,S","92",",,S","71",",,S"
"DRM00078458","PUERTO PLATA, DR","19.75","-70.55","5.0","2021-11-04","76","H,,S","92",",,S","71",",,S"
"DRM00078458","PUERTO PLATA, DR","19.75","-70.55","5.0","2021-11-05","84","H,,S",,,,
"DRM00078458","PUERTO PLATA, DR","19.75","-70.55","5.0","2021-11-06","78","H,,S","95",",,S","69",",,S"
"DRM00078458","PUERTO PLATA, DR","19.75","-70.55","5.0","2021-11-07","80","H,,S","94",",,S","68",",,S"
"DRM00078458","PUERTO PLATA, DR","19.75","-70.55","5.0","2021-11-08","81","H,,S","93",",,S","68",",,S"
"DRM00078458","PUERTO PLATA, DR","19.75","-70.55","5.0","2021-11-09","78","H,,S","90",",,S","69",",,S"
"DRM00078458","PUERTO PLATA, DR","19.75","-70.55","5.0","2021-11-10","77","H,,S",,,,
"DRM00078458","PUERTO PLATA, DR","19.75","-70.55","5.0","2021-11-11","79","H,,S","90",",,S","71",",,S"
"DRM00078458","PUERTO PLATA, DR","19.75","-70.55","5.0","2021-11-15","78","H,,S","92",",,S","68",",,S"
"DRM00078458","PUERTO PLATA, DR","19.75","-70.55","5.0","2021-11-16","75","H,,S","92",",,S","67",",,S"
"DRM00078458","PUERTO PLATA, DR","19.75","-70.55","5.0","2021-11-18","77","H,,S","92",",,S","67",",,S"
"DRM00078458","PUERTO PLATA, DR","19.75","-70.55","5.0","2021-11-19","78","H,,S","90",",,S","67",",,S"
"DRM00078458","PUERTO PLATA, DR","19.75","-70.55","5.0","2021-11-20","75","H,,S","90",",,S","66",",,S"
"DRM00078458","PUERTO PLATA, DR","19.75","-70.55","5.0","2021-11-21","78","H,,S","89",",,S","66",",,S"
"DRM00078458","PUERTO PLATA, DR","19.75","-70.55","5.0","2021-11-22","78","H,,S","92",",,S","70",",,S"
"DRM00078458","PUERTO PLATA, DR","19.75","-70.55","5.0","2021-11-23","82","H,,S","92",",,S","68",",,S"
"DRM00078458","PUERTO PLATA, DR","19.75","-70.55","5.0","2021-11-24","76","H,,S","90",",,S","68",",,S"
"DRM00078458","PUERTO PLATA, DR","19.75","-70.55","5.0","2021-11-25","74","H,,S","89",",,S","69",",,S"
"DRM00078458","PUERTO PLATA, DR","19.75","-70.55","5.0","2021-11-26","77","H,,S","86",",,S","67",",,S"
"DRM00078458","PUERTO PLATA, DR","19.75","-70.55","5.0","2021-11-27","76","H,,S","86",",,S","66",",,S"
"DRM00078458","PUERTO PLATA, DR","19.75","-70.55","5.0","2021-11-28","74","H,,S","88",",,S","66",",,S"
"DRM00078458","PUERTO PLATA, DR","19.75","-70.55","5.0","2021-11-29","76","H,,S","90",",,S","66",",,S"
"DRM00078458","PUERTO PLATA, DR","19.75","-70.55","5.0","2021-11-30","77","H,,S","90",",,S","67",",,S"
"DRM00078458","PUERTO PLATA, DR","19.75","-70.55","5.0","2021-12-01","78","H,,S","89",",,S","71",",,S"
"DRM00078458","PUERTO PLATA, DR","19.75","-70.55","5.0","2021-12-03","76","H,,S","89",",,S","69",",,S"
"DRM00078458","PUERTO PLATA, DR","19.75","-70.55","5.0","2021-12-04","74","H,,S","87",",,S","69",",,S"
"DRM00078458","PUERTO PLATA, DR","19.75","-70.55","5.0","2021-12-06","76","H,,S","91",",,S","67",",,S"
"DRM00078458","PUERTO PLATA, DR","19.75","-70.55","5.0","2021-12-07","75","H,,S","91",",,S","66",",,S"
"DRM00078458","PUERTO PLATA, DR","19.75","-70.55","5.0","2021-12-08","80","H,,S","88",",,S","65",",,S"
"DRM00078458","PUERTO PLATA, DR","19.75","-70.55","5.0","2021-12-09","78","H,,S","89",",,S","65",",,S"
"DRM00078458","PUERTO PLATA, DR","19.75","-70.55","5.0","2021-12-10","75","H,,S","87",",,S","66",",,S"
"DRM00078458","PUERTO PLATA, DR","19.75","-70.55","5.0","2021-12-12","76","H,,S","88",",,S","69",",,S"
"DRM00078458","PUERTO PLATA, DR","19.75","-70.55","5.0","2021-12-13","75","H,,S","88",",,S","68",",,S"
"DRM00078458","PUERTO PLATA, DR","19.75","-70.55","5.0","2021-12-14","73","H,,S","86",",,S","68",",,S"
"DRM00078458","PUERTO PLATA, DR","19.75","-70.55","5.0","2021-12-16","74","H,,S","87",",,S","66",",,S"
"DRM00078458","PUERTO PLATA, DR","19.75","-70.55","5.0","2021-12-18","73","H,,S","87",",,S","62",",,S"
"DRM00078458","PUERTO PLATA, DR","19.75","-70.55","5.0","2021-12-19","75","H,,S","85",",,S","66",",,S"
"DRM00078458","PUERTO PLATA, DR","19.75","-70.55","5.0","2021-12-20","79","H,,S","87",",,S","66",",,S"
"DRM00078458","PUERTO PLATA, DR","19.75","-70.55","5.0","2021-12-21","76","H,,S","87",",,S","66",",,S"
"DRM00078458","PUERTO PLATA, DR","19.75","-70.55","5.0","2021-12-22","75","H,,S",,,,
"DRM00078458","PUERTO PLATA, DR","19.75","-70.55","5.0","2021-12-23","76","H,,S","91",",,S","66",",,S"
"DRM00078458","PUERTO PLATA, DR","19.75","-70.55","5.0","2021-12-24","73","H,,S","85",",,S","68",",,S"
"DRM00078458","PUERTO PLATA, DR","19.75","-70.55","5.0","2021-12-25","71","H,,S","85",",,S","67",",,S"
"DRM00078458","PUERTO PLATA, DR","19.75","-70.55","5.0","2021-12-26","77","H,,S","85",",,S","67",",,S"
"DRM00078458","PUERTO PLATA, DR","19.75","-70.55","5.0","2021-12-27","77","H,,S","85",",,S","67",",,S"
"DRM00078458","PUERTO PLATA, DR","19.75","-70.55","5.0","2021-12-28","75","H,,S",,,,
"DRM00078458","PUERTO PLATA, DR","19.75","-70.55","5.0","2021-12-29","77","H,,S","87",",,S","67",",,S"
"DRM00078458","PUERTO PLATA, DR","19.75","-70.55","5.0","2021-12-30","76","H,,S","86",",,S","67",",,S"
"DRM00078458","PUERTO PLATA, DR","19.75","-70.55","5.0","2021-12-31","77","H,,S","87",",,S","67",",,S"
"DRM00078458","PUERTO PLATA, DR","19.75","-70.55","5.0","2022-01-01","78","H,,S","87",",,S","67",",,S"
"DRM00078458","PUERTO PLATA, DR","19.75","-70.55","5.0","2022-01-02","75","H,,S","85",",,S","66",",,S"
"DRM00078458","PUERTO PLATA, DR","19.75","-70.55","5.0","2022-01-03","73","H,,S","87",",,S","66",",,S"
"DRM00078458","PUERTO PLATA, DR","19.75","-70.55","5.0","2022-01-04","77","H,,S","87",",,S","67",",,S"
"DRM00078458","PUERTO PLATA, DR","19.75","-70.55","5.0","2022-01-05","72","H,,S","85",",,S","66",",,S"
"DRM00078458","PUERTO PLATA, DR","19.75","-70.55","5.0","2022-01-06","75","H,,S","87",",,S","66",",,S"
"DRM00078458","PUERTO PLATA, DR","19.75","-70.55","5.0","2022-01-07","78","H,,S","87",",,S","66",",,S"
"DRM00078458","PUERTO PLATA, DR","19.75","-70.55","5.0","2022-01-08","74","H,,S","86",",,S","66",",,S"
"DRM00078458","PUERTO PLATA, DR","19.75","-70.55","5.0","2022-01-09","74","H,,S","87",",,S","63",",,S"
"DRM00078458","PUERTO PLATA, DR","19.75","-70.55","5.0","2022-01-10","75","H,,S","85",",,S","63",",,S"
"DRM00078458","PUERTO PLATA, DR","19.75","-70.55","5.0","2022-01-11","74","H,,S","85",",,S","67",",,S"
"DRM00078458","PUERTO PLATA, DR","19.75","-70.55","5.0","2022-01-12","74","H,,S","85",",,S","67",",,S"
"DRM00078458","PUERTO PLATA, DR","19.75","-70.55","5.0","2022-01-13","77","H,,S","83",",,S","65",",,S"
"DRM00078458","PUERTO PLATA, DR","19.75","-70.55","5.0","2022-01-14","71","H,,S","84",",,S","65",",,S"
"DRM00078458","PUERTO PLATA, DR","19.75","-70.55","5.0","2022-01-15","74","H,,S","84",",,S","65",",,S"
"DRM00078458","PUERTO PLATA, DR","19.75","-70.55","5.0","2022-01-16","73","H,,S","89",",,S","66",",,S"
"DRM00078458","PUERTO PLATA, DR","19.75","-70.55","5.0","2022-01-17","78","H,,S","89",",,S","66",",,S"
"DRM00078458","PUERTO PLATA, DR","19.75","-70.55","5.0","2022-01-18","76","H,,S","87",",,S","67",",,S"
"DRM00078458","PUERTO PLATA, DR","19.75","-70.55","5.0","2022-01-19","80","H,,S","90",",,S","67",",,S"
"DRM00078458","PUERTO PLATA, DR","19.75","-70.55","5.0","2022-01-20","75","H,,S","90",",,S","68",",,S"
"DRM00078458","PUERTO PLATA, DR","19.75","-70.55","5.0","2022-01-21","78","H,,S","90",",,S","68",",,S"
"DRM00078458","PUERTO PLATA, DR","19.75","-70.55","5.0","2022-01-22","76","H,,S","88",",,S","67",",,S"
"DRM00078458","PUERTO PLATA, DR","19.75","-70.55","5.0","2022-01-23","73","H,,S","89",",,S","64",",,S"
"DRM00078458","PUERTO PLATA, DR","19.75","-70.55","5.0","2022-01-24","77","H,,S","89",",,S","64",",,S"
"DRM00078458","PUERTO PLATA, DR","19.75","-70.55","5.0","2022-01-26","73","H,,S",,,,
"DRM00078458","PUERTO PLATA, DR","19.75","-70.55","5.0","2022-01-27","74","H,,S",,,,
"DRM00078458","PUERTO PLATA, DR","19.75","-70.55","5.0","2022-01-28","78","H,,S","87",",,S","65",",,S"
"DRM00078458","PUERTO PLATA, DR","19.75","-70.55","5.0","2022-01-29","73","H,,S","87",",,S","66",",,S"
"DRM00078458","PUERTO PLATA, DR","19.75","-70.55","5.0","2022-01-30","76","H,,S","86",",,S","66",",,S"
"DRM00078458","PUERTO PLATA, DR","19.75","-70.55","5.0","2022-01-31","72","H,,S","85",",,S","66",",,S"
"DRM00078458","PUERTO PLATA, DR","19.75","-70.55","5.0","2022-02-02","72","H,,S","80",",,S","64",",,S"
"DRM00078458","PUERTO PLATA, DR","19.75","-70.55","5.0","2022-02-03","74","H,,S","80",",,S","64",",,S"
"DRM00078458","PUERTO PLATA, DR","19.75","-70.55","5.0","2022-02-04","73","H,,S","86",",,S","67",",,S"
"DRM00078458","PUERTO PLATA, DR","19.75","-70.55","5.0","2022-02-05","71","H,,S","86",",,S","65",",,S"
"DRM00078458","PUERTO PLATA, DR","19.75","-70.55","5.0","2022-02-07","74","H,,S","84",",,S","68",",,S"
"DRM00078458","PUERTO PLATA, DR","19.75","-70.55","5.0","2022-02-08","72","H,,S",,,,
"DRM00078458","PUERTO PLATA, DR","19.75","-70.55","5.0","2022-02-09","76","H,,S","85",",,S","67",",,S"
"DRM00078458","PUERTO PLATA, DR","19.75","-70.55","5.0","2022-02-10","76","H,,S","88",",,S","66",",,S"
"DRM00078458","PUERTO PLATA, DR","19.75","-70.55","5.0","2022-02-11","75","H,,S","88",",,S","66",",,S"
"DRM00078458","PUERTO PLATA, DR","19.75","-70.55","5.0","2022-02-12","76","H,,S","85",",,S","65",",,S"
"DRM00078458","PUERTO PLATA, DR","19.75","-70.55","5.0","2022-02-13","75","H,,S","87",",,S","65",",,S"
"DRM00078458","PUERTO PLATA, DR","19.75","-70.55","5.0","2022-02-14","74","H,,S","87",",,S","64",",,S"
"DRM00078458","PUERTO PLATA, DR","19.75","-70.55","5.0","2022-02-15","76","H,,S","87",",,S","64",",,S"
"DRM00078458","PUERTO PLATA, DR","19.75","-70.55","5.0","2022-02-16","74","H,,S","87",",,S","66",",,S"
"DRM00078458","PUERTO PLATA, DR","19.75","-70.55","5.0","2022-02-17","76","H,,S","85",",,S","67",",,S"
"DRM00078458","PUERTO PLATA, DR","19.75","-70.55","5.0","2022-02-18","76","H,,S",,,,
"DRM00078458","PUERTO PLATA, DR","19.75","-70.55","5.0","2022-02-19","71","H,,S","85",",,S","67",",,S"
"DRM00078458","PUERTO PLATA, DR","19.75","-70.55","5.0","2022-02-20","74","H,,S","86",",,S","67",",,S"
"DRM00078458","PUERTO PLATA, DR","19.75","-70.55","5.0","2022-02-21","76","H,,S","85",",,S","66",",,S"
"DRM00078458","PUERTO PLATA, DR","19.75","-70.55","5.0","2022-02-22","76","H,,S","85",",,S","66",",,S"
"DRM00078458","PUERTO PLATA, DR","19.75","-70.55","5.0","2022-02-23","74","H,,S","85",",,S","66",",,S"
"DRM00078458","PUERTO PLATA, DR","19.75","-70.55","5.0","2022-02-24","74","H,,S","83",",,S","66",",,S"
"DRM00078458","PUERTO PLATA, DR","19.75","-70.55","5.0","2022-02-25","76","H,,S","82",",,S","65",",,S"
"DRM00078458","PUERTO PLATA, DR","19.75","-70.55","5.0","2022-02-26","74","H,,S","85",",,S","65",",,S"
"DRM00078458","PUERTO PLATA, DR","19.75","-70.55","5.0","2022-02-27","77","H,,S","85",",,S","67",",,S"
"DRM00078458","PUERTO PLATA, DR","19.75","-70.55","5.0","2022-02-28","73","H,,S","86",",,S","66",",,S"
"DRM00078458","PUERTO PLATA, DR","19.75","-70.55","5.0","2022-03-01","73","H,,S","85",",,S","65",",,S"
"DRM00078458","PUERTO PLATA, DR","19.75","-70.55","5.0","2022-03-02","76","H,,S","87",",,S","65",",,S"
"DRM00078458","PUERTO PLATA, DR","19.75","-70.55","5.0","2022-03-03","76","H,,S","87",",,S","65",",,S"
"DRM00078458","PUERTO PLATA, DR","19.75","-70.55","5.0","2022-03-04","72","H,,S","87",",,S","66",",,S"
"DRM00078458","PUERTO PLATA, DR","19.75","-70.55","5.0","2022-03-05","71","H,,S","85",",,S","66",",,S"
"DRM00078458","PUERTO PLATA, DR","19.75","-70.55","5.0","2022-03-06","74","H,,S","83",",,S","68",",,S"
"DRM00078458","PUERTO PLATA, DR","19.75","-70.55","5.0","2022-03-08","74","H,,S","85",",,S","66",",,S"
"DRM00078458","PUERTO PLATA, DR","19.75","-70.55","5.0","2022-03-09","76","H,,S","85",",,S","66",",,S"
"DRM00078458","PUERTO PLATA, DR","19.75","-70.55","5.0","2022-03-10","78","H,,S","88",",,S","67",",,S"
"DRM00078458","PUERTO PLATA, DR","19.75","-70.55","5.0","2022-03-11","76","H,,S","88",",,S","68",",,S"
"DRM00078458","PUERTO PLATA, DR","19.75","-70.55","5.0","2022-03-12","77","H,,S","87",",,S","67",",,S"
"DRM00078458","PUERTO PLATA, DR","19.75","-70.55","5.0","2022-03-13","79","H,,S","90",",,S","67",",,S"
"DRM00078458","PUERTO PLATA, DR","19.75","-70.55","5.0","2022-03-14","76","H,,S","90",",,S","66",",,S"
"DRM00078458","PUERTO PLATA, DR","19.75","-70.55","5.0","2022-03-15","78","H,,S","86",",,S","66",",,S"
"DRM00078458","PUERTO PLATA, DR","19.75","-70.55","5.0","2022-03-16","75","H,,S","87",",,S","68",",,S"
"DRM00078458","PUERTO PLATA, DR","19.75","-70.55","5.0","2022-03-17","79","H,,S","87",",,S","69",",,S"
"DRM00078458","PUERTO PLATA, DR","19.75","-70.55","5.0","2022-03-18","78","H,,S","88",",,S","70",",,S"
"DRM00078458","PUERTO PLATA, DR","19.75","-70.55","5.0","2022-03-19","77","H,,S","89",",,S","66",",,S"
"DRM00078458","PUERTO PLATA, DR","19.75","-70.55","5.0","2022-03-21","76","H,,S","90",",,S","66",",,S"
"DRM00078458","PUERTO PLATA, DR","19.75","-70.55","5.0","2022-03-22","75","H,,S","90",",,S","66",",,S"
"DRM00078458","PUERTO PLATA, DR","19.75","-70.55","5.0","2022-03-23","77","H,,S",,,,
"DRM00078458","PUERTO PLATA, DR","19.75","-70.55","5.0","2022-03-24","74","H,,S","87",",,S","67",",,S"
"DRM00078458","PUERTO PLATA, DR","19.75","-70.55","5.0","2022-03-25","76","H,,S","88",",,S","69",",,S"
"DRM00078458","PUERTO PLATA, DR","19.75","-70.55","5.0","2022-03-26","76","H,,S","88",",,S","67",",,S"
"DRM00078458","PUERTO PLATA, DR","19.75","-70.55","5.0","2022-03-27","76","H,,S","88",",,S","67",",,S"
"DRM00078458","PUERTO PLATA, DR","19.75","-70.55","5.0","2022-03-28","76","H,,S","88",",,S","70",",,S"
"DRM00078458","PUERTO PLATA, DR","19.75","-70.55","5.0","2022-03-29","76","H,,S","80",",,S","70",",,S"
"DRM00078458","PUERTO PLATA, DR","19.75","-70.55","5.0","2022-03-30","76","H,,S","83",",,S","70",",,S"
"DRM00078458","PUERTO PLATA, DR","19.75","-70.55","5.0","2022-03-31","74","H,,S","84",",,S","66",",,S"
"DRM00078458","PUERTO PLATA, DR","19.75","-70.55","5.0","2022-04-01","75","H,,S","87",",,S","66",",,S"
"DRM00078458","PUERTO PLATA, DR","19.75","-70.55","5.0","2022-04-02","77","H,,S","89",",,S","67",",,S"
"DRM00078458","PUERTO PLATA, DR","19.75","-70.55","5.0","2022-04-03","76","H,,S","90",",,S","67",",,S"
"DRM00078458","PUERTO PLATA, DR","19.75","-70.55","5.0","2022-04-04","78","H,,S","92",",,S","66",",,S"
"DRM00078458","PUERTO PLATA, DR","19.75","-70.55","5.0","2022-04-06","75","H,,S","90",",,S","66",",,S"
"DRM00078458","PUERTO PLATA, DR","19.75","-70.55","5.0","2022-04-07","76","H,,S","89",",,S","68",",,S"
"DRM00078458","PUERTO PLATA, DR","19.75","-70.55","5.0","2022-04-08","76","H,,S","90",",,S","68",",,S"
"DRM00078458","PUERTO PLATA, DR","19.75","-70.55","5.0","2022-04-09","79","H,,S","91",",,S","70",",,S"
"DRM00078458","PUERTO PLATA, DR","19.75","-70.55","5.0","2022-04-10","78","H,,S","91",",,S","67",",,S"
"DRM00078458","PUERTO PLATA, DR","19.75","-70.55","5.0","2022-04-11","76","H,,S","90",",,S","67",",,S"
"DRM00078458","PUERTO PLATA, DR","19.75","-70.55","5.0","2022-04-12","74","H,,S","87",",,S","67",",,S"
"DRM00078458","PUERTO PLATA, DR","19.75","-70.55","5.0","2022-04-13","76","H,,S","85",",,S","67",",,S"
"DRM00078458","PUERTO PLATA, DR","19.75","-70.55","5.0","2022-04-14","78","H,,S","85",",,S","67",",,S"
"DRM00078458","PUERTO PLATA, DR","19.75","-70.55","5.0","2022-04-15","77","H,,S","88",",,S","69",",,S"
"DRM00078458","PUERTO PLATA, DR","19.75","-70.55","5.0","2022-04-16","74","H,,S","88",",,S","67",",,S"
"DRM00078458","PUERTO PLATA, DR","19.75","-70.55","5.0","2022-04-17","78","H,,S","89",",,S","66",",,S"
"DRM00078458","PUERTO PLATA, DR","19.75","-70.55","5.0","2022-04-18","78","H,,S","89",",,S","66",",,S"
"DRM00078458","PUERTO PLATA, DR","19.75","-70.55","5.0","2022-04-19","82","H,,S","92",",,S","72",",,S"
"DRM00078458","PUERTO PLATA, DR","19.75","-70.55","5.0","2022-04-20","76","H,,S","92",",,S","72",",,S"
"DRM00078458","PUERTO PLATA, DR","19.75","-70.55","5.0","2022-04-21","74","H,,S","86",",,S","68",",,S"
"DRM00078458","PUERTO PLATA, DR","19.75","-70.55","5.0","2022-04-22","76","H,,S","88",",,S","68",",,S"
"DRM00078458","PUERTO PLATA, DR","19.75","-70.55","5.0","2022-04-23","76","H,,S","88",",,S","68",",,S"
"DRM00078458","PUERTO PLATA, DR","19.75","-70.55","5.0","2022-04-24","75","H,,S","86",",,S","67",",,S"
"DRM00078458","PUERTO PLATA, DR","19.75","-70.55","5.0","2022-04-25","75","H,,S","86",",,S","66",",,S"
"DRM00078458","PUERTO PLATA, DR","19.75","-70.55","5.0","2022-04-26","77","H,,S","87",",,S","66",",,S"
"DRM00078458","PUERTO PLATA, DR","19.75","-70.55","5.0","2022-04-27","73","H,,S","85",",,S","66",",,S"
"DRM00078458","PUERTO PLATA, DR","19.75","-70.55","5.0","2022-04-28","72","H,,S","85",",,S","66",",,S"
"DRM00078458","PUERTO PLATA, DR","19.75","-70.55","5.0","2022-04-29","72","H,,S","86",",,S","64",",,S"
"DRM00078458","PUERTO PLATA, DR","19.75","-70.55","5.0","2022-04-30","71","H,,S","86",",,S","64",",,S"
"DRM00078458","PUERTO PLATA, DR","19.75","-70.55","5.0","2022-05-01","77","H,,S","87",",,S","67",",,S"
"DRM00078458","PUERTO PLATA, DR","19.75","-70.55","5.0","2022-05-02","75","H,,S","88",",,S","68",",,S"
"DRM00078458","PUERTO PLATA, DR","19.75","-70.55","5.0","2022-05-03","77","H,,S","90",",,S","67",",,S"
"DRM00078458","PUERTO PLATA, DR","19.75","-70.55","5.0","2022-05-04","80","H,,S","90",",,S","67",",,S"
"DRM00078458","PUERTO PLATA, DR","19.75","-70.55","5.0","2022-05-05","80","H,,S","90",",,S","72",",,S"
"DRM00078458","PUERTO PLATA, DR","19.75","-70.55","5.0","2022-05-06","77","H,,S","90",",,S","70",",,S"
"DRM00078458","PUERTO PLATA, DR","19.75","-70.55","5.0","2022-05-07","76","H,,S","91",",,S","67",",,S"
"DRM00078458","PUERTO PLATA, DR","19.75","-70.55","5.0","2022-05-08","79","H,,S","88",",,S","67",",,S"
"DRM00078458","PUERTO PLATA, DR","19.75","-70.55","5.0","2022-05-09","80","H,,S","94",",,S","68",",,S"
"DRM00078458","PUERTO PLATA, DR","19.75","-70.55","5.0","2022-05-10","77","H,,S","94",",,S","68",",,S"
"DRM00078458","PUERTO PLATA, DR","19.75","-70.55","5.0","2022-05-11","79","H,,S","90",",,S","69",",,S"
"DRM00078458","PUERTO PLATA, DR","19.75","-70.55","5.0","2022-05-12","77","H,,S","87",",,S","69",",,S"
"DRM00078458","PUERTO PLATA, DR","19.75","-70.55","5.0","2022-05-13","80","H,,S","93",",,S","72",",,S"
"DRM00078458","PUERTO PLATA, DR","19.75","-70.55","5.0","2022-05-14","81","H,,S","89",",,S","73",",,S"
"DRM00078458","PUERTO PLATA, DR","19.75","-70.55","5.0","2022-05-15","81","H,,S","93",",,S","72",",,S"
"DRM00078458","PUERTO PLATA, DR","19.75","-70.55","5.0","2022-05-16","80","H,,S","93",",,S","72",",,S"
"DRM00078458","PUERTO PLATA, DR","19.75","-70.55","5.0","2022-05-17","83","H,,S","98",",,S","72",",,S"
"DRM00078458","PUERTO PLATA, DR","19.75","-70.55","5.0","2022-05-18","81","H,,S","98",",,S","71",",,S"
"DRM00078458","PUERTO PLATA, DR","19.75","-70.55","5.0","2022-05-19","83","H,,S","94",",,S","71",",,S"
"DRM00078458","PUERTO PLATA, DR","19.75","-70.55","5.0","2022-05-20","82","H,,S","94",",,S","72",",,S"
"DRM00078458","PUERTO PLATA, DR","19.75","-70.55","5.0","2022-05-21","79","H,,S","94",",,S","72",",,S"
"DRM00078458","PUERTO PLATA, DR","19.75","-70.55","5.0","2022-05-22","76","H,,S","90",",,S","72",",,S"
"DRM00078458","PUERTO PLATA, DR","19.75","-70.55","5.0","2022-05-23","81","H,,S","90",",,S","72",",,S"
"DRM00078458","PUERTO PLATA, DR","19.75","-70.55","5.0","2022-05-24","77","H,,S","90",",,S","69",",,S"
"DRM00078458","PUERTO PLATA, DR","19.75","-70.55","5.0","2022-05-25","79","H,,S","90",",,S","69",",,S"
"DRM00078458","PUERTO PLATA, DR","19.75","-70.55","5.0","2022-05-26","75","H,,S","89",",,S","68",",,S"
"DRM00078458","PUERTO PLATA, DR","19.75","-70.55","5.0","2022-05-27","77","H,,S","89",",,S","67",",,S"
"DRM00078458","PUERTO PLATA, DR","19.75","-70.55","5.0","2022-05-28","81","H,,S",,,,
"DRM00078458","PUERTO PLATA, DR","19.75","-70.55","5.0","2022-05-29","81","H,,S","90",",,S","68",",,S"
"DRM00078458","PUERTO PLATA, DR","19.75","-70.55","5.0","2022-05-30","81","H,,S","89",",,S","70",",,S"
"DRM00078458","PUERTO PLATA, DR","19.75","-70.55","5.0","2022-05-31","81","H,,S","90",",,S","74",",,S"
"DRM00078458","PUERTO PLATA, DR","19.75","-70.55","5.0","2022-06-01","82","H,,S","91",",,S","73",",,S"
"DRM00078458","PUERTO PLATA, DR","19.75","-70.55","5.0","2022-06-02","81","H,,S","96",",,S","71",",,S"
"DRM00078458","PUERTO PLATA, DR","19.75","-70.55","5.0","2022-06-03","80","H,,S",,,,
"DRM00078458","PUERTO PLATA, DR","19.75","-70.55","5.0","2022-06-04","82","H,,S","92",",,S","72",",,S"
"DRM00078458","PUERTO PLATA, DR","19.75","-70.55","5.0","2022-06-05","85","H,,S","102",",,S","72",",,S"
"DRM00078458","PUERTO PLATA, DR","19.75","-70.55","5.0","2022-06-06","81","H,,S","96",",,S","70",",,S"
"DRM00078458","PUERTO PLATA, DR","19.75","-70.55","5.0","2022-06-07","83","H,,S","95",",,S","70",",,S"
"DRM00078458","PUERTO PLATA, DR","19.75","-70.55","5.0","2022-06-08","83","H,,S","97",",,S","70",",,S"
"DRM00078458","PUERTO PLATA, DR","19.75","-70.55","5.0","2022-06-09","81","H,,S","97",",,S","71",",,S"
"DRM00078458","PUERTO PLATA, DR","19.75","-70.55","5.0","2022-06-10","83","H,,S","92",",,S","72",",,S"
"DRM00078458","PUERTO PLATA, DR","19.75","-70.55","5.0","2022-06-11","80","H,,S","92",",,S","73",",,S"
"DRM00078458","PUERTO PLATA, DR","19.75","-70.55","5.0","2022-06-12","82","H,,S","92",",,S","73",",,S"
"DRM00078458","PUERTO PLATA, DR","19.75","-70.55","5.0","2022-06-13","84","H,,S","92",",,S","74",",,S"
"DRM00078458","PUERTO PLATA, DR","19.75","-70.55","5.0","2022-06-14","78","H,,S","92",",,S","72",",,S"
"DRM00078458","PUERTO PLATA, DR","19.75","-70.55","5.0","2022-06-15","79","H,,S",,,,
"DRM00078458","PUERTO PLATA, DR","19.75","-70.55","5.0","2022-06-16","83","H,,S","92",",,S","72",",,S"
"DRM00078458","PUERTO PLATA, DR","19.75","-70.55","5.0","2022-06-17","79","H,,S","93",",,S","71",",,S"
"DRM00078458","PUERTO PLATA, DR","19.75","-70.55","5.0","2022-06-18","79","H,,S","93",",,S","71",",,S"
"DRM00078458","PUERTO PLATA, DR","19.75","-70.55","5.0","2022-06-19","77","H,,S","92",",,S","68",",,S"
"DRM00078458","PUERTO PLATA, DR","19.75","-70.55","5.0","2022-06-20","80","H,,S","92",",,S","68",",,S"
"DRM00078458","PUERTO PLATA, DR","19.75","-70.55","5.0","2022-06-21","81","H,,S","92",",,S","69",",,S"
"DRM00078458","PUERTO PLATA, DR","19.75","-70.55","5.0","2022-06-22","81","H,,S","90",",,S","74",",,S"
"DRM00078458","PUERTO PLATA, DR","19.75","-70.55","5.0","2022-06-23","80","H,,S","90",",,S","73",",,S"
"DRM00078458","PUERTO PLATA, DR","19.75","-70.55","5.0","2022-06-24","82","H,,S","92",",,S","73",",,S"
"DRM00078458","PUERTO PLATA, DR","19.75","-70.55","5.0","2022-06-25","83","H,,S","92",",,S","73",",,S"
"DRM00078458","PUERTO PLATA, DR","19.75","-70.55","5.0","2022-06-26","82","H,,S","92",",,S","75",",,S"
"DRM00078458","PUERTO PLATA, DR","19.75","-70.55","5.0","2022-06-27","83","H,,S","91",",,S","74",",,S"
"DRM00078458","PUERTO PLATA, DR","19.75","-70.55","5.0","2022-06-28","83","H,,S","94",",,S","73",",,S"
"DRM00078458","PUERTO PLATA, DR","19.75","-70.55","5.0","2022-06-29","82","H,,S","94",",,S","72",",,S"
"DRM00078458","PUERTO PLATA, DR","19.75","-70.55","5.0","2022-06-30","81","H,,S","92",",,S","72",",,S"
"DRM00078458","PUERTO PLATA, DR","19.75","-70.55","5.0","2022-07-01","83","H,,S","92",",,S","72",",,S"
"DRM00078458","PUERTO PLATA, DR","19.75","-70.55","5.0","2022-07-02","81","H,,S","92",",,S","72",",,S"
"DRM00078458","PUERTO PLATA, DR","19.75","-70.55","5.0","2022-07-03","81","H,,S","91",",,S","72",",,S"
"DRM00078458","PUERTO PLATA, DR","19.75","-70.55","5.0","2022-07-04","81","H,,S","94",",,S","72",",,S"
"DRM00078458","PUERTO PLATA, DR","19.75","-70.55","5.0","2022-07-05","82","H,,S","92",",,S","72",",,S"
"DRM00078458","PUERTO PLATA, DR","19.75","-70.55","5.0","2022-07-06","79","H,,S","92",",,S","72",",,S"
"DRM00078458","PUERTO PLATA, DR","19.75","-70.55","5.0","2022-07-08","80","H,,S",,,,
"DRM00078458","PUERTO PLATA, DR","19.75","-70.55","5.0","2022-07-09","81","H,,S","93",",,S","74",",,S"
"DRM00078458","PUERTO PLATA, DR","19.75","-70.55","5.0","2022-07-10","78","H,,S","93",",,S","70",",,S"
"DRM00078458","PUERTO PLATA, DR","19.75","-70.55","5.0","2022-07-11","82","H,,S","92",",,S","70",",,S"
"DRM00078458","PUERTO PLATA, DR","19.75","-70.55","5.0","2022-07-12","81","H,,S","92",",,S","72",",,S"
"DRM00078458","PUERTO PLATA, DR","19.75","-70.55","5.0","2022-07-13","81","H,,S","91",",,S","71",",,S"
"DRM00078458","PUERTO PLATA, DR","19.75","-70.55","5.0","2022-07-14","81","H,,S","91",",,S","71",",,S"
"DRM00078458","PUERTO PLATA, DR","19.75","-70.55","5.0","2022-07-15","80","H,,S","91",",,S","71",",,S"
"DRM00078458","PUERTO PLATA, DR","19.75","-70.55","5.0","2022-07-18","80","H,,S","93",",,S","74",",,S"
"DRM00078458","PUERTO PLATA, DR","19.75","-70.55","5.0","2022-07-19","82","H,,S","90",",,S","73",",,S"
"DRM00078458","PUERTO PLATA, DR","19.75","-70.55","5.0","2022-07-20","81","H,,S","91",",,S","73",",,S"
"DRM00078458","PUERTO PLATA, DR","19.75","-70.55","5.0","2022-07-21","82","H,,S","91",",,S","73",",,S"
"DRM00078458","PUERTO PLATA, DR","19.75","-70.55","5.0","2022-07-22","78","H,,S","91",",,S","72",",,S"
"DRM00078458","PUERTO PLATA, DR","19.75","-70.55","5.0","2022-07-23","78","H,,S","92",",,S","71",",,S"
"DRM00078458","PUERTO PLATA, DR","19.75","-70.55","5.0","2022-07-24","79","H,,S","92",",,S","71",",,S"
"DRM00078458","PUERTO PLATA, DR","19.75","-70.55","5.0","2022-07-25","81","H,,S","87",",,S","72",",,S"
"DRM00078458","PUERTO PLATA, DR","19.75","-70.55","5.0","2022-07-26","82","H,,S",,,,
"DRM00078458","PUERTO PLATA, DR","19.75","-70.55","5.0","2022-07-27","81","H,,S",,,,
"DRM00078458","PUERTO PLATA, DR","19.75","-70.55","5.0","2022-07-28","83","H,,S",,,,
"DRM00078458","PUERTO PLATA, DR","19.75","-70.55","5.0","2022-07-29","78","H,,S",,,,
"DRM00078458","PUERTO PLATA, DR","19.75","-70.55","5.0","2022-07-30","81","H,,S",,,,
"DRM00078458","PUERTO PLATA, DR","19.75","-70.55","5.0","2022-07-31","81","H,,S",,,,
"DRM00078458","PUERTO PLATA, DR","19.75","-70.55","5.0","2022-08-01","82","H,,S","89",",,S","74",",,S"
"DRM00078458","PUERTO PLATA, DR","19.75","-70.55","5.0","2022-08-02","81","H,,S",,,,
"DRM00078458","PUERTO PLATA, DR","19.75","-70.55","5.0","2022-08-03","83","H,,S","94",",,S","72",",,S"
"DRM00078458","PUERTO PLATA, DR","19.75","-70.55","5.0","2022-08-04","83","H,,S","94",",,S","72",",,S"
"DRM00078458","PUERTO PLATA, DR","19.75","-70.55","5.0","2022-08-05","80","H,,S","94",",,S","74",",,S"
"DRM00078458","PUERTO PLATA, DR","19.75","-70.55","5.0","2022-08-07","78","H,,S","93",",,S","73",",,S"
"DRM00078458","PUERTO PLATA, DR","19.75","-70.55","5.0","2022-08-08","78","H,,S","86",",,S","74",",,S"
"DRM00078458","PUERTO PLATA, DR","19.75","-70.55","5.0","2022-08-09","81","H,,S","89",",,S","74",",,S"
"DRM00078458","PUERTO PLATA, DR","19.75","-70.55","5.0","2022-08-10","79","H,,S",,,,
"DRM00078458","PUERTO PLATA, DR","19.75","-70.55","5.0","2022-08-11","81","H,,S","89",",,S","72",",,S"
"DRM00078458","PUERTO PLATA, DR","19.75","-70.55","5.0","2022-08-12","80","H,,S","89",",,S","72",",,S"
"DRM00078458","PUERTO PLATA, DR","19.75","-70.55","5.0","2022-08-13","82","H,,S","93",",,S","73",",,S"
"DRM00078458","PUERTO PLATA, DR","19.75","-70.55","5.0","2022-08-14","81","H,,S",,,,
"DRM00078458","PUERTO PLATA, DR","19.75","-70.55","5.0","2022-08-15","83","H,,S","92",",,S","72",",,S"
"DRM00078458","PUERTO PLATA, DR","19.75","-70.55","5.0","2022-08-16","82","H,,S","93",",,S","72",",,S"
"DRM00078458","PUERTO PLATA, DR","19.75","-70.55","5.0","2022-08-17","78","H,,S","93",",,S","72",",,S"
"DRM00078458","PUERTO PLATA, DR","19.75","-70.55","5.0","2022-08-18","82","H,,S","90",",,S","72",",,S"
"DRM00078458","PUERTO PLATA, DR","19.75","-70.55","5.0","2022-08-19","81","H,,S","90",",,S","73",",,S"
"DRM00078458","PUERTO PLATA, DR","19.75","-70.55","5.0","2022-08-20","80","H,,S","90",",,S","72",",,S"
"DRM00078458","PUERTO PLATA, DR","19.75","-70.55","5.0","2022-08-21","80","H,,S","92",",,S","72",",,S"
"DRM00078458","PUERTO PLATA, DR","19.75","-70.55","5.0","2022-08-22","80","H,,S","94",",,S","74",",,S"
"DRM00078458","PUERTO PLATA, DR","19.75","-70.55","5.0","2022-08-23","82","H,,S",,,,
"DRM00078458","PUERTO PLATA, DR","19.75","-70.55","5.0","2022-08-24","82","H,,S","94",",,S","72",",,S"
"DRM00078458","PUERTO PLATA, DR","19.75","-70.55","5.0","2022-08-25","86","H,,S","93",",,S","72",",,S"
"DRM00078458","PUERTO PLATA, DR","19.75","-70.55","5.0","2022-08-26","81","H,,S","93",",,S","72",",,S"
"DRM00078458","PUERTO PLATA, DR","19.75","-70.55","5.0","2022-08-27","82","H,,S","92",",,S","74",",,S"
"DRM00078458","PUERTO PLATA, DR","19.75","-70.55","5.0","2022-08-28","80","H,,S","92",",,S","75",",,S"
"DRM00078458","PUERTO PLATA, DR","19.75","-70.55","5.0","2022-08-29","79","H,,S","92",",,S","73",",,S"
"DRM00078458","PUERTO PLATA, DR","19.75","-70.55","5.0","2022-08-30","80","H,,S","90",",,S","72",",,S"
"DRM00078458","PUERTO PLATA, DR","19.75","-70.55","5.0","2022-08-31","83","H,,S","92",",,S","72",",,S"
"DRM00078458","PUERTO PLATA, DR","19.75","-70.55","5.0","2022-09-01","80","H,,S","94",",,S","72",",,S"
"DRM00078458","PUERTO PLATA, DR","19.75","-70.55","5.0","2022-09-03","77","H,,S","91",",,S","72",",,S"
"DRM00078458","PUERTO PLATA, DR","19.75","-70.55","5.0","2022-09-04","83","H,,S","92",",,S","72",",,S"
"DRM00078458","PUERTO PLATA, DR","19.75","-70.55","5.0","2022-09-05","82","H,,S","92",",,S","72",",,S"
"DRM00078458","PUERTO PLATA, DR","19.75","-70.55","5.0","2022-09-06","79","H,,S","92",",,S","73",",,S"
"DRM00078458","PUERTO PLATA, DR","19.75","-70.55","5.0","2022-09-07","81","H,,S","92",",,S","73",",,S"
"DRM00078458","PUERTO PLATA, DR","19.75","-70.55","5.0","2022-09-08","84","H,,S","92",",,S","73",",,S"
"DRM00078458","PUERTO PLATA, DR","19.75","-70.55","5.0","2022-09-09","83","H,,S","93",",,S","75",",,S"
"DRM00078458","PUERTO PLATA, DR","19.75","-70.55","5.0","2022-09-10","82","H,,S","96",",,S","74",",,S"
"DRM00078458","PUERTO PLATA, DR","19.75","-70.55","5.0","2022-09-12","81","H,,S","96",",,S","74",",,S"
"DRM00078458","PUERTO PLATA, DR","19.75","-70.55","5.0","2022-09-13","83","H,,S","97",",,S","74",",,S"
"DRM00078458","PUERTO PLATA, DR","19.75","-70.55","5.0","2022-09-15","82","H,,S","95",",,S","74",",,S"
"DRM00078458","PUERTO PLATA, DR","19.75","-70.55","5.0","2022-09-17","84","H,,S",,,,
"DRM00078458","PUERTO PLATA, DR","19.75","-70.55","5.0","2022-09-18","78","H,,S",,,,
"DRM00078458","PUERTO PLATA, DR","19.75","-70.55","5.0","2022-09-19","75","H,,S",,,,
"DRM00078458","PUERTO PLATA, DR","19.75","-70.55","5.0","2022-09-20","81","H,,S","92",",,S","72",",,S"
"DRM00078458","PUERTO PLATA, DR","19.75","-70.55","5.0","2022-09-21","80","H,,S","93",",,S","73",",,S"
"DRM00078458","PUERTO PLATA, DR","19.75","-70.55","5.0","2022-09-22","80","H,,S","93",",,S","73",",,S"
"DRM00078458","PUERTO PLATA, DR","19.75","-70.55","5.0","2022-09-23","83","H,,S","94",",,S","73",",,S"
"DRM00078458","PUERTO PLATA, DR","19.75","-70.55","5.0","2022-09-24","79","H,,S","94",",,S","73",",,S"
"DRM00078458","PUERTO PLATA, DR","19.75","-70.55","5.0","2022-09-25","78","H,,S","94",",,S","73",",,S"
"DRM00078458","PUERTO PLATA, DR","19.75","-70.55","5.0","2022-09-27","82","H,,S","94",",,S","74",",,S"
"DRM00078458","PUERTO PLATA, DR","19.75","-70.55","5.0","2022-09-28","82","H,,S","94",",,S","74",",,S"
"DRM00078458","PUERTO PLATA, DR","19.75","-70.55","5.0","2022-09-29","80","H,,S",,,,
"DRM00078458","PUERTO PLATA, DR","19.75","-70.55","5.0","2022-09-30","78","H,,S","91",",,S","73",",,S"
"DRM00078458","PUERTO PLATA, DR","19.75","-70.55","5.0","2022-10-01","83","H,,S","92",",,S","71",",,S"
"DRM00078458","PUERTO PLATA, DR","19.75","-70.55","5.0","2022-10-02","76","H,,S","91",",,S","71",",,S"
"DRM00078458","PUERTO PLATA, DR","19.75","-70.55","5.0","2022-10-03","81","H,,S","91",",,S","73",",,S"
"DRM00078458","PUERTO PLATA, DR","19.75","-70.55","5.0","2022-10-04","83","H,,S","95",",,S","73",",,S"
"DRM00078458","PUERTO PLATA, DR","19.75","-70.55","5.0","2022-10-05","85","H,,S","91",",,S","74",",,S"
"DRM00078458","PUERTO PLATA, DR","19.75","-70.55","5.0","2022-10-06","81","H,,S","93",",,S","74",",,S"
"DRM00078458","PUERTO PLATA, DR","19.75","-70.55","5.0","2022-10-07","79","H,,S","91",",,S","72",",,S"
"DRM00078458","PUERTO PLATA, DR","19.75","-70.55","5.0","2022-10-08","80","H,,S","89",",,S","72",",,S"
"DRM00078458","PUERTO PLATA, DR","19.75","-70.55","5.0","2022-10-09","80","H,,S","91",",,S","72",",,S"
"DRM00078458","PUERTO PLATA, DR","19.75","-70.55","5.0","2022-10-10","81","H,,S",,,,
"DRM00078458","PUERTO PLATA, DR","19.75","-70.55","5.0","2022-10-11","81","H,,S",,,,
"DRM00078458","PUERTO PLATA, DR","19.75","-70.55","5.0","2022-10-12","81","H,,S","96",",,S","72",",,S"
"DRM00078458","PUERTO PLATA, DR","19.75","-70.55","5.0","2022-10-13","82","H,,S","96",",,S","73",",,S"
"DRM00078458","PUERTO PLATA, DR","19.75","-70.55","5.0","2022-10-14","81","H,,S","91",",,S","72",",,S"
"DRM00078458","PUERTO PLATA, DR","19.75","-70.55","5.0","2022-10-15","80","H,,S","92",",,S","69",",,S"
"DRM00078458","PUERTO PLATA, DR","19.75","-70.55","5.0","2022-10-16","78","H,,S","91",",,S","69",",,S"
"DRM00078458","PUERTO PLATA, DR","19.75","-70.55","5.0","2022-10-17","82","H,,S","91",",,S","69",",,S"
"DRM00078458","PUERTO PLATA, DR","19.75","-70.55","5.0","2022-10-18","78","H,,S","91",",,S","69",",,S"
"DRM00078458","PUERTO PLATA, DR","19.75","-70.55","5.0","2022-10-19","80","H,,S","94",",,S","69",",,S"
"DRM00078458","PUERTO PLATA, DR","19.75","-70.55","5.0","2022-10-20","78","H,,S",,,,
"DRM00078458","PUERTO PLATA, DR","19.75","-70.55","5.0","2022-10-25","80","H,,S",,,,
"DRM00078458","PUERTO PLATA, DR","19.75","-70.55","5.0","2022-10-26","80","H,,S",,,,
"DRM00078458","PUERTO PLATA, DR","19.75","-70.55","5.0","2022-10-27","77","H,,S",,,,
"DRM00078458","PUERTO PLATA, DR","19.75","-70.55","5.0","2022-10-28","78","H,,S",,,,
"DRM00078458","PUERTO PLATA, DR","19.75","-70.55","5.0","2022-10-29","76","H,,S",,,,
"DRM00078458","PUERTO PLATA, DR","19.75","-70.55","5.0","2022-10-30","78","H,,S",,,,
"DRM00078458","PUERTO PLATA, DR","19.75","-70.55","5.0","2022-10-31","78","H,,S",,,,
"DRM00078458","PUERTO PLATA, DR","19.75","-70.55","5.0","2022-11-01","78","H,,S",,,,
"DRM00078458","PUERTO PLATA, DR","19.75","-70.55","5.0","2022-11-02","82","H,,S",,,,
"DRM00078458","PUERTO PLATA, DR","19.75","-70.55","5.0","2022-11-03","79","H,,S",,,,
"DRM00078458","PUERTO PLATA, DR","19.75","-70.55","5.0","2022-11-04","78","H,,S",,,,
"DRM00078458","PUERTO PLATA, DR","19.75","-70.55","5.0","2022-11-05","76","H,,S",,,,
"DRM00078458","PUERTO PLATA, DR","19.75","-70.55","5.0","2022-11-06","78","H,,S",,,,
"DRM00078458","PUERTO PLATA, DR","19.75","-70.55","5.0","2022-11-07","79","H,,S","91",",,S","71",",,S"
"DRM00078458","PUERTO PLATA, DR","19.75","-70.55","5.0","2022-11-08","80","H,,S","91",",,S","70",",,S"
"DRM00078458","PUERTO PLATA, DR","19.75","-70.55","5.0","2022-11-09","78","H,,S","90",",,S","69",",,S"
"DRM00078458","PUERTO PLATA, DR","19.75","-70.55","5.0","2022-11-10","83","H,,S","89",",,S","69",",,S"
"DRM00078458","PUERTO PLATA, DR","19.75","-70.55","5.0","2022-11-11","80","H,,S","90",",,S","69",",,S"
"DRM00078458","PUERTO PLATA, DR","19.75","-70.55","5.0","2022-11-12","77","H,,S","90",",,S","69",",,S"
"DRM00078458","PUERTO PLATA, DR","19.75","-70.55","5.0","2022-11-13","80","H,,S","88",",,S","71",",,S"
"DRM00078458","PUERTO PLATA, DR","19.75","-70.55","5.0","2022-11-14","80","H,,S","88",",,S","71",",,S"
"DRM00078458","PUERTO PLATA, DR","19.75","-70.55","5.0","2022-11-15","80","H,,S","91",",,S","71",",,S"
"DRM00078458","PUERTO PLATA, DR","19.75","-70.55","5.0","2022-11-16","78","H,,S","91",",,S","72",",,S"
"DRM00078458","PUERTO PLATA, DR","19.75","-70.55","5.0","2022-11-17","78","H,,S","89",",,S","71",",,S"
"DRM00078458","PUERTO PLATA, DR","19.75","-70.55","5.0","2022-11-18","77","H,,S","89",",,S","71",",,S"
"DRM00078458","PUERTO PLATA, DR","19.75","-70.55","5.0","2022-11-19","78","H,,S","88",",,S","69",",,S"
"DRM00078458","PUERTO PLATA, DR","19.75","-70.55","5.0","2022-11-20","76","H,,S","89",",,S","68",",,S"
"DRM00078458","PUERTO PLATA, DR","19.75","-70.55","5.0","2022-11-21","75","H,,S","89",",,S","68",",,S"
"DRM00078458","PUERTO PLATA, DR","19.75","-70.55","5.0","2022-11-22","80","H,,S","85",",,S","70",",,S"
"DRM00078458","PUERTO PLATA, DR","19.75","-70.55","5.0","2022-11-23","78","H,,S","87",",,S","71",",,S"
"DRM00078458","PUERTO PLATA, DR","19.75","-70.55","5.0","2022-11-24","78","H,,S","87",",,S","71",",,S"
"DRM00078458","PUERTO PLATA, DR","19.75","-70.55","5.0","2022-11-25","79","H,,S","89",",,S","71",",,S"
"DRM00078458","PUERTO PLATA, DR","19.75","-70.55","5.0","2022-11-26","77","H,,S","89",",,S","68",",,S"
"DRM00078458","PUERTO PLATA, DR","19.75","-70.55","5.0","2022-11-27","76","H,,S","89",",,S","67",",,S"
"DRM00078458","PUERTO PLATA, DR","19.75","-70.55","5.0","2022-11-28","78","H,,S","87",",,S","67",",,S"
"DRM00078458","PUERTO PLATA, DR","19.75","-70.55","5.0","2022-11-29","77","H,,S","87",",,S","67",",,S"
"DRM00078458","PUERTO PLATA, DR","19.75","-70.55","5.0","2022-11-30","77","H,,S","87",",,S","67",",,S"
"DRM00078458","PUERTO PLATA, DR","19.75","-70.55","5.0","2022-12-01","76","H,,S","86",",,S","67",",,S"
"DRM00078458","PUERTO PLATA, DR","19.75","-70.55","5.0","2022-12-02","75","H,,S","85",",,S","67",",,S"
"DRM00078458","PUERTO PLATA, DR","19.75","-70.55","5.0","2022-12-03","74","H,,S","89",",,S","68",",,S"
"DRM00078458","PUERTO PLATA, DR","19.75","-70.55","5.0","2022-12-04","76","H,,S","89",",,S","65",",,S"
"DRM00078458","PUERTO PLATA, DR","19.75","-70.55","5.0","2022-12-05","75","H,,S","86",",,S","65",",,S"
"DRM00078458","PUERTO PLATA, DR","19.75","-70.55","5.0","2022-12-06","74","H,,S","84",",,S","65",",,S"
"DRM00078458","PUERTO PLATA, DR","19.75","-70.55","5.0","2022-12-07","73","H,,S","83",",,S","64",",,S"
"DRM00078458","PUERTO PLATA, DR","19.75","-70.55","5.0","2022-12-08","71","H,,S","82",",,S","64",",,S"
"DRM00078458","PUERTO PLATA, DR","19.75","-70.55","5.0","2022-12-09","74","H,,S","82",",,S","65",",,S"
"DRM00078458","PUERTO PLATA, DR","19.75","-70.55","5.0","2022-12-10","74","H,,S","84",",,S","66",",,S"
"DRM00078458","PUERTO PLATA, DR","19.75","-70.55","5.0","2022-12-11","74","H,,S","84",",,S","68",",,S"
"DRM00078458","PUERTO PLATA, DR","19.75","-70.55","5.0","2022-12-12","76","H,,S","86",",,S","65",",,S"
"DRM00078458","PUERTO PLATA, DR","19.75","-70.55","5.0","2022-12-13","73","H,,S","86",",,S","64",",,S"
"DRM00078458","PUERTO PLATA, DR","19.75","-70.55","5.0","2022-12-15","73","H,,S","86",",,S","64",",,S"
"DRM00078458","PUERTO PLATA, DR","19.75","-70.55","5.0","2022-12-16","76","H,,S","86",",,S","65",",,S"
"DRM00078458","PUERTO PLATA, DR","19.75","-70.55","5.0","2022-12-17","74","H,,S","85",",,S","64",",,S"
"DRM00078458","PUERTO PLATA, DR","19.75","-70.55","5.0","2022-12-18","75","H,,S",,,,
"DRM00078458","PUERTO PLATA, DR","19.75","-70.55","5.0","2022-12-19","76","H,,S","89",",,S","66",",,S"
"DRM00078458","PUERTO PLATA, DR","19.75","-70.55","5.0","2022-12-21","73","H,,S","94",",,S","65",",,S"
"DRM00078458","PUERTO PLATA, DR","19.75","-70.55","5.0","2022-12-22","72","H,,S","94",",,S","64",",,S"
"DRM00078458","PUERTO PLATA, DR","19.75","-70.55","5.0","2022-12-23","76","H,,S","89",",,S","64",",,S"
"DRM00078458","PUERTO PLATA, DR","19.75","-70.55","5.0","2022-12-25","74","H,,S","89",",,S","64",",,S"
"DRM00078458","PUERTO PLATA, DR","19.75","-70.55","5.0","2022-12-26","74","H,,S","86",",,S","65",",,S"
"DRM00078458","PUERTO PLATA, DR","19.75","-70.55","5.0","2022-12-27","77","H,,S","89",",,S","65",",,S"
"DRM00078458","PUERTO PLATA, DR","19.75","-70.55","5.0","2022-12-28","75","H,,S","89",",,S","64",",,S"
"DRM00078458","PUERTO PLATA, DR","19.75","-70.55","5.0","2022-12-29","77","H,,S","89",",,S","64",",,S"
"DRM00078458","PUERTO PLATA, DR","19.75","-70.55","5.0","2022-12-30","77","H,,S","86",",,S","64",",,S"
"DRM00078458","PUERTO PLATA, DR","19.75","-70.55","5.0","2022-12-31","74","H,,S","86",",,S","64",",,S"
"DRM00078458","PUERTO PLATA, DR","19.75","-70.55","5.0","2023-01-01","76","H,,S","86",",,S","65",",,S"
"DRM00078458","PUERTO PLATA, DR","19.75","-70.55","5.0","2023-01-02","73","H,,S","86",",,S","68",",,S"
"DRM00078458","PUERTO PLATA, DR","19.75","-70.55","5.0","2023-01-03","77","H,,S","88",",,S","67",",,S"
"DRM00078458","PUERTO PLATA, DR","19.75","-70.55","5.0","2023-01-04","72","H,,S","88",",,S","64",",,S"
"DRM00078458","PUERTO PLATA, DR","19.75","-70.55","5.0","2023-01-05","74","H,,S","85",",,S","64",",,S"
"DRM00078458","PUERTO PLATA, DR","19.75","-70.55","5.0","2023-01-06","76","H,,S","85",",,S","67",",,S"
"DRM00078458","PUERTO PLATA, DR","19.75","-70.55","5.0","2023-01-07","75","H,,S","86",",,S","66",",,S"
"DRM00078458","PUERTO PLATA, DR","19.75","-70.55","5.0","2023-01-08","72","H,,S","86",",,S","66",",,S"
"DRM00078458","PUERTO PLATA, DR","19.75","-70.55","5.0","2023-01-09","75","H,,S",,,,
"DRM00078458","PUERTO PLATA, DR","19.75","-70.55","5.0","2023-01-10","76","H,,S","86",",,S","68",",,S"
"DRM00078458","PUERTO PLATA, DR","19.75","-70.55","5.0","2023-01-11","76","H,,S","85",",,S","69",",,S"
"DRM00078458","PUERTO PLATA, DR","19.75","-70.55","5.0","2023-01-12","74","H,,S",,,,
"DRM00078458","PUERTO PLATA, DR","19.75","-70.55","5.0","2023-01-13","73","H,,S","83",",,S","65",",,S"
"DRM00078458","PUERTO PLATA, DR","19.75","-70.55","5.0","2023-01-14","73","H,,S","89",",,S","65",",,S"
"DRM00078458","PUERTO PLATA, DR","19.75","-70.55","5.0","2023-01-15","71","H,,S","89",",,S","65",",,S"
"DRM00078458","PUERTO PLATA, DR","19.75","-70.55","5.0","2023-01-17","68","H,,S","81",",,S","61",",,S"
"DRM00078458","PUERTO PLATA, DR","19.75","-70.55","5.0","2023-01-18","71","H,,S","84",",,S","61",",,S"
"DRM00078458","PUERTO PLATA, DR","19.75","-70.55","5.0","2023-01-19","73","H,,S","83",",,S","63",",,S"
"DRM00078458","PUERTO PLATA, DR","19.75","-70.55","5.0","2023-01-20","76","H,,S","85",",,S","64",",,S"
"DRM00078458","PUERTO PLATA, DR","19.75","-70.55","5.0","2023-01-21","74","H,,S",,,,
"DRM00078458","PUERTO PLATA, DR","19.75","-70.55","5.0","2023-01-22","75","H,,S","86",",,S","65",",,S"
"DRM00078458","PUERTO PLATA, DR","19.75","-70.55","5.0","2023-01-23","74","H,,S","88",",,S","66",",,S"
"DRM00078458","PUERTO PLATA, DR","19.75","-70.55","5.0","2023-01-24","74","H,,S","88",",,S","64",",,S"
"DRM00078458","PUERTO PLATA, DR","19.75","-70.55","5.0","2023-01-25","75","H,,S","87",",,S","64",",,S"
"DRM00078458","PUERTO PLATA, DR","19.75","-70.55","5.0","2023-01-26","75","H,,S","86",",,S","65",",,S"
"DRM00078458","PUERTO PLATA, DR","19.75","-70.55","5.0","2023-01-27","73","H,,S","84",",,S","64",",,S"
"DRM00078458","PUERTO PLATA, DR","19.75","-70.55","5.0","2023-01-28","71","H,,S","83",",,S","61",",,S"
"DRM00078458","PUERTO PLATA, DR","19.75","-70.55","5.0","2023-01-29","73","H,,S","83",",,S","61",",,S"
"DRM00078458","PUERTO PLATA, DR","19.75","-70.55","5.0","2023-01-30","72","H,,S","84",",,S","68",",,S"
"DRM00078458","PUERTO PLATA, DR","19.75","-70.55","5.0","2023-01-31","72","H,,S","86",",,S","66",",,S"
"DRM00078458","PUERTO PLATA, DR","19.75","-70.55","5.0","2023-02-01","75","H,,S","86",",,S","65",",,S"
"DRM00078458","PUERTO PLATA, DR","19.75","-70.55","5.0","2023-02-02","71","H,,S","84",",,S","65",",,S"
"DRM00078458","PUERTO PLATA, DR","19.75","-70.55","5.0","2023-02-03","75","H,,S","84",",,S","65",",,S"
"DRM00078458","PUERTO PLATA, DR","19.75","-70.55","5.0","2023-02-04","76","H,,S","86",",,S","65",",,S"
"DRM00078458","PUERTO PLATA, DR","19.75","-70.55","5.0","2023-02-05","72","H,,S","86",",,S","66",",,S"
"DRM00078458","PUERTO PLATA, DR","19.75","-70.55","5.0","2023-02-06","74","H,,S",,,,
"DRM00078458","PUERTO PLATA, DR","19.75","-70.55","5.0","2023-02-07","78","H,,S",,,,
"DRM00078458","PUERTO PLATA, DR","19.75","-70.55","5.0","2023-02-08","70","H,,S","84",",,S","64",",,S"
"DRM00078458","PUERTO PLATA, DR","19.75","-70.55","5.0","2023-02-09","77","H,,S","85",",,S","64",",,S"
"DRM00078458","PUERTO PLATA, DR","19.75","-70.55","5.0","2023-02-10","74","H,,S","85",",,S","68",",,S"
"DRM00078458","PUERTO PLATA, DR","19.75","-70.55","5.0","2023-02-11","74","H,,S","83",",,S","68",",,S"
"DRM00078458","PUERTO PLATA, DR","19.75","-70.55","5.0","2023-02-12","76","H,,S","85",",,S","66",",,S"
"DRM00078458","PUERTO PLATA, DR","19.75","-70.55","5.0","2023-02-13","76","H,,S","90",",,S","63",",,S"
"DRM00078458","PUERTO PLATA, DR","19.75","-70.55","5.0","2023-02-14","74","H,,S","90",",,S","63",",,S"
"DRM00078458","PUERTO PLATA, DR","19.75","-70.55","5.0","2023-02-15","73","H,,S",,,,
"DRM00078458","PUERTO PLATA, DR","19.75","-70.55","5.0","2023-02-16","72","H,,S",,,,
"DRM00078458","PUERTO PLATA, DR","19.75","-70.55","5.0","2023-02-17","74","H,,S","85",",,S","66",",,S"
"DRM00078458","PUERTO PLATA, DR","19.75","-70.55","5.0","2023-02-18","74","H,,S","85",",,S","65",",,S"
"DRM00078458","PUERTO PLATA, DR","19.75","-70.55","5.0","2023-02-19","73","H,,S","83",",,S","65",",,S"
"DRM00078458","PUERTO PLATA, DR","19.75","-70.55","5.0","2023-02-20","73","H,,S","82",",,S","66",",,S"
"DRM00078458","PUERTO PLATA, DR","19.75","-70.55","5.0","2023-02-21","75","H,,S","84",",,S","64",",,S"
"DRM00078458","PUERTO PLATA, DR","19.75","-70.55","5.0","2023-02-22","72","H,,S","84",",,S","64",",,S"
"DRM00078458","PUERTO PLATA, DR","19.75","-70.55","5.0","2023-02-23","79","H,,S","84",",,S","67",",,S"
"DRM00078458","PUERTO PLATA, DR","19.75","-70.55","5.0","2023-02-24","74","H,,S","85",",,S","67",",,S"
"DRM00078458","PUERTO PLATA, DR","19.75","-70.55","5.0","2023-02-25","74","H,,S","85",",,S","67",",,S"
"DRM00078458","PUERTO PLATA, DR","19.75","-70.55","5.0","2023-02-26","72","H,,S","85",",,S","66",",,S"
"DRM00078458","PUERTO PLATA, DR","19.75","-70.55","5.0","2023-02-27","69","H,,S","82",",,S","65",",,S"
"DRM00078458","PUERTO PLATA, DR","19.75","-70.55","5.0","2023-03-01","70","H,,S","85",",,S","62",",,S"
"DRM00078458","PUERTO PLATA, DR","19.75","-70.55","5.0","2023-03-02","73","H,,S","85",",,S","62",",,S"
"DRM00078458","PUERTO PLATA, DR","19.75","-70.55","5.0","2023-03-03","77","H,,S","85",",,S","66",",,S"
"DRM00078458","PUERTO PLATA, DR","19.75","-70.55","5.0","2023-03-04","76","H,,S","87",",,S","66",",,S"
"DRM00078458","PUERTO PLATA, DR","19.75","-70.55","5.0","2023-03-05","77","H,,S","88",",,S","67",",,S"
"DRM00078458","PUERTO PLATA, DR","19.75","-70.55","5.0","2023-03-06","75","H,,S","85",",,S","67",",,S"
"DRM00078458","PUERTO PLATA, DR","19.75","-70.55","5.0","2023-03-07","75","H,,S","84",",,S","67",",,S"
"DRM00078458","PUERTO PLATA, DR","19.75","-70.55","5.0","2023-03-08","72","H,,S","83",",,S","66",",,S"
"DRM00078458","PUERTO PLATA, DR","19.75","-70.55","5.0","2023-03-09","73","H,,S",,,,
"DRM00078458","PUERTO PLATA, DR","19.75","-70.55","5.0","2023-03-10","75","H,,S","80",",,S","65",",,S"
"DRM00078458","PUERTO PLATA, DR","19.75","-70.55","5.0","2023-03-11","71","H,,S",,,,
"DRM00078458","PUERTO PLATA, DR","19.75","-70.55","5.0","2023-03-12","73","H,,S","84",",,S","64",",,S"
"DRM00078458","PUERTO PLATA, DR","19.75","-70.55","5.0","2023-03-13","73","H,,S","84",",,S","66",",,S"
"DRM00078458","PUERTO PLATA, DR","19.75","-70.55","5.0","2023-03-14","78","H,,S","90",",,S","66",",,S"
"DRM00078458","PUERTO PLATA, DR","19.75","-70.55","5.0","2023-03-15","77","H,,S","90",",,S","66",",,S"
"DRM00078458","PUERTO PLATA, DR","19.75","-70.55","5.0","2023-03-17","71","H,,S",,,,
"DRM00078458","PUERTO PLATA, DR","19.75","-70.55","5.0","2023-03-18","72","H,,S",,,,
"DRM00078458","PUERTO PLATA, DR","19.75","-70.55","5.0","2023-03-19","74","H,,S",,,,
"DRM00078458","PUERTO PLATA, DR","19.75","-70.55","5.0","2023-03-20","74","H,,S",,,,
"DRM00078458","PUERTO PLATA, DR","19.75","-70.55","5.0","2023-03-21","80","H,,S",,,,
"DRM00078458","PUERTO PLATA, DR","19.75","-70.55","5.0","2023-03-22","76","H,,S",,,,
"DRM00078458","PUERTO PLATA, DR","19.75","-70.55","5.0","2023-03-23","76","H,,S",,,,
"DRM00078458","PUERTO PLATA, DR","19.75","-70.55","5.0","2023-03-24","74","H,,S",,,,
"DRM00078458","PUERTO PLATA, DR","19.75","-70.55","5.0","2023-03-25","74","H,,S",,,,
"DRM00078458","PUERTO PLATA, DR","19.75","-70.55","5.0","2023-03-26","75","H,,S",,,,
"DRM00078458","PUERTO PLATA, DR","19.75","-70.55","5.0","2023-03-27","77","H,,S",,,,
"DRM00078458","PUERTO PLATA, DR","19.75","-70.55","5.0","2023-03-28","78","H,,S",,,,
"DRM00078458","PUERTO PLATA, DR","19.75","-70.55","5.0","2023-03-29","77","H,,S",,,,
"DRM00078458","PUERTO PLATA, DR","19.75","-70.55","5.0","2023-03-30","75","H,,S",,,,
"DRM00078458","PUERTO PLATA, DR","19.75","-70.55","5.0","2023-03-31","74","H,,S",,,,
"DRM00078458","PUERTO PLATA, DR","19.75","-70.55","5.0","2023-04-02","79","H,,S",,,,
"DRM00078458","PUERTO PLATA, DR","19.75","-70.55","5.0","2023-04-03","78","H,,S",,,,
"DRM00078458","PUERTO PLATA, DR","19.75","-70.55","5.0","2023-04-05","79","H,,S",,,,
"DRM00078458","PUERTO PLATA, DR","19.75","-70.55","5.0","2023-04-06","74","H,,S",,,,
"DRM00078458","PUERTO PLATA, DR","19.75","-70.55","5.0","2023-04-07","74","H,,S",,,,
"DRM00078458","PUERTO PLATA, DR","19.75","-70.55","5.0","2023-04-08","74","H,,S",,,,
"DRM00078458","PUERTO PLATA, DR","19.75","-70.55","5.0","2023-04-09","69","H,,S",,,,
"DRM00078458","PUERTO PLATA, DR","19.75","-70.55","5.0","2023-04-10","74","H,,S",,,,
"DRM00078458","PUERTO PLATA, DR","19.75","-70.55","5.0","2023-04-11","76","H,,S",,,,
"DRM00078458","PUERTO PLATA, DR","19.75","-70.55","5.0","2023-04-12","77","H,,S",,,,
"DRM00078458","PUERTO PLATA, DR","19.75","-70.55","5.0","2023-04-13","81","H,,S",,,,
"DRM00078458","PUERTO PLATA, DR","19.75","-70.55","5.0","2023-04-14","78","H,,S",,,,
"DRM00078458","PUERTO PLATA, DR","19.75","-70.55","5.0","2023-04-15","74","H,,S",,,,
"DRM00078458","PUERTO PLATA, DR","19.75","-70.55","5.0","2023-04-17","77","H,,S",,,,
"DRM00078458","PUERTO PLATA, DR","19.75","-70.55","5.0","2023-04-18","76","H,,S",,,,
"DRM00078458","PUERTO PLATA, DR","19.75","-70.55","5.0","2023-04-19","79","H,,S",,,,
"DRM00078458","PUERTO PLATA, DR","19.75","-70.55","5.0","2023-04-20","79","H,,S",,,,
"DRM00078458","PUERTO PLATA, DR","19.75","-70.55","5.0","2023-04-23","78","H,,S",,,,
"DRM00078458","PUERTO PLATA, DR","19.75","-70.55","5.0","2023-04-24","76","H,,S",,,,
"DRM00078458","PUERTO PLATA, DR","19.75","-70.55","5.0","2023-04-25","79","H,,S",,,,
"DRM00078458","PUERTO PLATA, DR","19.75","-70.55","5.0","2023-04-26","77","H,,S",,,,
"DRM00078458","PUERTO PLATA, DR","19.75","-70.55","5.0","2023-04-27","78","H,,S",,,,
"DRM00078458","PUERTO PLATA, DR","19.75","-70.55","5.0","2023-04-28","78","H,,S",,,,
"DRM00078458","PUERTO PLATA, DR","19.75","-70.55","5.0","2023-04-29","79","H,,S",,,,
"DRM00078458","PUERTO PLATA, DR","19.75","-70.55","5.0","2023-04-30","83","H,,S",,,,
"DRM00078458","PUERTO PLATA, DR","19.75","-70.55","5.0","2023-05-01","81","H,,S",,,,
"DRM00078458","PUERTO PLATA, DR","19.75","-70.55","5.0","2023-05-02","80","H,,S",,,,
"DRM00078458","PUERTO PLATA, DR","19.75","-70.55","5.0","2023-05-03","79","H,,S",,,,
"DRM00078458","PUERTO PLATA, DR","19.75","-70.55","5.0","2023-05-04","81","H,,S",,,,
"DRM00078458","PUERTO PLATA, DR","19.75","-70.55","5.0","2023-05-05","79","H,,S",,,,
"DRM00078458","PUERTO PLATA, DR","19.75","-70.55","5.0","2023-05-06","80","H,,S",,,,
"DRM00078458","PUERTO PLATA, DR","19.75","-70.55","5.0","2023-05-07","79","H,,S",,,,
"DRM00078458","PUERTO PLATA, DR","19.75","-70.55","5.0","2023-05-08","81","H,,S",,,,
"DRM00078458","PUERTO PLATA, DR","19.75","-70.55","5.0","2023-05-09","81","H,,S",,,,
"DRM00078458","PUERTO PLATA, DR","19.75","-70.55","5.0","2023-05-10","82","H,,S",,,,
"DRM00078458","PUERTO PLATA, DR","19.75","-70.55","5.0","2023-05-11","81","H,,S",,,,
"DRM00078458","PUERTO PLATA, DR","19.75","-70.55","5.0","2023-05-12","80","H,,S",,,,
"DRM00078458","PUERTO PLATA, DR","19.75","-70.55","5.0","2023-05-13","82","H,,S",,,,
"DRM00078458","PUERTO PLATA, DR","19.75","-70.55","5.0","2023-05-14","80","H,,S",,,,
"DRM00078458","PUERTO PLATA, DR","19.75","-70.55","5.0","2023-05-15","78","H,,S",,,,
"DRM00078458","PUERTO PLATA, DR","19.75","-70.55","5.0","2023-05-16","80","H,,S",,,,
"DRM00078458","PUERTO PLATA, DR","19.75","-70.55","5.0","2023-05-17","78","H,,S",,,,
"DRM00078458","PUERTO PLATA, DR","19.75","-70.55","5.0","2023-05-18","81","H,,S",,,,
"DRM00078458","PUERTO PLATA, DR","19.75","-70.55","5.0","2023-05-19","80","H,,S",,,,
"DRM00078458","PUERTO PLATA, DR","19.75","-70.55","5.0","2023-05-20","76","H,,S",,,,
"DRM00078458","PUERTO PLATA, DR","19.75","-70.55","5.0","2023-05-21","75","H,,S",,,,
"DRM00078458","PUERTO PLATA, DR","19.75","-70.55","5.0","2023-05-22","83","H,,S",,,,
"DRM00078458","PUERTO PLATA, DR","19.75","-70.55","5.0","2023-05-23","81","H,,S",,,,
"DRM00078458","PUERTO PLATA, DR","19.75","-70.55","5.0","2023-05-24","76","H,,S",,,,
"DRM00078458","PUERTO PLATA, DR","19.75","-70.55","5.0","2023-05-25","83","H,,S",,,,
"DRM00078458","PUERTO PLATA, DR","19.75","-70.55","5.0","2023-05-26","82","H,,S",,,,
"DRM00078458","PUERTO PLATA, DR","19.75","-70.55","5.0","2023-05-27","79","H,,S",,,,
"DRM00078458","PUERTO PLATA, DR","19.75","-70.55","5.0","2023-05-28","83","H,,S",,,,
"DRM00078458","PUERTO PLATA, DR","19.75","-70.55","5.0","2023-05-29","80","H,,S",,,,
"DRM00078458","PUERTO PLATA, DR","19.75","-70.55","5.0","2023-05-30","80","H,,S",,,,
"DRM00078458","PUERTO PLATA, DR","19.75","-70.55","5.0","2023-05-31","85","H,,S",,,,
"DRM00078458","PUERTO PLATA, DR","19.75","-70.55","5.0","2023-06-01","85","H,,S",,,,
"DRM00078458","PUERTO PLATA, DR","19.75","-70.55","5.0","2023-06-02","86","H,,S",,,,
"DRM00078458","PUERTO PLATA, DR","19.75","-70.55","5.0","2023-06-03","79","H,,S",,,,
"DRM00078458","PUERTO PLATA, DR","19.75","-70.55","5.0","2023-06-04","81","H,,S",,,,
"DRM00078458","PUERTO PLATA, DR","19.75","-70.55","5.0","2023-06-05","82","H,,S",,,,
"DRM00078458","PUERTO PLATA, DR","19.75","-70.55","5.0","2023-06-06","84","H,,S",,,,
"DRM00078458","PUERTO PLATA, DR","19.75","-70.55","5.0","2023-06-07","83","H,,S",,,,
"DRM00078458","PUERTO PLATA, DR","19.75","-70.55","5.0","2023-06-08","84","H,,S",,,,
"DRM00078458","PUERTO PLATA, DR","19.75","-70.55","5.0","2023-06-09","83","H,,S",,,,
"DRM00078458","PUERTO PLATA, DR","19.75","-70.55","5.0","2023-06-10","85","H,,S",,,,
"DRM00078458","PUERTO PLATA, DR","19.75","-70.55","5.0","2023-06-11","86","H,,S","100",",,S","74",",,S"
"DRM00078458","PUERTO PLATA, DR","19.75","-70.55","5.0","2023-06-12","84","H,,S","99",",,S","74",",,S"
"DRM00078458","PUERTO PLATA, DR","19.75","-70.55","5.0","2023-06-13","83","H,,S","99",",,S","75",",,S"
"DRM00078458","PUERTO PLATA, DR","19.75","-70.55","5.0","2023-06-14","85","H,,S","96",",,S","77",",,S"
"DRM00078458","PUERTO PLATA, DR","19.75","-70.55","5.0","2023-06-15","85","H,,S","96",",,S","77",",,S"
"DRM00078458","PUERTO PLATA, DR","19.75","-70.55","5.0","2023-06-16","85","H,,S","95",",,S","76",",,S"
"DRM00078458","PUERTO PLATA, DR","19.75","-70.55","5.0","2023-06-17","83","H,,S","95",",,S","76",",,S"
"DRM00078458","PUERTO PLATA, DR","19.75","-70.55","5.0","2023-06-18","83","H,,S",,,,
"DRM00078458","PUERTO PLATA, DR","19.75","-70.55","5.0","2023-06-19","83","H,,S","95",",,S","75",",,S"
"DRM00078458","PUERTO PLATA, DR","19.75","-70.55","5.0","2023-06-20","85","H,,S","98",",,S","75",",,S"
"DRM00078458","PUERTO PLATA, DR","19.75","-70.55","5.0","2023-06-21","83","H,,S","99",",,S","75",",,S"
"DRM00078458","PUERTO PLATA, DR","19.75","-70.55","5.0","2023-06-22","85","H,,S","98",",,S","75",",,S"
"DRM00078458","PUERTO PLATA, DR","19.75","-70.55","5.0","2023-06-23","85","H,,S","95",",,S","76",",,S"
"DRM00078458","PUERTO PLATA, DR","19.75","-70.55","5.0","2023-06-24","79","H,,S","95",",,S","77",",,S"
"DRM00078458","PUERTO PLATA, DR","19.75","-70.55","5.0","2023-06-25","81","H,,S","94",",,S","77",",,S"
"DRM00078458","PUERTO PLATA, DR","19.75","-70.55","5.0","2023-06-26","82","H,,S","94",",,S","74",",,S"
"DRM00078458","PUERTO PLATA, DR","19.75","-70.55","5.0","2023-06-27","82","H,,S","93",",,S","72",",,S"
"DRM00078458","PUERTO PLATA, DR","19.75","-70.55","5.0","2023-06-28","81","H,,S","90",",,S","72",",,S"
"DRM00078458","PUERTO PLATA, DR","19.75","-70.55","5.0","2023-06-29","81","H,,S","91",",,S","74",",,S"
"DRM00078458","PUERTO PLATA, DR","19.75","-70.55","5.0","2023-06-30","83","H,,S","93",",,S","75",",,S"
"DRM00078458","PUERTO PLATA, DR","19.75","-70.55","5.0","2023-07-02","82","H,,S","99",",,S","74",",,S"
"DRM00078458","PUERTO PLATA, DR","19.75","-70.55","5.0","2023-07-03","84","H,,S","96",",,S","76",",,S"
"DRM00078458","PUERTO PLATA, DR","19.75","-70.55","5.0","2023-07-04","83","H,,S","96",",,S","74",",,S"
"DRM00078458","PUERTO PLATA, DR","19.75","-70.55","5.0","2023-07-05","82","H,,S","94",",,S","74",",,S"
"DRM00078458","PUERTO PLATA, DR","19.75","-70.55","5.0","2023-07-06","84","H,,S",,,,
"DRM00078458","PUERTO PLATA, DR","19.75","-70.55","5.0","2023-07-07","85","H,,S","94",",,S","74",",,S"
"DRM00078458","PUERTO PLATA, DR","19.75","-70.55","5.0","2023-07-08","83","H,,S",,,,
"DRM00078458","PUERTO PLATA, DR","19.75","-70.55","5.0","2023-07-09","84","H,,S","93",",,S","74",",,S"
"DRM00078458","PUERTO PLATA, DR","19.75","-70.55","5.0","2023-07-10","83","H,,S","93",",,S","75",",,S"
"DRM00078458","PUERTO PLATA, DR","19.75","-70.55","5.0","2023-07-11","81","H,,S",,,,
"DRM00078458","PUERTO PLATA, DR","19.75","-70.55","5.0","2023-07-12","81","H,,S","94",",,S","76",",,S"
"DRM00078458","PUERTO PLATA, DR","19.75","-70.55","5.0","2023-07-13","83","H,,S","94",",,S","77",",,S"
"DRM00078458","PUERTO PLATA, DR","19.75","-70.55","5.0","2023-07-14","82","H,,S","95",",,S","75",",,S"
"DRM00078458","PUERTO PLATA, DR","19.75","-70.55","5.0","2023-07-15","83","H,,S","95",",,S","76",",,S"
"DRM00078458","PUERTO PLATA, DR","19.75","-70.55","5.0","2023-07-16","81","H,,S","94",",,S","77",",,S"
"DRM00078458","PUERTO PLATA, DR","19.75","-70.55","5.0","2023-07-17","83","H,,S","91",",,S","75",",,S"
"DRM00078458","PUERTO PLATA, DR","19.75","-70.55","5.0","2023-07-18","83","H,,S","93",",,S","75",",,S"
"DRM00078458","PUERTO PLATA, DR","19.75","-70.55","5.0","2023-07-19","81","H,,S",,,,
"DRM00078458","PUERTO PLATA, DR","19.75","-70.55","5.0","2023-07-20","83","H,,S","94",",,S","76",",,S"
"DRM00078458","PUERTO PLATA, DR","19.75","-70.55","5.0","2023-07-21","82","H,,S","94",",,S","76",",,S"
"DRM00078458","PUERTO PLATA, DR","19.75","-70.55","5.0","2023-07-22","83","H,,S","100",",,S","76",",,S"
"DRM00078458","PUERTO PLATA, DR","19.75","-70.55","5.0","2023-07-23","85","H,,S","100",",,S","75",",,S"
"DRM00078458","PUERTO PLATA, DR","19.75","-70.55","5.0","2023-07-24","81","H,,S",,,,
"DRM00078458","PUERTO PLATA, DR","19.75","-70.55","5.0","2023-07-25","81","H,,S",,,,
"DRM00078458","PUERTO PLATA, DR","19.75","-70.55","5.0","2023-07-26","82","H,,S","92",",,S","75",",,S"
"DRM00078458","PUERTO PLATA, DR","19.75","-70.55","5.0","2023-07-27","84","H,,S","91",",,S","76",",,S"
"DRM00078458","PUERTO PLATA, DR","19.75","-70.55","5.0","2023-07-28","82","H,,S","93",",,S","75",",,S"
"DRM00078458","PUERTO PLATA, DR","19.75","-70.55","5.0","2023-07-29","84","H,,S","94",",,S","75",",,S"
"DRM00078458","PUERTO PLATA, DR","19.75","-70.55","5.0","2023-07-30","85","H,,S","95",",,S","75",",,S"
"DRM00078458","PUERTO PLATA, DR","19.75","-70.55","5.0","2023-07-31","85","H,,S","95",",,S","77",",,S"
"DRM00078458","PUERTO PLATA, DR","19.75","-70.55","5.0","2023-08-01","86","H,,S","95",",,S","76",",,S"
"DRM00078458","PUERTO PLATA, DR","19.75","-70.55","5.0","2023-08-02","84","H,,S","94",",,S","76",",,S"
"DRM00078458","PUERTO PLATA, DR","19.75","-70.55","5.0","2023-08-03","83","H,,S","94",",,S","75",",,S"
"DRM00078458","PUERTO PLATA, DR","19.75","-70.55","5.0","2023-08-04","85","H,,S","93",",,S","75",",,S"
"DRM00078458","PUERTO PLATA, DR","19.75","-70.55","5.0","2023-08-05","86","H,,S","96",",,S","77",",,S"
"DRM00078458","PUERTO PLATA, DR","19.75","-70.55","5.0","2023-08-06","86","H,,S","96",",,S","77",",,S"
"DRM00078458","PUERTO PLATA, DR","19.75","-70.55","5.0","2023-08-07","83","H,,S",,,,
"DRM00078458","PUERTO PLATA, DR","19.75","-70.55","5.0","2023-08-08","83","H,,S","94",",,S","75",",,S"
"DRM00078458","PUERTO PLATA, DR","19.75","-70.55","5.0","2023-08-09","78","H,,S","94",",,S","75",",,S"
"DRM00078458","PUERTO PLATA, DR","19.75","-70.55","5.0","2023-08-10","82","H,,S","92",",,S","75",",,S"
"DRM00078458","PUERTO PLATA, DR","19.75","-70.55","5.0","2023-08-11","86","H,,S","97",",,S","76",",,S"
"DRM00078458","PUERTO PLATA, DR","19.75","-70.55","5.0","2023-08-12","84","H,,S","98",",,S","77",",,S"
"DRM00078458","PUERTO PLATA, DR","19.75","-70.55","5.0","2023-08-13","83","H,,S","93",",,S","75",",,S"
"DRM00078458","PUERTO PLATA, DR","19.75","-70.55","5.0","2023-08-14","84","H,,S","93",",,S","75",",,S"
"DRM00078458","PUERTO PLATA, DR","19.75","-70.55","5.0","2023-08-15","84","H,,S","93",",,S","75",",,S"
"DRM00078458","PUERTO PLATA, DR","19.75","-70.55","5.0","2023-08-16","85","H,,S","93",",,S","78",",,S"
"DRM00078458","PUERTO PLATA, DR","19.75","-70.55","5.0","2023-08-17","81","H,,S","93",",,S","75",",,S"
"DRM00078458","PUERTO PLATA, DR","19.75","-70.55","5.0","2023-08-18","80","H,,S","90",",,S","75",",,S"
"DRM00078458","PUERTO PLATA, DR","19.75","-70.55","5.0","2023-08-19","82","H,,S","90",",,S","76",",,S"
"DRM00078458","PUERTO PLATA, DR","19.75","-70.55","5.0","2023-08-20","82","H,,S","90",",,S","77",",,S"
"DRM00078458","PUERTO PLATA, DR","19.75","-70.55","5.0","2023-08-21","81","H,,S",,,,
"DRM00078458","PUERTO PLATA, DR","19.75","-70.55","5.0","2023-08-22","80","H,,S",,,,
"DRM00078458","PUERTO PLATA, DR","19.75","-70.55","5.0","2023-08-23","77","H,,S",,,,
"DRM00078458","PUERTO PLATA, DR","19.75","-70.55","5.0","2023-08-24","81","H,,S",,,,
"DRM00078458","PUERTO PLATA, DR","19.75","-70.55","5.0","2023-08-25","83","H,,S","90",",,S","71",",,S"
"DRM00078458","PUERTO PLATA, DR","19.75","-70.55","5.0","2023-08-26","84","H,,S","89",",,S","71",",,S"
"DRM00078458","PUERTO PLATA, DR","19.75","-70.55","5.0","2023-08-27","83","H,,S","92",",,S","75",",,S"
"DRM00078458","PUERTO PLATA, DR","19.75","-70.55","5.0","2023-08-28","80","H,,S",,,,
"DRM00078458","PUERTO PLATA, DR","19.75","-70.55","5.0","2023-08-29","82","H,,S","92",",,S","76",",,S"
"DRM00078458","PUERTO PLATA, DR","19.75","-70.55","5.0","2023-08-30","86","H,,S","98",",,S","76",",,S"
"DRM00078458","PUERTO PLATA, DR","19.75","-70.55","5.0","2023-08-31","85","H,,S","98",",,S","77",",,S"
"DRM00078458","PUERTO PLATA, DR","19.75","-70.55","5.0","2023-09-01","85","H,,S","96",",,S","77",",,S"
"DRM00078458","PUERTO PLATA, DR","19.75","-70.55","5.0","2023-09-02","83","H,,S","96",",,S","75",",,S"
"DRM00078458","PUERTO PLATA, DR","19.75","-70.55","5.0","2023-09-03","84","H,,S","94",",,S","75",",,S"
"DRM00078458","PUERTO PLATA, DR","19.75","-70.55","5.0","2023-09-04","80","H,,S","95",",,S","75",",,S"
"DRM00078458","PUERTO PLATA, DR","19.75","-70.55","5.0","2023-09-05","82","H,,S",,,,
"DRM00078458","PUERTO PLATA, DR","19.75","-70.55","5.0","2023-09-06","83","H,,S",,,,
"DRM00078458","PUERTO PLATA, DR","19.75","-70.55","5.0","2023-09-07","84","H,,S","93",",,S","74",",,S"
"DRM00078458","PUERTO PLATA, DR","19.75","-70.55","5.0","2023-09-08","85","H,,S","95",",,S","74",",,S"
"DRM00078458","PUERTO PLATA, DR","19.75","-70.55","5.0","2023-09-09","82","H,,S","95",",,S","75",",,S"
"DRM00078458","PUERTO PLATA, DR","19.75","-70.55","5.0","2023-09-10","83","H,,S","92",",,S","75",",,S"
"DRM00078458","PUERTO PLATA, DR","19.75","-70.55","5.0","2023-09-11","86","H,,S","91",",,S","78",",,S"
"DRM00078458","PUERTO PLATA, DR","19.75","-70.55","5.0","2023-09-12","84","H,,S","91",",,S","77",",,S"
"DRM00078458","PUERTO PLATA, DR","19.75","-70.55","5.0","2023-09-13","83","H,,S","91",",,S","77",",,S"
"DRM00078458","PUERTO PLATA, DR","19.75","-70.55","5.0","2023-09-14","84","H,,S","92",",,S","77",",,S"
"DRM00078458","PUERTO PLATA, DR","19.75","-70.55","5.0","2023-09-15","85","H,,S","92",",,S","77",",,S"
"DRM00078458","PUERTO PLATA, DR","19.75","-70.55","5.0","2023-09-16","83","H,,S","92",",,S","77",",,S"
"DRM00078458","PUERTO PLATA, DR","19.75","-70.55","5.0","2023-09-17","84","H,,S","95",",,S","76",",,S"
"DRM00078458","PUERTO PLATA, DR","19.75","-70.55","5.0","2023-09-18","83","H,,S","95",",,S","76",",,S"
"DRM00078458","PUERTO PLATA, DR","19.75","-70.55","5.0","2023-09-19","82","H,,S","95",",,S","76",",,S"
"DRM00078458","PUERTO PLATA, DR","19.75","-70.55","5.0","2023-09-20","84","H,,S","94",",,S","75",",,S"
"DRM00078458","PUERTO PLATA, DR","19.75","-70.55","5.0","2023-09-21","83","H,,S","93",",,S","75",",,S"
"DRM00078458","PUERTO PLATA, DR","19.75","-70.55","5.0","2023-09-22","85","H,,S","93",",,S","75",",,S"
"DRM00078458","PUERTO PLATA, DR","19.75","-70.55","5.0","2023-09-23","81","H,,S","93",",,S","76",",,S"
"DRM00078458","PUERTO PLATA, DR","19.75","-70.55","5.0","2023-09-24","82","H,,S","98",",,S","75",",,S"
"DRM00078458","PUERTO PLATA, DR","19.75","-70.55","5.0","2023-09-25","87","H,,S","98",",,S","75",",,S"
"DRM00078458","PUERTO PLATA, DR","19.75","-70.55","5.0","2023-09-26","84","H,,S","94",",,S","77",",,S"
"DRM00078458","PUERTO PLATA, DR","19.75","-70.55","5.0","2023-09-27","82","H,,S","91",",,S","76",",,S"
"DRM00078458","PUERTO PLATA, DR","19.75","-70.55","5.0","2023-09-28","82","H,,S","91",",,S","75",",,S"
"DRM00078458","PUERTO PLATA, DR","19.75","-70.55","5.0","2023-09-29","81","H,,S",,,,
"DRM00078458","PUERTO PLATA, DR","19.75","-70.55","5.0","2023-09-30","84","H,,S","93",",,S","77",",,S"
"DRM00078458","PUERTO PLATA, DR","19.75","-70.55","5.0","2023-10-01","83","H,,S","93",",,S","77",",,S"
"DRM00078458","PUERTO PLATA, DR","19.75","-70.55","5.0","2023-10-02","81","H,,S",,,,
"DRM00078458","PUERTO PLATA, DR","19.75","-70.55","5.0","2023-10-03","82","H,,S","90",",,S","76",",,S"
"DRM00078458","PUERTO PLATA, DR","19.75","-70.55","5.0","2023-10-04","83","H,,S","90",",,S","76",",,S"
"DRM00078458","PUERTO PLATA, DR","19.75","-70.55","5.0","2023-10-05","80","H,,S","90",",,S","74",",,S"
"DRM00078458","PUERTO PLATA, DR","19.75","-70.55","5.0","2023-10-06","81","H,,S","90",",,S","74",",,S"
"DRM00078458","PUERTO PLATA, DR","19.75","-70.55","5.0","2023-10-07","85","H,,S","93",",,S","76",",,S"
"DRM00078458","PUERTO PLATA, DR","19.75","-70.55","5.0","2023-10-08","85","H,,S","95",",,S","76",",,S"
"DRM00078458","PUERTO PLATA, DR","19.75","-70.55","5.0","2023-10-09","82","H,,S","93",",,S","75",",,S"
"DRM00078458","PUERTO PLATA, DR","19.75","-70.55","5.0","2023-10-10","85","H,,S","100",",,S","77",",,S"
"DRM00078458","PUERTO PLATA, DR","19.75","-70.55","5.0","2023-10-11","84","H,,S","100",",,S","75",",,S"
"DRM00078458","PUERTO PLATA, DR","19.75","-70.55","5.0","2023-10-12","84","H,,S","97",",,S","75",",,S"
"DRM00078458","PUERTO PLATA, DR","19.75","-70.55","5.0","2023-10-13","84","H,,S","98",",,S","75",",,S"
"DRM00078458","PUERTO PLATA, DR","19.75","-70.55","5.0","2023-10-14","85","H,,S","91",",,S","75",",,S"
"DRM00078458","PUERTO PLATA, DR","19.75","-70.55","5.0","2023-10-15","85","H,,S","92",",,S","75",",,S"
"DRM00078458","PUERTO PLATA, DR","19.75","-70.55","5.0","2023-10-16","85","H,,S","93",",,S","75",",,S"
"DRM00078458","PUERTO PLATA, DR","19.75","-70.55","5.0","2023-10-17","82","H,,S","92",",,S","76",",,S"
"DRM00078458","PUERTO PLATA, DR","19.75","-70.55","5.0","2023-10-18","83","H,,S","93",",,S","74",",,S"
"DRM00078458","PUERTO PLATA, DR","19.75","-70.55","5.0","2023-10-19","84","H,,S","94",",,S","74",",,S"
"DRM00078458","PUERTO PLATA, DR","19.75","-70.55","5.0","2023-10-20","82","H,,S","95",",,S","74",",,S"
"DRM00078458","PUERTO PLATA, DR","19.75","-70.55","5.0","2023-10-21","83","H,,S","95",",,S","74",",,S"
"DRM00078458","PUERTO PLATA, DR","19.75","-70.55","5.0","2023-10-22","82","H,,S","91",",,S","74",",,S"
"DRM00078458","PUERTO PLATA, DR","19.75","-70.55","5.0","2023-10-23","81","H,,S","91",",,S","74",",,S"
"DRM00078458","PUERTO PLATA, DR","19.75","-70.55","5.0","2023-10-24","82","H,,S","91",",,S","74",",,S"
"DRM00078458","PUERTO PLATA, DR","19.75","-70.55","5.0","2023-10-25","78","H,,S","91",",,S","74",",,S"
"DRM00078458","PUERTO PLATA, DR","19.75","-70.55","5.0","2023-10-26","76","H,,S","81",",,S","72",",,S"
"DRM00078458","PUERTO PLATA, DR","19.75","-70.55","5.0","2023-10-27","75","H,,S","83",",,S","72",",,S"
"DRM00078458","PUERTO PLATA, DR","19.75","-70.55","5.0","2023-10-28","77","H,,S",,,,
"DRM00078458","PUERTO PLATA, DR","19.75","-70.55","5.0","2023-10-29","81","H,,S","89",",,S","71",",,S"
"DRM00078458","PUERTO PLATA, DR","19.75","-70.55","5.0","2023-10-30","81","H,,S","90",",,S","72",",,S"
"DRM00078458","PUERTO PLATA, DR","19.75","-70.55","5.0","2023-10-31","82","H,,S","90",",,S","74",",,S"
"DRM00078458","PUERTO PLATA, DR","19.75","-70.55","5.0","2023-11-01","81","H,,S","94",",,S","75",",,S"
"DRM00078458","PUERTO PLATA, DR","19.75","-70.55","5.0","2023-11-02","82","H,,S","94",",,S","74",",,S"
"DRM00078458","PUERTO PLATA, DR","19.75","-70.55","5.0","2023-11-03","80","H,,S","90",",,S","74",",,S"
"DRM00078458","PUERTO PLATA, DR","19.75","-70.55","5.0","2023-11-04","81","H,,S","90",",,S","74",",,S"
"DRM00078458","PUERTO PLATA, DR","19.75","-70.55","5.0","2023-11-05","78","H,,S","90",",,S","73",",,S"
"DRM00078458","PUERTO PLATA, DR","19.75","-70.55","5.0","2023-11-06","77","H,,S","90",",,S","72",",,S"
"DRM00078458","PUERTO PLATA, DR","19.75","-70.55","5.0","2023-11-07","80","H,,S","91",",,S","72",",,S"
"DRM00078458","PUERTO PLATA, DR","19.75","-70.55","5.0","2023-11-08","82","H,,S","90",",,S","73",",,S"
"DRM00078458","PUERTO PLATA, DR","19.75","-70.55","5.0","2023-11-09","80","H,,S","91",",,S","74",",,S"
"DRM00078458","PUERTO PLATA, DR","19.75","-70.55","5.0","2023-11-10","78","H,,S","85",",,S","73",",,S"
"DRM00078458","PUERTO PLATA, DR","19.75","-70.55","5.0","2023-11-11","77","H,,S","85",",,S","73",",,S"
"DRM00078458","PUERTO PLATA, DR","19.75","-70.55","5.0","2023-11-12","76","H,,S","85",",,S","73",",,S"
"DRM00078458","PUERTO PLATA, DR","19.75","-70.55","5.0","2023-11-14","78","H,,S","88",",,S","72",",,S"
"DRM00078458","PUERTO PLATA, DR","19.75","-70.55","5.0","2023-11-15","80","H,,S","89",",,S","72",",,S"
"DRM00078458","PUERTO PLATA, DR","19.75","-70.55","5.0","2023-11-17","81","H,,S","91",",,S","73",",,S"
"DRM00078458","PUERTO PLATA, DR","19.75","-70.55","5.0","2023-11-18","77","H,,S","90",",,S","73",",,S"
"DRM00078458","PUERTO PLATA, DR","19.75","-70.55","5.0","2023-11-19","79","H,,S","92",",,S","73",",,S"
"DRM00078458","PUERTO PLATA, DR","19.75","-70.55","5.0","2023-11-20","79","H,,S","90",",,S","72",",,S"
"DRM00078458","PUERTO PLATA, DR","19.75","-70.55","5.0","2023-11-21","78","H,,S","87",",,S","72",",,S"
"DRM00078458","PUERTO PLATA, DR","19.75","-70.55","5.0","2023-11-22","78","H,,S",,,,
"DRM00078458","PUERTO PLATA, DR","19.75","-70.55","5.0","2023-11-23","77","H,,S","86",",,S","72",",,S"
"DRM00078458","PUERTO PLATA, DR","19.75","-70.55","5.0","2023-11-24","79","H,,S","90",",,S","72",",,S"
"DRM00078458","PUERTO PLATA, DR","19.75","-70.55","5.0","2023-11-25","80","H,,S","90",",,S","70",",,S"
"DRM00078458","PUERTO PLATA, DR","19.75","-70.55","5.0","2023-11-26","78","H,,S","90",",,S","70",",,S"
"DRM00078458","PUERTO PLATA, DR","19.75","-70.55","5.0","2023-11-27","79","H,,S","89",",,S","70",",,S"
"DRM00078458","PUERTO PLATA, DR","19.75","-70.55","5.0","2023-11-28","78","H,,S",,,,
"DRM00078458","PUERTO PLATA, DR","19.75","-70.55","5.0","2023-11-29","79","H,,S","89",",,S","71",",,S"
"DRM00078458","PUERTO PLATA, DR","19.75","-70.55","5.0","2023-11-30","78","H,,S","89",",,S","70",",,S"
"DRM00078458","PUERTO PLATA, DR","19.75","-70.55","5.0","2023-12-01","78","H,,S","86",",,S","68",",,S"
"DRM00078458","PUERTO PLATA, DR","19.75","-70.55","5.0","2023-12-02","77","H,,S","88",",,S","68",",,S"
"DRM00078458","PUERTO PLATA, DR","19.75","-70.55","5.0","2023-12-03","79","H,,S","88",",,S","71",",,S"
"DRM00078458","PUERTO PLATA, DR","19.75","-70.55","5.0","2023-12-04","78","H,,S",,,,
"DRM00078458","PUERTO PLATA, DR","19.75","-70.55","5.0","2023-12-05","76","H,,S","88",",,S","68",",,S"
"DRM00078458","PUERTO PLATA, DR","19.75","-70.55","5.0","2023-12-06","77","H,,S","88",",,S","68",",,S"
"DRM00078458","PUERTO PLATA, DR","19.75","-70.55","5.0","2023-12-07","77","H,,S","87",",,S","68",",,S"
"DRM00078458","PUERTO PLATA, DR","19.75","-70.55","5.0","2023-12-08","76","H,,S","82",",,S","69",",,S"
"DRM00078458","PUERTO PLATA, DR","19.75","-70.55","5.0","2023-12-09","77","H,,S","87",",,S","71",",,S"
"DRM00078458","PUERTO PLATA, DR","19.75","-70.55","5.0","2023-12-10","77","H,,S","87",",,S","70",",,S"
"DRM00078458","PUERTO PLATA, DR","19.75","-70.55","5.0","2023-12-11","78","H,,S","86",",,S","70",",,S"
"DRM00078458","PUERTO PLATA, DR","19.75","-70.55","5.0","2023-12-12","77","H,,S","86",",,S","70",",,S"
"DRM00078458","PUERTO PLATA, DR","19.75","-70.55","5.0","2023-12-13","75","H,,S","85",",,S","70",",,S"
"DRM00078458","PUERTO PLATA, DR","19.75","-70.55","5.0","2023-12-14","75","H,,S",,,,
"DRM00078458","PUERTO PLATA, DR","19.75","-70.55","5.0","2023-12-15","75","H,,S","82",",,S","69",",,S"
"DRM00078458","PUERTO PLATA, DR","19.75","-70.55","5.0","2023-12-16","73","H,,S","82",",,S","70",",,S"
"DRM00078458","PUERTO PLATA, DR","19.75","-70.55","5.0","2023-12-17","75","H,,S","87",",,S","70",",,S"
"DRM00078458","PUERTO PLATA, DR","19.75","-70.55","5.0","2023-12-18","80","H,,S","88",",,S","72",",,S"
"DRM00078458","PUERTO PLATA, DR","19.75","-70.55","5.0","2023-12-19","78","H,,S","88",",,S","72",",,S"
"DRM00078458","PUERTO PLATA, DR","19.75","-70.55","5.0","2023-12-20","76","H,,S","85",",,S","70",",,S"
"DRM00078458","PUERTO PLATA, DR","19.75","-70.55","5.0","2023-12-21","72","H,,S","84",",,S","69",",,S"
"DRM00078458","PUERTO PLATA, DR","19.75","-70.55","5.0","2023-12-22","71","H,,S","77",",,S","68",",,S"
"DRM00078458","PUERTO PLATA, DR","19.75","-70.55","5.0","2023-12-23","72","H,,S","83",",,S","68",",,S"
"DRM00078458","PUERTO PLATA, DR","19.75","-70.55","5.0","2023-12-24","74","H,,S","83",",,S","68",",,S"
"DRM00078458","PUERTO PLATA, DR","19.75","-70.55","5.0","2023-12-25","74","H,,S",,,,
"DRM00078458","PUERTO PLATA, DR","19.75","-70.55","5.0","2023-12-26","74","H,,S","85",",,S","68",",,S"
"DRM00078458","PUERTO PLATA, DR","19.75","-70.55","5.0","2023-12-27","72","H,,S",,,,
"DRM00078458","PUERTO PLATA, DR","19.75","-70.55","5.0","2023-12-28","76","H,,S","86",",,S","68",",,S"
"DRM00078458","PUERTO PLATA, DR","19.75","-70.55","5.0","2023-12-29","76","H,,S","86",",,S","68",",,S"
"DRM00078458","PUERTO PLATA, DR","19.75","-70.55","5.0","2023-12-30","76","H,,S","84",",,S","68",",,S"
"DRM00078458","PUERTO PLATA, DR","19.75","-70.55","5.0","2023-12-31","76","H,,S","85",",,S","68",",,S"
"DRM00078458","PUERTO PLATA, DR","19.75","-70.55","5.0","2024-01-01","74","H,,S","84",",,S","70",",,S"
"DRM00078458","PUERTO PLATA, DR","19.75","-70.55","5.0","2024-01-03","75","H,,S","88",",,S","69",",,S"
"DRM00078458","PUERTO PLATA, DR","19.75","-70.55","5.0","2024-01-04","75","H,,S","85",",,S","68",",,S"
"DRM00078458","PUERTO PLATA, DR","19.75","-70.55","5.0","2024-01-05","75","H,,S","85",",,S","68",",,S"
"DRM00078458","PUERTO PLATA, DR","19.75","-70.55","5.0","2024-01-06","76","H,,S",,,,
"DRM00078458","PUERTO PLATA, DR","19.75","-70.55","5.0","2024-01-07","75","H,,S","86",",,S","69",",,S"
"DRM00078458","PUERTO PLATA, DR","19.75","-70.55","5.0","2024-01-08","75","H,,S","86",",,S","68",",,S"
"DRM00078458","PUERTO PLATA, DR","19.75","-70.55","5.0","2024-01-09","76","H,,S","85",",,S","68",",,S"
"DRM00078458","PUERTO PLATA, DR","19.75","-70.55","5.0","2024-01-10","79","H,,S","89",",,S","69",",,S"
"DRM00078458","PUERTO PLATA, DR","19.75","-70.55","5.0","2024-01-11","76","H,,S","89",",,S","69",",,S"
"DRM00078458","PUERTO PLATA, DR","19.75","-70.55","5.0","2024-01-12","78","H,,S","87",",,S","69",",,S"
"DRM00078458","PUERTO PLATA, DR","19.75","-70.55","5.0","2024-01-13","77","H,,S","87",",,S","70",",,S"
"DRM00078458","PUERTO PLATA, DR","19.75","-70.55","5.0","2024-01-14","76","H,,S","87",",,S","70",",,S"
"DRM00078458","PUERTO PLATA, DR","19.75","-70.55","5.0","2024-01-15","78","H,,S","87",",,S","70",",,S"
"DRM00078458","PUERTO PLATA, DR","19.75","-70.55","5.0","2024-01-16","79","H,,S","89",",,S","70",",,S"
"DRM00078458","PUERTO PLATA, DR","19.75","-70.55","5.0","2024-01-17","79","H,,S","89",",,S","72",",,S"
"DRM00078458","PUERTO PLATA, DR","19.75","-70.55","5.0","2024-01-18","78","H,,S","88",",,S","69",",,S"
"DRM00078458","PUERTO PLATA, DR","19.75","-70.55","5.0","2024-01-19","75","H,,S","87",",,S","69",",,S"
"DRM00078458","PUERTO PLATA, DR","19.75","-70.55","5.0","2024-01-20","76","H,,S","87",",,S","69",",,S"
"DRM00078458","PUERTO PLATA, DR","19.75","-70.55","5.0","2024-01-21","76","H,,S","87",",,S","69",",,S"
"DRM00078458","PUERTO PLATA, DR","19.75","-70.55","5.0","2024-01-22","76","H,,S","86",",,S","69",",,S"
"DRM00078458","PUERTO PLATA, DR","19.75","-70.55","5.0","2024-01-23","75","H,,S","83",",,S","71",",,S"
"DRM00078458","PUERTO PLATA, DR","19.75","-70.55","5.0","2024-01-24","75","H,,S","83",",,S","72",",,S"
"DRM00078458","PUERTO PLATA, DR","19.75","-70.55","5.0","2024-01-25","75","H,,S",,,,
"DRM00078458","PUERTO PLATA, DR","19.75","-70.55","5.0","2024-01-26","73","H,,S","82",",,S","70",",,S"
"DRM00078458","PUERTO PLATA, DR","19.75","-70.55","5.0","2024-01-27","75","H,,S",,,,
"DRM00078458","PUERTO PLATA, DR","19.75","-70.55","5.0","2024-01-28","76","H,,S","85",",,S","68",",,S"
"DRM00078458","PUERTO PLATA, DR","19.75","-70.55","5.0","2024-01-29","76","H,,S","87",",,S","68",",,S"
"DRM00078458","PUERTO PLATA, DR","19.75","-70.55","5.0","2024-01-30","73","H,,S","87",",,S","68",",,S"
"DRM00078458","PUERTO PLATA, DR","19.75","-70.55","5.0","2024-01-31","72","H,,S","82",",,S","69",",,S"
"DRM00078458","PUERTO PLATA, DR","19.75","-70.55","5.0","2024-02-01","73","H,,S","82",",,S","68",",,S"
"DRM00078458","PUERTO PLATA, DR","19.75","-70.55","5.0","2024-02-02","73","H,,S","82",",,S","67",",,S"
"DRM00078458","PUERTO PLATA, DR","19.75","-70.55","5.0","2024-02-03","72","H,,S","83",",,S","67",",,S"
"DRM00078458","PUERTO PLATA, DR","19.75","-70.55","5.0","2024-02-04","71","H,,S","83",",,S","68",",,S"
"DRM00078458","PUERTO PLATA, DR","19.75","-70.55","5.0","2024-02-05","76","H,,S","85",",,S","68",",,S"
"DRM00078458","PUERTO PLATA, DR","19.75","-70.55","5.0","2024-02-06","73","H,,S","85",",,S","68",",,S"
"DRM00078458","PUERTO PLATA, DR","19.75","-70.55","5.0","2024-02-07","76","H,,S","84",",,S","68",",,S"
"DRM00078458","PUERTO PLATA, DR","19.75","-70.55","5.0","2024-02-08","73","H,,S","82",",,S","65",",,S"
"DRM00078458","PUERTO PLATA, DR","19.75","-70.55","5.0","2024-02-09","74","H,,S","81",",,S","65",",,S"
"DRM00078458","PUERTO PLATA, DR","19.75","-70.55","5.0","2024-02-10","73","H,,S","81",",,S","65",",,S"
"DRM00078458","PUERTO PLATA, DR","19.75","-70.55","5.0","2024-02-11","71","H,,S","84",",,S","65",",,S"
"DRM00078458","PUERTO PLATA, DR","19.75","-70.55","5.0","2024-02-12","74","H,,S","85",",,S","65",",,S"
"DRM00078458","PUERTO PLATA, DR","19.75","-70.55","5.0","2024-02-13","76","H,,S","85",",,S","66",",,S"
"DRM00078458","PUERTO PLATA, DR","19.75","-70.55","5.0","2024-02-14","78","H,,S","87",",,S","67",",,S"
"DRM00078458","PUERTO PLATA, DR","19.75","-70.55","5.0","2024-02-15","75","H,,S",,,,
"DRM00078458","PUERTO PLATA, DR","19.75","-70.55","5.0","2024-02-16","77","H,,S","85",",,S","66",",,S"
"DRM00078458","PUERTO PLATA, DR","19.75","-70.55","5.0","2024-02-17","76","H,,S","89",",,S","66",",,S"
"DRM00078458","PUERTO PLATA, DR","19.75","-70.55","5.0","2024-02-18","78","H,,S","90",",,S","66",",,S"
"DRM00078458","PUERTO PLATA, DR","19.75","-70.55","5.0","2024-02-19","78","H,,S","91",",,S","67",",,S"
"DRM00078458","PUERTO PLATA, DR","19.75","-70.55","5.0","2024-02-20","76","H,,S","91",",,S","67",",,S"
"DRM00078458","PUERTO PLATA, DR","19.75","-70.55","5.0","2024-02-21","75","H,,S","84",",,S","67",",,S"
"DRM00078458","PUERTO PLATA, DR","19.75","-70.55","5.0","2024-02-22","70","H,,S","79",",,S","65",",,S"
"DRM00078458","PUERTO PLATA, DR","19.75","-70.55","5.0","2024-02-23","72","H,,S","81",",,S","63",",,S"
"DRM00078458","PUERTO PLATA, DR","19.75","-70.55","5.0","2024-02-24","70","H,,S","85",",,S","63",",,S"
"DRM00078458","PUERTO PLATA, DR","19.75","-70.55","5.0","2024-02-25","73","H,,S","85",",,S","63",",,S"
"DRM00078458","PUERTO PLATA, DR","19.75","-70.55","5.0","2024-02-26","76","H,,S","85",",,S","64",",,S"
"DRM00078458","PUERTO PLATA, DR","19.75","-70.55","5.0","2024-02-27","73","H,,S","83",",,S","68",",,S"
"DRM00078458","PUERTO PLATA, DR","19.75","-70.55","5.0","2024-02-28","73","H,,S","81",",,S","68",",,S"
"DRM00078458","PUERTO PLATA, DR","19.75","-70.55","5.0","2024-02-29","74","H,,S","84",",,S","69",",,S"
"DRM00078458","PUERTO PLATA, DR","19.75","-70.55","5.0","2024-03-01","75","H,,S","84",",,S","69",",,S"
"DRM00078458","PUERTO PLATA, DR","19.75","-70.55","5.0","2024-03-02","74","H,,S","83",",,S","69",",,S"
"DRM00078458","PUERTO PLATA, DR","19.75","-70.55","5.0","2024-03-03","74","H,,S","83",",,S","69",",,S"
"DRM00078458","PUERTO PLATA, DR","19.75","-70.55","5.0","2024-03-04","75","H,,S","85",",,S","69",",,S"
"DRM00078458","PUERTO PLATA, DR","19.75","-70.55","5.0","2024-03-05","75","H,,S","84",",,S","66",",,S"
"DRM00078458","PUERTO PLATA, DR","19.75","-70.55","5.0","2024-03-06","74","H,,S","87",",,S","66",",,S"
"DRM00078458","PUERTO PLATA, DR","19.75","-70.55","5.0","2024-03-07","77","H,,S","86",",,S","66",",,S"
"DRM00078458","PUERTO PLATA, DR","19.75","-70.55","5.0","2024-03-08","75","H,,S","86",",,S","69",",,S"
"DRM00078458","PUERTO PLATA, DR","19.75","-70.55","5.0","2024-03-09","79","H,,S","86",",,S","70",",,S"
"DRM00078458","PUERTO PLATA, DR","19.75","-70.55","5.0","2024-03-10","78","H,,S","86",",,S","71",",,S"
"DRM00078458","PUERTO PLATA, DR","19.75","-70.55","5.0","2024-03-11","77","H,,S",,,,
"DRM00078458","PUERTO PLATA, DR","19.75","-70.55","5.0","2024-03-12","77","H,,S","86",",,S","70",",,S"
"DRM00078458","PUERTO PLATA, DR","19.75","-70.55","5.0","2024-03-13","76","H,,S","88",",,S","70",",,S"
"DRM00078458","PUERTO PLATA, DR","19.75","-70.55","5.0","2024-03-14","76","H,,S","88",",,S","68",",,S"
"DRM00078458","PUERTO PLATA, DR","19.75","-70.55","5.0","2024-03-15","78","H,,S","87",",,S","68",",,S"
"DRM00078458","PUERTO PLATA, DR","19.75","-70.55","5.0","2024-03-16","76","H,,S",,,,
"DRM00078458","PUERTO PLATA, DR","19.75","-70.55","5.0","2024-03-17","80","H,,S","90",",,S","72",",,S"
"DRM00078458","PUERTO PLATA, DR","19.75","-70.55","5.0","2024-03-18","79","H,,S","92",",,S","71",",,S"
"DRM00078458","PUERTO PLATA, DR","19.75","-70.55","5.0","2024-03-19","80","H,,S","92",",,S","71",",,S"
"DRM00078458","PUERTO PLATA, DR","19.75","-70.55","5.0","2024-03-20","78","H,,S","89",",,S","71",",,S"
"DRM00078458","PUERTO PLATA, DR","19.75","-70.55","5.0","2024-03-21","77","H,,S","87",",,S","71",",,S"
"DRM00078458","PUERTO PLATA, DR","19.75","-70.55","5.0","2024-03-22","75","H,,S","85",",,S","72",",,S"
"DRM00078458","PUERTO PLATA, DR","19.75","-70.55","5.0","2024-03-23","76","H,,S",,,,
"DRM00078458","PUERTO PLATA, DR","19.75","-70.55","5.0","2024-03-24","78","H,,S","92",",,S","71",",,S"
"DRM00078458","PUERTO PLATA, DR","19.75","-70.55","5.0","2024-03-25","78","H,,S","92",",,S","72",",,S"
"DRM00078458","PUERTO PLATA, DR","19.75","-70.55","5.0","2024-03-26","78","H,,S","84",",,S","72",",,S"
"DRM00078458","PUERTO PLATA, DR","19.75","-70.55","5.0","2024-03-27","73","H,,S","84",",,S","69",",,S"
"DRM00078458","PUERTO PLATA, DR","19.75","-70.55","5.0","2024-04-03","79","H,,S","87",",,S","67",",,S"
"DRM00078458","PUERTO PLATA, DR","19.75","-70.55","5.0","2024-04-04","79","H,,S","88",",,S","69",",,S"
"DRM00078458","PUERTO PLATA, DR","19.75","-70.55","5.0","2024-04-05","78","H,,S",,,,
"DRM00078458","PUERTO PLATA, DR","19.75","-70.55","5.0","2024-04-06","79","H,,S","87",",,S","72",",,S"
"DRM00078458","PUERTO PLATA, DR","19.75","-70.55","5.0","2024-04-07","81","H,,S","89",",,S","72",",,S"
"DRM00078458","PUERTO PLATA, DR","19.75","-70.55","5.0","2024-04-08","77","H,,S","89",",,S","73",",,S"
"DRM00078458","PUERTO PLATA, DR","19.75","-70.55","5.0","2024-04-09","74","H,,S","79",",,S","71",",,S"
"DRM00078458","PUERTO PLATA, DR","19.75","-70.55","5.0","2024-04-10","74","H,,S",,,,
"DRM00078458","PUERTO PLATA, DR","19.75","-70.55","5.0","2024-04-11","79","H,,S","87",",,S","68",",,S"
"DRM00078458","PUERTO PLATA, DR","19.75","-70.55","5.0","2024-04-12","80","H,,S","88",",,S","70",",,S"
"DRM00078458","PUERTO PLATA, DR","19.75","-70.55","5.0","2024-04-13","78","H,,S",,,,
"DRM00078458","PUERTO PLATA, DR","19.75","-70.55","5.0","2024-04-14","78","H,,S",,,,
"DRM00078458","PUERTO PLATA, DR","19.75","-70.55","5.0","2024-04-15","75","H,,S",,,,
"DRM00078458","PUERTO PLATA, DR","19.75","-70.55","5.0","2024-04-16","76","H,,S","83",",,S","71",",,S"
"DRM00078458","PUERTO PLATA, DR","19.75","-70.55","5.0","2024-04-17","75","H,,S","84",",,S","69",",,S"
"DRM00078458","PUERTO PLATA, DR","19.75","-70.55","5.0","2024-04-18","78","H,,S","84",",,S","69",",,S"
"DRM00078458","PUERTO PLATA, DR","19.75","-70.55","5.0","2024-04-19","77","H,,S","84",",,S","70",",,S"
"DRM00078458","PUERTO PLATA, DR","19.75","-70.55","5.0","2024-04-20","76","H,,S","84",",,S","71",",,S"
"DRM00078458","PUERTO PLATA, DR","19.75","-70.55","5.0","2024-04-21","76","H,,S","86",",,S","68",",,S"
"DRM00078458","PUERTO PLATA, DR","19.75","-70.55","5.0","2024-04-22","77","H,,S","87",",,S","68",",,S"
"DRM00078458","PUERTO PLATA, DR","19.75","-70.55","5.0","2024-04-23","81","H,,S","87",",,S","70",",,S"
"DRM00078458","PUERTO PLATA, DR","19.75","-70.55","5.0","2024-04-24","79","H,,S","86",",,S","72",",,S"
"DRM00078458","PUERTO PLATA, DR","19.75","-70.55","5.0","2024-04-25","79","H,,S","86",",,S","73",",,S"
"DRM00078458","PUERTO PLATA, DR","19.75","-70.55","5.0","2024-04-26","79","H,,S","85",",,S","72",",,S"
"DRM00078458","PUERTO PLATA, DR","19.75","-70.55","5.0","2024-04-27","76","H,,S","85",",,S","72",",,S"
"DRM00078458","PUERTO PLATA, DR","19.75","-70.55","5.0","2024-04-28","75","H,,S","82",",,S","72",",,S"
"DRM00078458","PUERTO PLATA, DR","19.75","-70.55","5.0","2024-04-29","77","H,,S","81",",,S","72",",,S"
"DRM00078458","PUERTO PLATA, DR","19.75","-70.55","5.0","2024-04-30","78","H,,S","86",",,S","72",",,S"
"DRM00078458","PUERTO PLATA, DR","19.75","-70.55","5.0","2024-05-02","77","H,,S","85",",,S","72",",,S"
"DRM00078458","PUERTO PLATA, DR","19.75","-70.55","5.0","2024-05-03","78","H,,S","85",",,S","71",",,S"
"DRM00078458","PUERTO PLATA, DR","19.75","-70.55","5.0","2024-05-04","78","H,,S","85",",,S","71",",,S"
"DRM00078458","PUERTO PLATA, DR","19.75","-70.55","5.0","2024-05-05","76","H,,S","86",",,S","71",",,S"
"DRM00078458","PUERTO PLATA, DR","19.75","-70.55","5.0","2024-05-06","80","H,,S","86",",,S","71",",,S"
"DRM00078458","PUERTO PLATA, DR","19.75","-70.55","5.0","2024-05-07","76","H,,S",,,,
"DRM00078458","PUERTO PLATA, DR","19.75","-70.55","5.0","2024-05-08","78","H,,S","87",",,S","72",",,S"
"DRM00078458","PUERTO PLATA, DR","19.75","-70.55","5.0","2024-05-09","79","H,,S","86",",,S","73",",,S"
"DRM00078458","PUERTO PLATA, DR","19.75","-70.55","5.0","2024-05-10","79","H,,S","90",",,S","73",",,S"
"DRM00078458","PUERTO PLATA, DR","19.75","-70.55","5.0","2024-05-11","81","H,,S","90",",,S","73",",,S"
"DRM00078458","PUERTO PLATA, DR","19.75","-70.55","5.0","2024-05-12","81","H,,S","89",",,S","72",",,S"
"DRM00078458","PUERTO PLATA, DR","19.75","-70.55","5.0","2024-05-13","81","H,,S","90",",,S","72",",,S"
"DRM00078458","PUERTO PLATA, DR","19.75","-70.55","5.0","2024-05-14","81","H,,S","90",",,S","73",",,S"
"DRM00078458","PUERTO PLATA, DR","19.75","-70.55","5.0","2024-05-15","83","H,,S","90",",,S","73",",,S"
"DRM00078458","PUERTO PLATA, DR","19.75","-70.55","5.0","2024-05-16","81","H,,S","90",",,S","73",",,S"
"DRM00078458","PUERTO PLATA, DR","19.75","-70.55","5.0","2024-05-17","81","H,,S","90",",,S","73",",,S"
"DRM00078458","PUERTO PLATA, DR","19.75","-70.55","5.0","2024-05-18","79","H,,S","90",",,S","74",",,S"
"DRM00078458","PUERTO PLATA, DR","19.75","-70.55","5.0","2024-05-19","83","H,,S","91",",,S","73",",,S"
"DRM00078458","PUERTO PLATA, DR","19.75","-70.55","5.0","2024-05-20","83","H,,S","94",",,S","74",",,S"
"DRM00078458","PUERTO PLATA, DR","19.75","-70.55","5.0","2024-05-21","83","H,,S","95",",,S","74",",,S"
"DRM00078458","PUERTO PLATA, DR","19.75","-70.55","5.0","2024-05-22","77","H,,S","92",",,S","72",",,S"
"DRM00078458","PUERTO PLATA, DR","19.75","-70.55","5.0","2024-05-23","78","H,,S","91",",,S","72",",,S"
"DRM00078458","PUERTO PLATA, DR","19.75","-70.55","5.0","2024-05-24","81","H,,S","91",",,S","72",",,S"
"DRM00078458","PUERTO PLATA, DR","19.75","-70.55","5.0","2024-05-25","80","H,,S","88",",,S","74",",,S"
"DRM00078458","PUERTO PLATA, DR","19.75","-70.55","5.0","2024-05-26","78","H,,S","90",",,S","73",",,S"
"DRM00078458","PUERTO PLATA, DR","19.75","-70.55","5.0","2024-05-27","81","H,,S","89",",,S","73",",,S"
"DRM00078458","PUERTO PLATA, DR","19.75","-70.55","5.0","2024-05-28","80","H,,S","90",",,S","74",",,S"
"DRM00078458","PUERTO PLATA, DR","19.75","-70.55","5.0","2024-05-29","82","H,,S","90",",,S","76",",,S"
"DRM00078458","PUERTO PLATA, DR","19.75","-70.55","5.0","2024-05-30","81","H,,S","90",",,S","73",",,S"
"DRM00078458","PUERTO PLATA, DR","19.75","-70.55","5.0","2024-05-31","81","H,,S","90",",,S","73",",,S"
"DRM00078458","PUERTO PLATA, DR","19.75","-70.55","5.0","2024-06-01","82","H,,S","92",",,S","75",",,S"
"DRM00078458","PUERTO PLATA, DR","19.75","-70.55","5.0","2024-06-02","80","H,,S","92",",,S","75",",,S"
"DRM00078458","PUERTO PLATA, DR","19.75","-70.55","5.0","2024-06-03","82","H,,S",,,,
"DRM00078458","PUERTO PLATA, DR","19.75","-70.55","5.0","2024-06-04","80","H,,S",,,,
"DRM00078458","PUERTO PLATA, DR","19.75","-70.55","5.0","2024-06-05","80","H,,S","92",",,S","74",",,S"
"DRM00078458","PUERTO PLATA, DR","19.75","-70.55","5.0","2024-06-06","81","H,,S","92",",,S","73",",,S"
"DRM00078458","PUERTO PLATA, DR","19.75","-70.55","5.0","2024-06-07","81","H,,S","90",",,S","73",",,S"
"DRM00078458","PUERTO PLATA, DR","19.75","-70.55","5.0","2024-06-08","83","H,,S","94",",,S","74",",,S"
"DRM00078458","PUERTO PLATA, DR","19.75","-70.55","5.0","2024-06-09","86","H,,S","95",",,S","74",",,S"
"DRM00078458","PUERTO PLATA, DR","19.75","-70.55","5.0","2024-06-10","85","H,,S","98",",,S","75",",,S"
"DRM00078458","PUERTO PLATA, DR","19.75","-70.55","5.0","2024-06-11","85","H,,S","98",",,S","76",",,S"
"DRM00078458","PUERTO PLATA, DR","19.75","-70.55","5.0","2024-06-12","83","H,,S","94",",,S","76",",,S"
"DRM00078458","PUERTO PLATA, DR","19.75","-70.55","5.0","2024-06-13","83","H,,S","94",",,S","76",",,S"
"DRM00078458","PUERTO PLATA, DR","19.75","-70.55","5.0","2024-06-14","84","H,,S","94",",,S","76",",,S"
"DRM00078458","PUERTO PLATA, DR","19.75","-70.55","5.0","2024-06-15","83","H,,S","94",",,S","75",",,S"
"DRM00078458","PUERTO PLATA, DR","19.75","-70.55","5.0","2024-06-16","83","H,,S","93",",,S","75",",,S"
"DRM00078458","PUERTO PLATA, DR","19.75","-70.55","5.0","2024-06-17","83","H,,S","91",",,S","74",",,S"
"DRM00078458","PUERTO PLATA, DR","19.75","-70.55","5.0","2024-06-18","80","H,,S","90",",,S","74",",,S"
"DRM00078458","PUERTO PLATA, DR","19.75","-70.55","5.0","2024-06-19","79","H,,S",,,,
"DRM00078458","PUERTO PLATA, DR","19.75","-70.55","5.0","2024-06-20","82","H,,S","93",",,S","72",",,S"
"DRM00078458","PUERTO PLATA, DR","19.75","-70.55","5.0","2024-06-21","82","H,,S","92",",,S","75",",,S"
"DRM00078458","PUERTO PLATA, DR","19.75","-70.55","5.0","2024-06-22","82","H,,S","90",",,S","76",",,S"
"DRM00078458","PUERTO PLATA, DR","19.75","-70.55","5.0","2024-06-23","81","H,,S","90",",,S","74",",,S"
"DRM00078458","PUERTO PLATA, DR","19.75","-70.55","5.0","2024-06-24","83","H,,S","93",",,S","74",",,S"
"DRM00078458","PUERTO PLATA, DR","19.75","-70.55","5.0","2024-06-25","85","H,,S","95",",,S","75",",,S"
"DRM00078458","PUERTO PLATA, DR","19.75","-70.55","5.0","2024-06-26","83","H,,S","95",",,S","77",",,S"
"DRM00078458","PUERTO PLATA, DR","19.75","-70.55","5.0","2024-06-27","86","H,,S",,,,
"DRM00078458","PUERTO PLATA, DR","19.75","-70.55","5.0","2024-06-28","83","H,,S","97",",,S","75",",,S"
"DRM00078458","PUERTO PLATA, DR","19.75","-70.55","5.0","2024-06-29","83","H,,S",,,,
"DRM00078458","PUERTO PLATA, DR","19.75","-70.55","5.0","2024-06-30","82","H,,S",,,,
"DRM00078458","PUERTO PLATA, DR","19.75","-70.55","5.0","2024-07-01","84","H,,S","93",",,S","75",",,S"
"DRM00078458","PUERTO PLATA, DR","19.75","-70.55","5.0","2024-07-02","82","H,,S","94",",,S","75",",,S"
"DRM00078458","PUERTO PLATA, DR","19.75","-70.55","5.0","2024-07-03","81","H,,S","90",",,S","76",",,S"
"DRM00078458","PUERTO PLATA, DR","19.75","-70.55","5.0","2024-07-04","82","H,,S","90",",,S","76",",,S"
"DRM00078458","PUERTO PLATA, DR","19.75","-70.55","5.0","2024-07-05","83","H,,S","92",",,S","75",",,S"
"DRM00078458","PUERTO PLATA, DR","19.75","-70.55","5.0","2024-07-06","83","H,,S","92",",,S","75",",,S"
"DRM00078458","PUERTO PLATA, DR","19.75","-70.55","5.0","2024-07-07","84","H,,S","94",",,S","75",",,S"
"DRM00078458","PUERTO PLATA, DR","19.75","-70.55","5.0","2024-07-08","83","H,,S","94",",,S","75",",,S"
"DRM00078458","PUERTO PLATA, DR","19.75","-70.55","5.0","2024-07-09","82","H,,S",,,,
"DRM00078458","PUERTO PLATA, DR","19.75","-70.55","5.0","2024-07-10","81","H,,S","93",",,S","77",",,S"
"DRM00078458","PUERTO PLATA, DR","19.75","-70.55","5.0","2024-07-11","83","H,,S","93",",,S","75",",,S"
"DRM00078458","PUERTO PLATA, DR","19.75","-70.55","5.0","2024-07-12","82","H,,S","90",",,S","74",",,S"
"DRM00078458","PUERTO PLATA, DR","19.75","-70.55","5.0","2024-07-13","80","H,,S","92",",,S","74",",,S"
"DRM00078458","PUERTO PLATA, DR","19.75","-70.55","5.0","2024-07-14","79","H,,S","89",",,S","74",",,S"
"DRM00078458","PUERTO PLATA, DR","19.75","-70.55","5.0","2024-07-15","82","H,,S","90",",,S","74",",,S"
"DRM00078458","PUERTO PLATA, DR","19.75","-70.55","5.0","2024-07-16","82","H,,S","90",",,S","72",",,S"
"DRM00078458","PUERTO PLATA, DR","19.75","-70.55","5.0","2024-07-17","82","H,,S","91",",,S","72",",,S"
"DRM00078458","PUERTO PLATA, DR","19.75","-70.55","5.0","2024-07-18","82","H,,S","91",",,S","73",",,S"
"DRM00078458","PUERTO PLATA, DR","19.75","-70.55","5.0","2024-07-19","82","H,,S","91",",,S","75",",,S"
"DRM00078458","PUERTO PLATA, DR","19.75","-70.55","5.0","2024-07-20","79","H,,S",,,,
"DRM00078458","PUERTO PLATA, DR","19.75","-70.55","5.0","2024-07-21","82","H,,S","90",",,S","75",",,S"
"DRM00078458","PUERTO PLATA, DR","19.75","-70.55","5.0","2024-07-22","80","H,,S","90",",,S","75",",,S"
"DRM00078458","PUERTO PLATA, DR","19.75","-70.55","5.0","2024-07-23","82","H,,S","89",",,S","76",",,S"
"DRM00078458","PUERTO PLATA, DR","19.75","-70.55","5.0","2024-07-24","83","H,,S","90",",,S","76",",,S"
"DRM00078458","PUERTO PLATA, DR","19.75","-70.55","5.0","2024-07-25","82","H,,S","91",",,S","74",",,S"
"DRM00078458","PUERTO PLATA, DR","19.75","-70.55","5.0","2024-07-26","84","H,,S","91",",,S","74",",,S"
"DRM00078458","PUERTO PLATA, DR","19.75","-70.55","5.0","2024-07-27","84","H,,S","91",",,S","76",",,S"
"DRM00078458","PUERTO PLATA, DR","19.75","-70.55","5.0","2024-07-28","83","H,,S","91",",,S","76",",,S"
"DRM00078458","PUERTO PLATA, DR","19.75","-70.55","5.0","2024-07-29","82","H,,S",,,,
"DRM00078458","PUERTO PLATA, DR","19.75","-70.55","5.0","2024-07-30","83","H,,S","91",",,S","75",",,S"
"DRM00078458","PUERTO PLATA, DR","19.75","-70.55","5.0","2024-07-31","83","H,,S","91",",,S","75",",,S"
"DRM00078458","PUERTO PLATA, DR","19.75","-70.55","5.0","2024-08-01","79","H,,S","90",",,S","75",",,S"
"DRM00078458","PUERTO PLATA, DR","19.75","-70.55","5.0","2024-08-02","80","H,,S","91",",,S","75",",,S"
"DRM00078458","PUERTO PLATA, DR","19.75","-70.55","5.0","2024-08-03","82","H,,S","91",",,S","75",",,S"
"DRM00078458","PUERTO PLATA, DR","19.75","-70.55","5.0","2024-08-04","83","H,,S","91",",,S","75",",,S"
"DRM00078458","PUERTO PLATA, DR","19.75","-70.55","5.0","2024-08-05","82","H,,S","90",",,S","75",",,S"
"DRM00078458","PUERTO PLATA, DR","19.75","-70.55","5.0","2024-08-06","84","H,,S","92",",,S","76",",,S"
"DRM00078458","PUERTO PLATA, DR","19.75","-70.55","5.0","2024-08-07","84","H,,S","93",",,S","76",",,S"
"DRM00078458","PUERTO PLATA, DR","19.75","-70.55","5.0","2024-08-08","84","H,,S","93",",,S","76",",,S"
"DRM00078458","PUERTO PLATA, DR","19.75","-70.55","5.0","2024-08-09","83","H,,S","93",",,S","76",",,S"
"DRM00078458","PUERTO PLATA, DR","19.75","-70.55","5.0","2024-08-10","84","H,,S","91",",,S","76",",,S"
"DRM00078458","PUERTO PLATA, DR","19.75","-70.55","5.0","2024-08-11","80","H,,S",,,,
"DRM00078458","PUERTO PLATA, DR","19.75","-70.55","5.0","2024-08-13","83","H,,S",,,,
"DRM00078458","PUERTO PLATA, DR","19.75","-70.55","5.0","2024-08-14","82","H,,S","90",",,S","76",",,S"
"DRM00078458","PUERTO PLATA, DR","19.75","-70.55","5.0","2024-08-15","84","H,,S","91",",,S","76",",,S"
"DRM00078458","PUERTO PLATA, DR","19.75","-70.55","5.0","2024-08-16","84","H,,S","91",",,S","77",",,S"
"DRM00078458","PUERTO PLATA, DR","19.75","-70.55","5.0","2024-08-17","84","H,,S","92",",,S","77",",,S"
"DRM00078458","PUERTO PLATA, DR","19.75","-70.55","5.0","2024-08-18","83","H,,S","92",",,S","75",",,S"
"DRM00078458","PUERTO PLATA, DR","19.75","-70.55","5.0","2024-08-19","81","H,,S","94",",,S","72",",,S"
"DRM00078458","PUERTO PLATA, DR","19.75","-70.55","5.0","2024-08-20","85","H,,S","95",",,S","72",",,S"
"DRM00078458","PUERTO PLATA, DR","19.75","-70.55","5.0","2024-08-21","84","H,,S","95",",,S","77",",,S"
"DRM00078458","PUERTO PLATA, DR","19.75","-70.55","5.0","2024-08-22","80","H,,S","92",",,S","73",",,S"
"DRM00078458","PUERTO PLATA, DR","19.75","-70.55","5.0","2024-08-23","83","H,,S","91",",,S","73",",,S"
"DRM00078458","PUERTO PLATA, DR","19.75","-70.55","5.0","2024-08-24","83","H,,S",,,,
"DRM00078458","PUERTO PLATA, DR","19.75","-70.55","5.0","2024-08-25","83","H,,S","91",",,S","77",",,S"
"DRM00078458","PUERTO PLATA, DR","19.75","-70.55","5.0","2024-08-26","82","H,,S","91",",,S","75",",,S"
"DRM00078458","PUERTO PLATA, DR","19.75","-70.55","5.0","2024-08-27","83","H,,S","91",",,S","74",",,S"
"DRM00078458","PUERTO PLATA, DR","19.75","-70.55","5.0","2024-08-28","82","H,,S","92",",,S","74",",,S"
"DRM00078458","PUERTO PLATA, DR","19.75","-70.55","5.0","2024-08-29","81","H,,S","92",",,S","74",",,S"
"DRM00078458","PUERTO PLATA, DR","19.75","-70.55","5.0","2024-08-30","82","H,,S","92",",,S","74",",,S"
"DRM00078458","PUERTO PLATA, DR","19.75","-70.55","5.0","2024-08-31","82","H,,S","92",",,S","74",",,S"
"DRM00078458","PUERTO PLATA, DR","19.75","-70.55","5.0","2024-09-01","82","H,,S","92",",,S","75",",,S"
"DRM00078458","PUERTO PLATA, DR","19.75","-70.55","5.0","2024-09-02","81","H,,S","91",",,S","76",",,S"
"DRM00078458","PUERTO PLATA, DR","19.75","-70.55","5.0","2024-09-03","81","H,,S","91",",,S","76",",,S"
"DRM00078458","PUERTO PLATA, DR","19.75","-70.55","5.0","2024-09-04","82","H,,S",,,,
"DRM00078458","PUERTO PLATA, DR","19.75","-70.55","5.0","2024-09-05","82","H,,S","92",",,S","74",",,S"
"DRM00078458","PUERTO PLATA, DR","19.75","-70.55","5.0","2024-09-06","82","H,,S","90",",,S","74",",,S"
"DRM00078458","PUERTO PLATA, DR","19.75","-70.55","5.0","2024-09-07","83","H,,S","92",",,S","74",",,S"
"DRM00078458","PUERTO PLATA, DR","19.75","-70.55","5.0","2024-09-08","84","H,,S","94",",,S","74",",,S"
"DRM00078458","PUERTO PLATA, DR","19.75","-70.55","5.0","2024-09-09","82","H,,S","94",",,S","75",",,S"
"DRM00078458","PUERTO PLATA, DR","19.75","-70.55","5.0","2024-09-10","83","H,,S","91",",,S","75",",,S"
"DRM00078458","PUERTO PLATA, DR","19.75","-70.55","5.0","2024-09-11","83","H,,S","91",",,S","75",",,S"
"DRM00078458","PUERTO PLATA, DR","19.75","-70.55","5.0","2024-09-12","84","H,,S","94",",,S","75",",,S"
"DRM00078458","PUERTO PLATA, DR","19.75","-70.55","5.0","2024-09-13","80","H,,S","94",",,S","75",",,S"
"DRM00078458","PUERTO PLATA, DR","19.75","-70.55","5.0","2024-09-14","85","H,,S","97",",,S","75",",,S"
"DRM00078458","PUERTO PLATA, DR","19.75","-70.55","5.0","2024-09-15","86","H,,S","99",",,S","76",",,S"
"DRM00078458","PUERTO PLATA, DR","19.75","-70.55","5.0","2024-09-16","86","H,,S","99",",,S","76",",,S"
"DRM00078458","PUERTO PLATA, DR","19.75","-70.55","5.0","2024-09-17","84","H,,S","98",",,S","78",",,S"
"DRM00078458","PUERTO PLATA, DR","19.75","-70.55","5.0","2024-09-18","85","H,,S","96",",,S","76",",,S"
"DRM00078458","PUERTO PLATA, DR","19.75","-70.55","5.0","2024-09-19","85","H,,S","95",",,S","76",",,S"
"DRM00078458","PUERTO PLATA, DR","19.75","-70.55","5.0","2024-09-20","84","H,,S",,,,
"DRM00078458","PUERTO PLATA, DR","19.75","-70.55","5.0","2024-09-21","84","H,,S","96",",,S","75",",,S"
"DRM00078458","PUERTO PLATA, DR","19.75","-70.55","5.0","2024-09-22","83","H,,S","93",",,S","75",",,S"
"DRM00078458","PUERTO PLATA, DR","19.75","-70.55","5.0","2024-09-23","79","H,,S","92",",,S","74",",,S"
"DRM00078458","PUERTO PLATA, DR","19.75","-70.55","5.0","2024-09-24","83","H,,S",,,,
"DRM00078458","PUERTO PLATA, DR","19.75","-70.55","5.0","2024-09-25","84","H,,S","94",",,S","76",",,S"
"DRM00078458","PUERTO PLATA, DR","19.75","-70.55","5.0","2024-09-26","84","H,,S","94",",,S","76",",,S"
"DRM00078458","PUERTO PLATA, DR","19.75","-70.55","5.0","2024-09-27","83","H,,S","94",",,S","77",",,S"
"DRM00078458","PUERTO PLATA, DR","19.75","-70.55","5.0","2024-09-28","82","H,,S","94",",,S","77",",,S"
"DRM00078458","PUERTO PLATA, DR","19.75","-70.55","5.0","2024-09-29","83","H,,S","90",",,S","76",",,S"
"DRM00078458","PUERTO PLATA, DR","19.75","-70.55","5.0","2024-09-30","80","H,,S","92",",,S","76",",,S"
"DRM00078458","PUERTO PLATA, DR","19.75","-70.55","5.0","2024-10-01","79","H,,S","92",",,S","74",",,S"
"DRM00078458","PUERTO PLATA, DR","19.75","-70.55","5.0","2024-10-02","83","H,,S","92",",,S","74",",,S"
"DRM00078458","PUERTO PLATA, DR","19.75","-70.55","5.0","2024-10-03","84","H,,S","91",",,S","74",",,S"
"DRM00078458","PUERTO PLATA, DR","19.75","-70.55","5.0","2024-10-04","83","H,,S","90",",,S","75",",,S"
"DRM00078458","PUERTO PLATA, DR","19.75","-70.55","5.0","2024-10-05","81","H,,S","90",",,S","76",",,S"
"DRM00078458","PUERTO PLATA, DR","19.75","-70.55","5.0","2024-10-06","82","H,,S","90",",,S","75",",,S"
"DRM00078458","PUERTO PLATA, DR","19.75","-70.55","5.0","2024-10-07","82","H,,S","91",",,S","75",",,S"
"DRM00078458","PUERTO PLATA, DR","19.75","-70.55","5.0","2024-10-08","84","H,,S","91",",,S","75",",,S"
"DRM00078458","PUERTO PLATA, DR","19.75","-70.55","5.0","2024-10-09","82","H,,S","91",",,S","76",",,S"
"DRM00078458","PUERTO PLATA, DR","19.75","-70.55","5.0","2024-10-10","81","H,,S","92",",,S","76",",,S"
"DRM00078458","PUERTO PLATA, DR","19.75","-70.55","5.0","2024-10-11","83","H,,S",,,,
"DRM00078458","PUERTO PLATA, DR","19.75","-70.55","5.0","2024-10-12","85","H,,S","93",",,S","77",",,S"
"DRM00078458","PUERTO PLATA, DR","19.75","-70.55","5.0","2024-10-13","80","H,,S","96",",,S","75",",,S"
"DRM00078458","PUERTO PLATA, DR","19.75","-70.55","5.0","2024-10-14","85","H,,S","97",",,S","75",",,S"
"DRM00078458","PUERTO PLATA, DR","19.75","-70.55","5.0","2024-10-15","83","H,,S","97",",,S","74",",,S"
"DRM00078458","PUERTO PLATA, DR","19.75","-70.55","5.0","2024-10-16","84","H,,S","96",",,S","74",",,S"
"DRM00078458","PUERTO PLATA, DR","19.75","-70.55","5.0","2024-10-17","83","H,,S","96",",,S","75",",,S"
"DRM00078458","PUERTO PLATA, DR","19.75","-70.55","5.0","2024-10-18","84","H,,S","92",",,S","75",",,S"
"DRM00078458","PUERTO PLATA, DR","19.75","-70.55","5.0","2024-10-19","83","H,,S","91",",,S","75",",,S"
"DRM00078458","PUERTO PLATA, DR","19.75","-70.55","5.0","2024-10-20","83","H,,S","95",",,S","76",",,S"
"DRM00078458","PUERTO PLATA, DR","19.75","-70.55","5.0","2024-10-21","85","H,,S","97",",,S","76",",,S"
"DRM00078458","PUERTO PLATA, DR","19.75","-70.55","5.0","2024-10-22","83","H,,S","97",",,S","77",",,S"
"DRM00078458","PUERTO PLATA, DR","19.75","-70.55","5.0","2024-10-23","81","H,,S","93",",,S","75",",,S"
"DRM00078458","PUERTO PLATA, DR","19.75","-70.55","5.0","2024-10-24","81","H,,S","92",",,S","75",",,S"
"DRM00078458","PUERTO PLATA, DR","19.75","-70.55","5.0","2024-10-25","80","H,,S","90",",,S","75",",,S"
"DRM00078458","PUERTO PLATA, DR","19.75","-70.55","5.0","2024-10-26","78","H,,S","91",",,S","73",",,S"
"DRM00078458","PUERTO PLATA, DR","19.75","-70.55","5.0","2024-10-27","79","H,,S","89",",,S","73",",,S"
"DRM00078458","PUERTO PLATA, DR","19.75","-70.55","5.0","2024-10-28","79","H,,S","87",",,S","75",",,S"
"DRM00078458","PUERTO PLATA, DR","19.75","-70.55","5.0","2024-10-29","81","H,,S","87",",,S","75",",,S"
"DRM00078458","PUERTO PLATA, DR","19.75","-70.55","5.0","2024-10-30","76","H,,S","86",",,S","72",",,S"
"DRM00078458","PUERTO PLATA, DR","19.75","-70.55","5.0","2024-10-31","73","H,,S","86",",,S","71",",,S"
"DRM00078458","PUERTO PLATA, DR","19.75","-70.55","5.0","2024-11-01","74","H,,S","85",",,S","68",",,S"
"DRM00078458","PUERTO PLATA, DR","19.75","-70.55","5.0","2024-11-02","75","H,,S","83",",,S","68",",,S"
"DRM00078458","PUERTO PLATA, DR","19.75","-70.55","5.0","2024-11-03","77","H,,S","86",",,S","70",",,S"
"DRM00078458","PUERTO PLATA, DR","19.75","-70.55","5.0","2024-11-04","78","H,,S",,,,
"DRM00078458","PUERTO PLATA, DR","19.75","-70.55","5.0","2024-11-05","81","H,,S","92",",,S","73",",,S"
"DRM00078458","PUERTO PLATA, DR","19.75","-70.55","5.0","2024-11-06","79","H,,S","92",",,S","75",",,S"
"DRM00078458","PUERTO PLATA, DR","19.75","-70.55","5.0","2024-11-07","77","H,,S","86",",,S","73",",,S"
"DRM00078458","PUERTO PLATA, DR","19.75","-70.55","5.0","2024-11-08","76","H,,S",,,,
"DRM00078458","PUERTO PLATA, DR","19.75","-70.55","5.0","2024-11-09","80","H,,S","89",",,S","70",",,S"
"DRM00078458","PUERTO PLATA, DR","19.75","-70.55","5.0","2024-11-10","75","H,,S","89",",,S","70",",,S"
"DRM00078458","PUERTO PLATA, DR","19.75","-70.55","5.0","2024-11-11","78","H,,S","89",",,S","70",",,S"
"DRM00078458","PUERTO PLATA, DR","19.75","-70.55","5.0","2024-11-12","78","H,,S","89",",,S","72",",,S"
"DRM00078458","PUERTO PLATA, DR","19.75","-70.55","5.0","2024-11-13","79","H,,S","89",",,S","73",",,S"
"DRM00078458","PUERTO PLATA, DR","19.75","-70.55","5.0","2024-11-14","76","H,,S","89",",,S","71",",,S"
"DRM00078458","PUERTO PLATA, DR","19.75","-70.55","5.0","2024-11-15","75","H,,S","81",",,S","71",",,S"
"DRM00078458","PUERTO PLATA, DR","19.75","-70.55","5.0","2024-11-16","78","H,,S","87",",,S","73",",,S"
"DRM00078458","PUERTO PLATA, DR","19.75","-70.55","5.0","2024-11-17","77","H,,S","87",",,S","72",",,S"
"DRM00078458","PUERTO PLATA, DR","19.75","-70.55","5.0","2024-11-22","78","H,,S","90",",,S","68",",,S"
"DRM00078458","PUERTO PLATA, DR","19.75","-70.55","5.0","2024-11-23","75","H,,S","90",",,S","69",",,S"
"DRM00078458","PUERTO PLATA, DR","19.75","-70.55","5.0","2024-11-24","76","H,,S","85",",,S","71",",,S"
"DRM00078458","PUERTO PLATA, DR","19.75","-70.55","5.0","2024-11-25","77","H,,S","89",",,S","70",",,S"
"DRM00078458","PUERTO PLATA, DR","19.75","-70.55","5.0","2024-11-26","77","H,,S","90",",,S","70",",,S"
"DRM00078458","PUERTO PLATA, DR","19.75","-70.55","5.0","2024-11-27","78","H,,S","87",",,S","72",",,S"
"DRM00078458","PUERTO PLATA, DR","19.75","-70.55","5.0","2024-11-28","78","H,,S","87",",,S","73",",,S"
"DRM00078458","PUERTO PLATA, DR","19.75","-70.55","5.0","2024-11-29","81","H,,S",,,,
"DRM00078458","PUERTO PLATA, DR","19.75","-70.55","5.0","2024-11-30","80","H,,S","90",",,S","73",",,S"
"DRM00078458","PUERTO PLATA, DR","19.75","-70.55","5.0","2024-12-02","78","H,,S","90",",,S","71",",,S"
"DRM00078458","PUERTO PLATA, DR","19.75","-70.55","5.0","2024-12-03","78","H,,S","90",",,S","71",",,S"
"DRM00078458","PUERTO PLATA, DR","19.75","-70.55","5.0","2024-12-04","76","H,,S","89",",,S","71",",,S"
"DRM00078458","PUERTO PLATA, DR","19.75","-70.55","5.0","2024-12-05","76","H,,S","85",",,S","70",",,S"
"DRM00078458","PUERTO PLATA, DR","19.75","-70.55","5.0","2024-12-06","78","H,,S","87",",,S","70",",,S"
"DRM00078458","PUERTO PLATA, DR","19.75","-70.55","5.0","2024-12-07","78","H,,S","87",",,S","71",",,S"
"DRM00078458","PUERTO PLATA, DR","19.75","-70.55","5.0","2024-12-08","79","H,,S","87",",,S","71",",,S"
"DRM00078458","PUERTO PLATA, DR","19.75","-70.55","5.0","2024-12-09","76","H,,S","87",",,S","72",",,S"
"DRM00078458","PUERTO PLATA, DR","19.75","-70.55","5.0","2024-12-10","76","H,,S","84",",,S","71",",,S"
"DRM00078458","PUERTO PLATA, DR","19.75","-70.55","5.0","2024-12-11","78","H,,S","86",",,S","70",",,S"
"DRM00078458","PUERTO PLATA, DR","19.75","-70.55","5.0","2024-12-12","78","H,,S","86",",,S","70",",,S"
"DRM00078458","PUERTO PLATA, DR","19.75","-70.55","5.0","2024-12-13","76","H,,S","86",",,S","68",",,S"
"DRM00078458","PUERTO PLATA, DR","19.75","-70.55","5.0","2024-12-14","75","H,,S","84",",,S","68",",,S"
"DRM00078458","PUERTO PLATA, DR","19.75","-70.55","5.0","2024-12-15","76","H,,S","89",",,S","70",",,S"
"DRM00078458","PUERTO PLATA, DR","19.75","-70.55","5.0","2024-12-16","77","H,,S","89",",,S","71",",,S"
"DRM00078458","PUERTO PLATA, DR","19.75","-70.55","5.0","2024-12-17","76","H,,S","88",",,S","70",",,S"
"DRM00078458","PUERTO PLATA, DR","19.75","-70.55","5.0","2024-12-18","76","H,,S","87",",,S","70",",,S"
"DRM00078458","PUERTO PLATA, DR","19.75","-70.55","5.0","2024-12-20","79","H,,S","90",",,S","71",",,S"
"DRM00078458","PUERTO PLATA, DR","19.75","-70.55","5.0","2024-12-21","77","H,,S","90",",,S","70",",,S"
"DRM00078458","PUERTO PLATA, DR","19.75","-70.55","5.0","2024-12-22","76","H,,S","86",",,S","70",",,S"
"DRM00078458","PUERTO PLATA, DR","19.75","-70.55","5.0","2024-12-23","74","H,,S","84",",,S","70",",,S"
"DRM00078458","PUERTO PLATA, DR","19.75","-70.55","5.0","2024-12-24","76","H,,S","84",",,S","70",",,S"
"DRM00078458","PUERTO PLATA, DR","19.75","-70.55","5.0","2024-12-25","77","H,,S","85",",,S","70",",,S"
"DRM00078458","PUERTO PLATA, DR","19.75","-70.55","5.0","2024-12-26","78","H,,S","85",",,S","71",",,S"
"DRM00078458","PUERTO PLATA, DR","19.75","-70.55","5.0","2024-12-27","76","H,,S","85",",,S","68",",,S"
"DRM00078458","PUERTO PLATA, DR","19.75","-70.55","5.0","2024-12-28","76","H,,S","83",",,S","68",",,S"
"DRM00078458","PUERTO PLATA, DR","19.75","-70.55","5.0","2024-12-29","75","H,,S","83",",,S","69",",,S"
"DRM00078458","PUERTO PLATA, DR","19.75","-70.55","5.0","2024-12-30","72","H,,S","83",",,S","64",",,S"
"DRM00078458","PUERTO PLATA, DR","19.75","-70.55","5.0","2024-12-31","72","H,,S","83",",,S","64",",,S"
